ID Client;Âge;Situation;Revenu mensuel €;Produits détenus;Crédit en cours;Épargne €
C001;22;Étudiant;850;Compte courant, Carte Jeune;Non;200
C002;45;Employé;1600;Compte, Assurance Habitation;Oui (Crédit auto);500
C003;34;Entrepreneur local;2100;Compte, Carte pro;Oui (Micro-crédit);1200
C004;67;Retraité;1400;Compte, Livret A;Non;8000
C005;29;Sans emploi;1000;Compte, Carte de retrait;Non;100
C006;51;Fonctionnaire;2400;Compte, Assurance vie;Oui (Crédit immo);12000
C007;38;Employé;1800;Compte, Carte bancaire;Non;1500
C008;19;Étudiant;700;Compte, Carte jeune;Non;50
C009;42;Artisan;1950;Compte, Carte pro, Crédit micro-entreprise;Oui;0
C010;58;Retraité;1300;Compte, Livret A;Non;6000
C011;27;Employé;1500;Compte, Assurance santé;Oui (Crédit conso);300
C012;36;Sans emploi;1100;Compte;Non;100
C013;23;Sans emploi;784;Compte de base, Carte de retrait, Livret A, Banque en ligne;Non;430
C014;20;Étudiant;827;Compte jeune, Carte bancaire, Livret A, Alerte SMS;Non;710
C015;40;Commerçant;2897;Compte, Mastercard Business, Compte sur livret;Oui (Micro-crédit);16930
C016;44;Fonctionnaire;4202;Compte, Carte bancaire, Assurance vie;Non;48610
C017;39;Employé;3626;Compte joint, Carte bancaire, LDDS;Oui (Crédit conso);13330
C018;52;Employé;3301;Compte, Visa Classic, Assurance vie, Assurance habitation, Paiement sans contact;Oui (Crédit conso);17540
C019;43;Employé;2793;Compte premium, Visa Classic, LDDS;Non;15280
C020;47;Entrepreneur local;4847;Compte pro, Mastercard Business, Compte sur livret, Virement instantané;Non;33640
C021;32;Entrepreneur local;4936;Compte professionnel, Mastercard Business, Compte sur livret, Banque en ligne;Non;32830
C022;38;Fonctionnaire;3086;Compte premium, Visa Classic, Livret A;Oui (Crédit immo);24730
C023;64;Retraité;1943;Compte, Carte de retrait, Livret A, Assurance vie;Oui (Crédit santé);24480
C024;28;Employé;3750;Compte, Carte premium, LDDS, Assurance santé;Non;10350
C025;79;Retraité;2010;Compte courant, Carte de retrait, Compte sur livret, Protection des moyens de paiement;Non;16110
C026;18;Étudiant;779;Compte courant, Carte Jeune, Livret A, Banque en ligne;Non;310
C027;33;Sans emploi;682;Compte de base, Carte bancaire, Compte sur livret, Banque en ligne;Non;720
C028;50;Employé;1852;Compte, Carte bancaire, Assurance vie, Banque en ligne;Non;5420
C029;44;Entrepreneur local;4436;Compte, Carte pro, Compte sur livret;Oui (Micro-crédit);27870
C030;40;Employé;2397;Compte, Visa Classic, Plan épargne logement, Assurance santé;Non;12530
C031;49;Fonctionnaire;3752;Compte courant, Mastercard, Livret A;Non;38590
C032;23;Étudiant;756;Compte jeune, Carte Jeune, Banque en ligne;Non;1020
C033;51;Employé;2478;Compte, Carte premium, Assurance vie, Paiement sans contact;Non;8960
C034;31;Employé;3222;Compte, Carte bancaire, Livret A, Assurance habitation;Non;8130
C035;29;Employé;2473;Compte joint, Carte bancaire, Assurance vie, Banque en ligne;Oui (Crédit conso);7180
C036;51;Artisan;2962;Compte pro, Visa Business, Compte à terme, Terminal de paiement;Oui (Micro-crédit);18940
C037;22;Étudiant;650;Compte, Carte Jeune, Compte sur livret, Paiement sans contact;Oui (Crédit étudiant);1040
C038;43;Fonctionnaire;2713;Compte premium, Carte bancaire, LDDS;Oui (Crédit auto);16770
C039;73;Retraité;2950;Compte courant, Carte bancaire, Assurance vie, Protection des moyens de paiement;Non;48670
C040;40;Fonctionnaire;3767;Compte courant, Mastercard, Livret A, Assurance habitation;Non;22210
C041;41;Fonctionnaire;3111;Compte courant, Visa Classic, LDDS, Assurance santé;Non;41350
C042;43;Employé;2800;Compte joint, Carte bancaire, Assurance vie, Assurance santé, Paiement sans contact;Non;11670
C043;38;Fonctionnaire;3653;Compte joint, Visa Classic, Plan épargne logement, Protection des moyens de paiement;Non;46410
C044;35;Fonctionnaire;3359;Compte premium, Mastercard, Livret A;Non;22750
C045;38;Employé;2590;Compte premium, Visa Classic, Assurance vie, Assurance habitation;Oui (Crédit conso);6840
C046;44;Fonctionnaire;3147;Compte courant, Carte premium, LDDS;Non;30070
C047;62;Retraité;2543;Compte senior, Carte bancaire, Assurance vie, Assurance santé;Non;30650
C048;41;Fonctionnaire;4276;Compte joint, Carte premium, LDDS, Banque en ligne;Non;45240
C049;48;Employé;3316;Compte courant, Carte bancaire, Plan épargne logement;Non;15920
C050;54;Cadre;5912;Compte joint, Carte bancaire, PEA;Non;80230
C051;47;Employé;2952;Compte courant, Mastercard, Livret A, Assurance habitation;Oui (Crédit conso + Crédit immo);6870
C052;38;Employé;2665;Compte, Visa Classic, Plan épargne logement;Non;13920
C053;52;Artisan;3787;Compte courant, Carte bancaire, Assurance vie, Terminal de paiement;Oui (Crédit professionnel);5720
C054;44;Employé;2809;Compte, Carte premium, Livret A, Assurance santé, Alerte SMS;Oui (Crédit conso);7000
C055;37;Employé;2900;Compte premium, Mastercard, Plan épargne logement, Protection des moyens de paiement, Alerte SMS;Oui (Crédit conso);7870
C056;26;Étudiant;464;Compte jeune, Carte Jeune, Livret A, Paiement sans contact, Banque en ligne;Oui (Crédit étudiant);400
C057;42;Employé;4091;Compte courant, Mastercard, Livret A;Non;26490
C058;53;Employé;2357;Compte courant, Carte bancaire, Assurance vie;Non;5740
C059;52;Indépendant;4185;Compte professionnel, Carte pro, Compte à terme, Banque en ligne;Non;13690
C060;47;Commerçant;5529;Compte courant, Carte pro, Compte à terme, Banque en ligne;Non;48540
C061;70;Retraité;2606;Compte, Carte senior, Assurance vie;Non;32990
C062;40;Employé;2653;Compte joint, Mastercard, Assurance vie;Non;7780
C063;38;Employé;3068;Compte premium, Carte premium, Livret A, Assurance santé;Oui (Crédit conso);9470
C064;75;Retraité;2169;Compte senior, Carte senior, Compte sur livret, Assurance santé, Banque en ligne;Non;19340
C065;56;Fonctionnaire;3805;Compte joint, Mastercard, Assurance vie;Oui (Crédit conso);21850
C066;36;Employé;3340;Compte joint, Visa Classic, Plan épargne logement, Assurance habitation;Oui (Crédit auto);12360
C067;37;Entrepreneur local;2761;Compte courant, Carte pro, PEA, Banque en ligne;Non;23430
C068;20;Étudiant;781;Compte jeune, Carte de retrait, Compte sur livret, Paiement sans contact;Non;640
C069;83;Retraité;1437;Compte courant, Carte senior, Assurance vie, Protection des moyens de paiement, Banque en ligne;Non;14380
C070;40;Sans emploi;565;Compte courant, Carte bancaire, Livret A;Non;570
C071;43;Cadre;5736;Compte courant, Visa Gold, LDDS;Non;76630
C072;44;Cadre;5539;Compte joint, Carte bancaire, Livret A;Oui (Crédit auto);52470
C073;20;Étudiant;840;Compte courant, Carte de retrait, Livret A, Paiement sans contact;Non;1100
C074;42;Employé;3203;Compte, Carte premium, Assurance vie, Assurance habitation;Non;11830
C075;35;Sans emploi;1235;Compte de base, Carte de retrait, Compte sur livret, Alerte SMS;Non;1740
C076;25;Étudiant;738;Compte, Carte de retrait, Compte sur livret, Paiement sans contact;Oui (Découvert autorisé);340
C077;44;Artisan;2130;Compte pro, Visa Business, Compte sur livret, Carte pro;Non;15890
C078;54;Employé;3226;Compte joint, Carte premium, Plan épargne logement, Protection des moyens de paiement, Banque en ligne;Oui (Crédit immo);18130
C079;56;Entrepreneur local;7145;Compte professionnel, Carte pro, Compte à terme;Oui (Crédit professionnel);36980
C080;43;Artisan;4081;Compte professionnel, Carte pro, Assurance vie, Virement instantané;Oui (Crédit véhicule);17560
C081;40;Employé;3868;Compte courant, Carte premium, LDDS;Oui (Crédit immo);20400
C082;43;Artisan;4189;Compte pro, Carte bancaire, Assurance vie, Terminal de paiement;Non;27090
C083;51;Sans emploi;1129;Compte courant, Carte bancaire, Compte sur livret, Banque en ligne;Non;650
C084;34;Employé;2013;Compte, Carte premium, Assurance vie, Banque en ligne;Non;7070
C085;32;Employé;3030;Compte courant, Visa Classic, Plan épargne logement;Non;19740
C086;39;Employé;2496;Compte premium, Mastercard, LDDS, Assurance santé;Oui (Crédit auto);7630
C087;48;Commerçant;4357;Compte, Carte pro, Compte à terme, Terminal de paiement, Banque en ligne;Oui (Micro-crédit);21900
C088;25;Étudiant;903;Compte d'épargne, Carte bancaire, Livret A;Non;1160
C089;47;Sans emploi;989;Compte de base, Carte de retrait;Non;790
C090;31;Fonctionnaire;3089;Compte courant, Visa Classic, Assurance vie;Non;34390
C091;48;Employé;2947;Compte joint, Carte bancaire, Livret A, Assurance habitation;Non;15790
C092;60;Commerçant;5428;Compte courant, Visa Business, Compte à terme, Terminal de paiement, Virement instantané;Oui (Micro-crédit + Crédit professionnel);29530
C093;77;Retraité;1877;Compte, Carte de retrait, Compte sur livret, Banque en ligne;Non;31990
C094;40;Employé;2040;Compte courant, Carte premium, Plan épargne logement;Non;12850
C095;51;Sans emploi;963;Compte courant, Carte de retrait, Livret A;Non;0
C096;42;Sans emploi;1295;Compte courant, Carte bancaire, Livret A;Non;460
C097;58;Sans emploi;593;Compte, Carte de retrait, Livret A;Non;340
C098;44;Fonctionnaire;3050;Compte courant, Mastercard, Livret A, Banque en ligne;Non;22000
C099;43;Fonctionnaire;2098;Compte joint, Carte bancaire, Plan épargne logement, Assurance santé;Oui (Crédit immo);8140
C100;60;Entrepreneur local;2658;Compte professionnel, Visa Business, Compte sur livret, Banque en ligne;Non;12870
C101;24;Étudiant;730;Compte, Carte de retrait, Livret A, Paiement sans contact;Non;1040
C102;69;Retraité;2049;Compte, Carte de retrait, Assurance vie, Assurance santé;Non;30130
C103;45;Employé;2627;Compte courant, Carte premium, Livret A, Assurance habitation;Oui (Crédit conso);8810
C104;28;Employé;4053;Compte, Carte premium, Plan épargne logement;Non;28800
C105;71;Retraité;1449;Compte courant, Carte de retrait, Livret A, Protection des moyens de paiement;Non;19980
C106;85;Retraité;2017;Compte, Carte de retrait, Compte sur livret, Assurance vie;Non;17820
C107;24;Employé;3726;Compte premium, Carte bancaire, Livret A, Protection des moyens de paiement, Alerte SMS;Non;15820
C108;36;Employé;2652;Compte, Carte bancaire, Livret A;Non;13460
C109;44;Entrepreneur local;4407;Compte, Visa Business, Compte à terme;Non;23720
C110;34;Employé;4232;Compte courant, Visa Classic, Assurance vie, Assurance habitation;Oui (Crédit auto);15090
C111;41;Employé;2438;Compte joint, Carte bancaire, Livret A, Assurance santé;Non;14950
C112;78;Retraité;1985;Compte senior, Carte bancaire, Compte sur livret, Protection des moyens de paiement;Non;25600
C113;39;Employé;2072;Compte premium, Carte bancaire, Assurance vie;Non;11680
C114;23;Étudiant;768;Compte, Carte de retrait, Banque en ligne;Oui (Crédit conso);370
C115;84;Retraité;2443;Compte joint, Carte senior, LDDS;Oui (Crédit santé);25860
C116;41;Indépendant;6429;Compte professionnel, Carte bancaire, Compte à terme, Terminal de paiement;Oui (Crédit professionnel + Crédit conso);12180
C117;36;Employé;3220;Compte, Carte premium, Livret A, Protection des moyens de paiement;Non;11770
C118;36;Entrepreneur local;2884;Compte, Mastercard Business, Compte sur livret, Banque en ligne;Oui (Crédit professionnel);13160
C119;71;Retraité;1942;Compte joint, Carte senior, Livret A;Non;8970
C120;23;Étudiant;654;Compte jeune, Carte bancaire, Livret A;Non;860
C121;45;Employé;1991;Compte joint, Visa Classic, Livret A;Non;7660
C122;33;Employé;2398;Compte premium, Visa Classic, LDDS, Assurance santé;Non;5440
C123;50;Fonctionnaire;4268;Compte courant, Carte premium, LDDS;Oui (Crédit auto);39720
C124;39;Employé;2821;Compte courant, Carte premium, Plan épargne logement, Assurance habitation;Non;16360
C125;55;Entrepreneur local;4873;Compte courant, Visa Business, PEA, Banque en ligne;Non;34740
C126;33;Fonctionnaire;2987;Compte premium, Carte bancaire, Livret A, Assurance habitation;Non;36170
C127;39;Employé;4003;Compte, Carte premium, Assurance vie, Assurance habitation;Oui (Crédit conso);5140
C128;53;Cadre;6016;Compte premium, Carte premium, PEA, Virement instantané;Non;59440
C129;62;Retraité;1135;Compte courant, Carte de retrait;Non;15860
C130;31;Employé;2459;Compte premium, Carte bancaire, Plan épargne logement, Paiement sans contact;Non;11610
C131;36;Sans emploi;475;Compte de base, Carte bancaire, Livret A;Non;780
C132;42;Fonctionnaire;2138;Compte, Carte premium, Assurance vie;Non;7910
C133;43;Employé;2064;Compte joint, Visa Classic, Assurance vie, Paiement sans contact;Non;8860
C134;44;Sans emploi;1094;Compte, Carte bancaire, Livret A;Oui (Micro-crédit);610
C135;41;Fonctionnaire;2254;Compte premium, Mastercard, Livret A;Non;10510
C136;51;Employé;3412;Compte premium, Mastercard, Plan épargne logement;Non;19570
C137;29;Employé;2846;Compte courant, Mastercard, Livret A, Assurance santé;Non;13740
C138;50;Entrepreneur local;4798;Compte courant, Visa Business, Compte sur livret, Banque en ligne;Oui (Crédit professionnel);28580
C139;57;Sans emploi;691;Compte courant, Carte de retrait, Livret A;Non;510
C140;81;Retraité;2044;Compte joint, Carte bancaire, Compte sur livret, Protection des moyens de paiement;Non;35700
C141;20;Étudiant;762;Compte courant, Carte bancaire, Compte sur livret, Paiement sans contact;Non;1460
C142;49;Employé;2896;Compte premium, Carte bancaire, Assurance vie;Non;13390
C143;36;Employé;2242;Compte courant, Mastercard, Livret A;Non;7190
C144;42;Entrepreneur local;5710;Compte, Carte pro, PEA, Banque en ligne;Oui (Crédit de trésorerie);9780
C145;47;Commerçant;4337;Compte professionnel, Carte pro, Assurance vie, Banque en ligne;Non;42050
C146;19;Étudiant;573;Compte jeune, Carte bancaire;Oui (Crédit conso);200
C147;39;Commerçant;4823;Compte, Mastercard Business, Assurance vie, Terminal de paiement;Non;33300
C148;27;Fonctionnaire;2306;Compte premium, Visa Classic, Plan épargne logement, Paiement sans contact;Non;19990
C149;36;Sans emploi;765;Compte courant, Carte bancaire, Livret A;Non;630
C150;50;Employé;2641;Compte joint, Carte premium, Assurance vie, Banque en ligne;Non;11350
C151;35;Employé;2038;Compte premium, Visa Classic, LDDS;Oui (Crédit conso);9310
C152;32;Employé;4364;Compte joint, Carte premium, Plan épargne logement;Non;13440
C153;28;Employé;2970;Compte premium, Mastercard, Livret A, Assurance santé;Non;16500
C154;38;Employé;3093;Compte premium, Carte premium, Assurance vie;Oui (Crédit immo);12880
C155;30;Employé;2750;Compte joint, Visa Classic, Plan épargne logement, Banque en ligne;Non;14600
C156;42;Fonctionnaire;2716;Compte courant, Mastercard, Assurance vie, Protection des moyens de paiement;Non;18140
C157;48;Employé;3032;Compte joint, Carte premium, Assurance vie, Assurance habitation;Non;14410
C158;47;Fonctionnaire;3801;Compte premium, Visa Classic, Plan épargne logement, Protection des moyens de paiement;Oui (Crédit auto);34240
C159;48;Employé;2468;Compte, Visa Classic, Assurance vie, Assurance santé;Non;10030
C160;54;Fonctionnaire;4234;Compte, Visa Classic, Assurance vie;Non;31220
C161;43;Commerçant;4570;Compte professionnel, Mastercard Business, Assurance vie, Terminal de paiement;Non;49040
C162;36;Employé;2380;Compte joint, Carte premium, Assurance vie, Protection des moyens de paiement;Non;9350
C163;52;Commerçant;6243;Compte professionnel, Carte pro, Compte sur livret, Banque en ligne;Non;50710
C164;48;Employé;2536;Compte joint, Visa Classic, LDDS, Protection des moyens de paiement;Non;7970
C165;30;Employé;2664;Compte courant, Carte bancaire, LDDS, Assurance santé;Non;7950
C166;40;Commerçant;4884;Compte, Mastercard Business, Compte sur livret, Virement instantané;Non;48920
C167;25;Étudiant;910;Compte, Carte Jeune, Livret A;Oui (Découvert autorisé);780
C168;64;Retraité;2605;Compte courant, Carte bancaire, LDDS;Non;6960
C169;36;Employé;3275;Compte premium, Carte premium, Livret A, Assurance habitation, Banque en ligne;Oui (Crédit immo);12210
C170;30;Cadre;5297;Compte courant, Mastercard Gold, Plan épargne logement, Protection des moyens de paiement;Non;39450
C171;40;Sans emploi;705;Compte de base, Carte bancaire, Compte sur livret;Non;1180
C172;64;Entrepreneur local;4900;Compte courant, Mastercard Business, Assurance vie;Non;28100
C173;42;Fonctionnaire;3525;Compte, Carte bancaire, LDDS, Alerte SMS;Non;40250
C174;50;Entrepreneur local;6323;Compte courant, Carte pro, PEA;Non;38970
C175;26;Employé;2497;Compte, Carte premium, Livret A, Banque en ligne;Oui (Crédit auto);15740
C176;40;Entrepreneur local;3860;Compte courant, Visa Business, PEA, Banque en ligne;Oui (Crédit de trésorerie);20410
C177;42;Sans emploi;985;Compte, Carte bancaire, Livret A;Non;1740
C178;39;Sans emploi;842;Compte courant, Carte bancaire, Livret A;Non;340
C179;52;Entrepreneur local;7285;Compte courant, Mastercard Business, Compte sur livret, Carte pro;Oui (Micro-crédit + Crédit professionnel);22230
C180;50;Employé;1864;Compte joint, Visa Classic, Assurance vie;Non;10920
C181;50;Employé;4243;Compte premium, Mastercard, LDDS;Non;18740
C182;58;Commerçant;4962;Compte professionnel, Mastercard Business, Assurance vie, Virement instantané;Non;31600
C183;39;Artisan;4686;Compte, Visa Business, PEA, Virement instantané;Non;19010
C184;29;Employé;2892;Compte courant, Carte bancaire, Livret A, Paiement sans contact;Oui (Crédit immo);13250
C185;75;Retraité;1680;Compte senior, Carte bancaire, Assurance vie, Alerte SMS;Non;27340
C186;46;Sans emploi;851;Compte courant, Carte bancaire, Compte sur livret;Non;1230
C187;47;Fonctionnaire;3952;Compte premium, Mastercard, LDDS, Paiement sans contact;Oui (Crédit immo);42430
C188;73;Retraité;1827;Compte courant, Carte senior, Assurance vie;Non;23470
C189;48;Employé;4107;Compte premium, Carte premium, Assurance vie, Protection des moyens de paiement;Non;11850
C190;64;Artisan;5806;Compte, Visa Business, Compte sur livret, Virement instantané;Non;6810
C191;43;Entrepreneur local;5890;Compte courant, Mastercard Business, Compte sur livret, Banque en ligne;Non;38080
C192;69;Retraité;1123;Compte joint, Carte bancaire, Livret A;Non;13630
C193;37;Employé;3528;Compte courant, Visa Classic, Livret A;Oui (Crédit conso);16680
C194;21;Étudiant;778;Compte jeune, Carte Jeune, Compte sur livret;Oui (Crédit étudiant);1450
C195;58;Artisan;3277;Compte courant, Carte bancaire, Compte sur livret;Non;18650
C196;32;Sans emploi;1128;Compte de base, Carte de retrait, Compte sur livret;Oui (Crédit conso);900
C197;49;Artisan;4226;Compte, Visa Business, Compte à terme, Banque en ligne;Oui (Crédit véhicule);9030
C198;79;Retraité;2872;Compte senior, Carte bancaire, LDDS;Non;48560
C199;50;Entrepreneur local;6069;Compte pro, Mastercard Business, Compte à terme, Virement instantané;Oui (Crédit de trésorerie);21530
C200;18;Étudiant;667;Compte, Carte Jeune, Livret A, Paiement sans contact;Non;0
C201;30;Employé;3139;Compte premium, Carte bancaire, LDDS, Alerte SMS;Oui (Crédit conso + Crédit immo);7610
C202;35;Employé;2207;Compte premium, Carte bancaire, LDDS;Oui (Crédit conso);9230
C203;35;Entrepreneur local;1958;Compte professionnel, Visa Business, Assurance vie, Virement instantané;Oui (Crédit de trésorerie);5200
C204;36;Employé;3395;Compte courant, Mastercard, Plan épargne logement, Protection des moyens de paiement, Paiement sans contact;Non;9710
C205;27;Fonctionnaire;3879;Compte courant, Carte premium, Livret A;Non;29640
C206;49;Entrepreneur local;4236;Compte courant, Visa Business, PEA, Banque en ligne;Non;29360
C207;51;Employé;3039;Compte, Carte bancaire, Assurance vie, Protection des moyens de paiement, Paiement sans contact;Non;15630
C208;46;Employé;4103;Compte, Carte bancaire, LDDS, Assurance santé;Non;21140
C209;31;Sans emploi;1366;Compte courant, Carte bancaire, Paiement sans contact, Alerte SMS;Non;950
C210;71;Retraité;2077;Compte joint, Carte senior, Livret A, Alerte SMS;Non;25830
C211;31;Sans emploi;1311;Compte, Carte de retrait, Compte sur livret;Non;990
C212;39;Sans emploi;559;Compte, Carte bancaire, Compte sur livret, Banque en ligne, Paiement sans contact;Non;0
C213;25;Étudiant;597;Compte d'épargne, Carte Jeune, Compte sur livret;Non;730
C214;71;Retraité;1912;Compte courant, Carte de retrait, Compte sur livret;Non;24290
C215;34;Employé;2112;Compte premium, Visa Classic, Plan épargne logement, Protection des moyens de paiement;Oui (Crédit auto);11820
C216;38;Cadre;4515;Compte joint, Carte premium, Livret A, Alerte SMS;Oui (Crédit immo);61130
C217;45;Entrepreneur local;6175;Compte, Mastercard Business, Assurance vie, Terminal de paiement;Oui (Crédit professionnel);20910
C218;43;Fonctionnaire;3976;Compte, Carte bancaire, Assurance vie;Non;41350
C219;38;Entrepreneur local;5127;Compte pro, Visa Business, Compte sur livret, Terminal de paiement;Non;11210
C220;33;Artisan;5045;Compte professionnel, Visa Business, PEA, Virement instantané;Oui (Crédit véhicule);31190
C221;43;Fonctionnaire;3531;Compte courant, Mastercard, Assurance vie, Assurance santé;Non;29820
C222;53;Artisan;2865;Compte courant, Carte pro, Assurance vie, Virement instantané;Non;18840
C223;48;Fonctionnaire;3779;Compte premium, Carte premium, Livret A;Non;15750
C224;68;Retraité;2347;Compte joint, Carte senior, Livret A;Non;12440
C225;47;Commerçant;5044;Compte courant, Carte pro, Assurance vie, Terminal de paiement;Non;27520
C226;78;Retraité;2607;Compte, Carte bancaire, LDDS, Assurance santé;Non;3560
C227;36;Commerçant;5016;Compte professionnel, Carte pro, Compte à terme, Virement instantané, Banque en ligne;Oui (Crédit de trésorerie);22450
C228;34;Sans emploi;986;Compte, Carte de retrait, Livret A;Non;0
C229;31;Employé;3698;Compte premium, Carte bancaire, Livret A, Alerte SMS;Non;14320
C230;38;Employé;3573;Compte courant, Carte bancaire, Livret A, Alerte SMS;Non;19110
C231;64;Retraité;2763;Compte joint, Carte bancaire, Livret A, Assurance santé;Non;26890
C232;40;Commerçant;3170;Compte professionnel, Mastercard Business, Compte à terme, Virement instantané;Oui (Crédit professionnel);13980
C233;25;Étudiant;1066;Compte courant, Carte Jeune, Livret A;Non;2420
C234;49;Employé;3090;Compte premium, Carte bancaire, Livret A, Assurance habitation, Banque en ligne;Oui (Crédit immo);18050
C235;36;Employé;3349;Compte premium, Carte premium, LDDS, Assurance santé, Banque en ligne;Non;24090
C236;37;Employé;3120;Compte, Mastercard, LDDS, Assurance habitation;Non;7470
C237;61;Retraité;1849;Compte courant, Carte bancaire, Assurance vie, Alerte SMS;Non;20690
C238;47;Fonctionnaire;2770;Compte, Carte bancaire, Plan épargne logement, Assurance habitation;Oui (Crédit auto);31870
C239;75;Retraité;2051;Compte joint, Carte de retrait, Assurance vie, Assurance santé;Non;26100
C240;46;Employé;1420;Compte, Visa Classic, Assurance vie, Assurance habitation, Banque en ligne;Non;6580
C241;50;Cadre;5401;Compte courant, Mastercard Gold, Plan épargne logement, Protection des moyens de paiement;Oui (Crédit auto);20790
C242;40;Employé;1809;Compte premium, Mastercard, Assurance vie, Protection des moyens de paiement;Non;7020
C243;47;Employé;3405;Compte premium, Visa Classic, LDDS, Assurance santé, Paiement sans contact;Oui (Crédit conso);11070
C244;52;Fonctionnaire;4525;Compte joint, Mastercard, LDDS, Assurance habitation;Oui (Crédit conso);19400
C245;27;Employé;2442;Compte premium, Mastercard, Livret A;Non;12140
C246;42;Employé;1892;Compte courant, Visa Classic, Assurance vie;Non;11230
C247;39;Employé;2447;Compte courant, Carte bancaire, LDDS, Assurance santé;Non;11190
C248;37;Commerçant;3882;Compte, Carte pro, Compte à terme, Virement instantané;Oui (Crédit professionnel + Crédit de trésorerie);19520
C249;21;Étudiant;933;Compte d'épargne, Carte de retrait, Livret A, Banque en ligne;Oui (Crédit conso);0
C250;58;Fonctionnaire;2658;Compte premium, Carte bancaire, Assurance vie, Banque en ligne;Non;14930
C251;50;Sans emploi;643;Compte courant, Carte de retrait, Compte sur livret, Paiement sans contact;Non;740
C252;39;Employé;2712;Compte joint, Mastercard, LDDS, Protection des moyens de paiement;Non;13590
C253;57;Entrepreneur local;5350;Compte pro, Mastercard Business, Assurance vie, Carte pro;Oui (Crédit professionnel);31230
C254;41;Employé;2952;Compte joint, Carte premium, Livret A, Assurance habitation, Alerte SMS;Non;5450
C255;46;Indépendant;5380;Compte pro, Carte pro, Assurance vie;Non;55080
C256;85;Retraité;1963;Compte courant, Carte bancaire, Compte sur livret;Non;31920
C257;24;Étudiant;1056;Compte jeune, Carte bancaire, Livret A, Banque en ligne;Non;0
C258;42;Entrepreneur local;5875;Compte professionnel, Mastercard Business, Compte à terme, Virement instantané;Non;47410
C259;51;Fonctionnaire;4199;Compte premium, Carte premium, Assurance vie, Assurance habitation;Non;42580
C260;49;Entrepreneur local;5382;Compte professionnel, Carte pro, Assurance vie, Terminal de paiement, Banque en ligne;Oui (Crédit de trésorerie);1440
C261;43;Sans emploi;1128;Compte de base, Carte de retrait, Compte sur livret;Non;630
C262;37;Cadre;6307;Compte, Mastercard Gold, Assurance vie, Protection des moyens de paiement, Alerte SMS;Oui (Crédit auto);69550
C263;25;Sans emploi;872;Compte, Carte bancaire, Compte sur livret;Non;1160
C264;84;Retraité;2337;Compte, Carte senior, Compte sur livret, Banque en ligne;Oui (Crédit conso);31330
C265;29;Employé;3982;Compte joint, Carte premium, Plan épargne logement, Alerte SMS;Non;10770
C266;20;Étudiant;599;Compte, Carte de retrait, Livret A, Alerte SMS;Non;1010
C267;39;Employé;2588;Compte premium, Visa Classic, LDDS, Assurance santé;Non;11200
C268;47;Employé;2929;Compte joint, Carte bancaire, Plan épargne logement, Assurance santé;Non;12340
C269;39;Employé;2429;Compte, Carte bancaire, Plan épargne logement;Oui (Crédit auto);9660
C270;50;Fonctionnaire;3335;Compte joint, Visa Classic, Livret A, Protection des moyens de paiement, Paiement sans contact;Non;40140
C271;46;Fonctionnaire;3677;Compte courant, Visa Classic, LDDS, Assurance santé, Paiement sans contact;Oui (Crédit auto);24820
C272;48;Indépendant;5634;Compte, Carte pro, PEA, Terminal de paiement;Oui (Crédit conso);46920
C273;24;Étudiant;795;Compte courant, Carte bancaire, Livret A;Non;370
C274;71;Retraité;2661;Compte joint, Carte de retrait, Livret A, Assurance vie, Protection des moyens de paiement;Non;34060
C275;38;Employé;3753;Compte, Carte premium, Assurance vie, Assurance santé;Non;22540
C276;49;Artisan;5944;Compte courant, Carte bancaire, PEA, Carte pro, Virement instantané;Oui (Crédit professionnel);41140
C277;40;Employé;3006;Compte courant, Carte bancaire, Plan épargne logement, Protection des moyens de paiement;Oui (Crédit auto);3890
C278;48;Employé;3633;Compte courant, Mastercard, Plan épargne logement;Oui (Crédit conso + Crédit immo);7790
C279;21;Étudiant;798;Compte, Carte bancaire, Compte sur livret;Oui (Crédit conso);540
C280;42;Employé;4098;Compte courant, Visa Classic, Plan épargne logement;Non;29050
C281;40;Sans emploi;682;Compte, Carte de retrait, Compte sur livret;Non;420
C282;44;Artisan;3232;Compte courant, Visa Business, Compte à terme, Terminal de paiement;Oui (Crédit véhicule);7920
C283;26;Étudiant;822;Compte, Carte de retrait, Compte sur livret, Paiement sans contact;Non;1530
C284;44;Fonctionnaire;3749;Compte, Carte premium, Assurance vie;Non;38170
C285;78;Retraité;2538;Compte courant, Carte de retrait, LDDS;Non;28010
C286;50;Fonctionnaire;4246;Compte joint, Visa Classic, LDDS;Oui (Crédit immo);34460
C287;34;Employé;3730;Compte joint, Mastercard, Assurance vie, Banque en ligne;Non;22980
C288;79;Retraité;1355;Compte, Carte de retrait, Compte sur livret, Assurance santé, Banque en ligne;Non;12530
C289;56;Indépendant;6612;Compte, Carte bancaire, Assurance vie, Carte pro, Terminal de paiement;Oui (Crédit conso);25070
C290;43;Fonctionnaire;2745;Compte, Visa Classic, Plan épargne logement, Assurance santé;Non;8280
C291;38;Employé;1582;Compte, Visa Classic, Assurance vie, Assurance habitation;Oui (Crédit immo);6470
C292;48;Employé;2596;Compte joint, Carte premium, LDDS, Assurance santé;Oui (Crédit immo);6560
C293;56;Cadre;5355;Compte premium, Carte premium, LDDS, Protection des moyens de paiement;Oui (Crédit conso);18630
C294;38;Artisan;4212;Compte, Carte pro, PEA;Oui (Micro-crédit);19320
C295;44;Employé;3195;Compte courant, Carte premium, Livret A;Oui (Crédit immo + Crédit conso);9540
C296;42;Fonctionnaire;3658;Compte courant, Mastercard, Assurance vie, Protection des moyens de paiement;Non;20970
C297;41;Cadre;3194;Compte, Carte bancaire, Livret A, Virement instantané;Non;17230
C298;34;Employé;4271;Compte, Mastercard, Assurance vie, Assurance habitation, Banque en ligne;Oui (Crédit conso + Crédit auto);4100
C299;43;Employé;2661;Compte joint, Carte bancaire, Assurance vie, Assurance santé;Non;11330
C300;46;Fonctionnaire;3441;Compte courant, Carte bancaire, Livret A;Non;14950
C301;44;Cadre;5798;Compte joint, Mastercard Gold, LDDS;Non;82850
C302;32;Entrepreneur local;6045;Compte pro, Mastercard Business, Compte sur livret, Virement instantané;Oui (Crédit de trésorerie);31390
C303;31;Sans emploi;1106;Compte de base, Carte de retrait, Livret A;Non;950
C304;38;Fonctionnaire;3165;Compte courant, Carte premium, LDDS, Assurance santé;Oui (Crédit conso);21630
C305;43;Artisan;2778;Compte, Carte pro, Compte sur livret;Non;19700
C306;47;Commerçant;5821;Compte courant, Visa Business, Compte sur livret;Non;31520
C307;44;Fonctionnaire;3857;Compte joint, Carte bancaire, LDDS, Assurance santé;Non;51020
C308;41;Employé;3328;Compte premium, Carte bancaire, LDDS, Assurance santé, Banque en ligne;Oui (Crédit auto);15140
C309;22;Étudiant;1029;Compte courant, Carte bancaire, Livret A, Paiement sans contact;Non;340
C310;41;Fonctionnaire;3492;Compte courant, Visa Classic, LDDS, Protection des moyens de paiement;Non;41150
C311;43;Entrepreneur local;8280;Compte pro, Visa Business, Compte à terme;Non;22430
C312;45;Employé;3423;Compte joint, Visa Classic, Assurance vie;Oui (Crédit immo);7540
C313;59;Sans emploi;719;Compte de base, Carte bancaire, Compte sur livret;Non;1160
C314;53;Sans emploi;919;Compte courant, Carte de retrait, Livret A, Banque en ligne;Non;490
C315;36;Employé;2488;Compte joint, Visa Classic, Livret A, Assurance santé, Paiement sans contact;Non;13520
C316;51;Artisan;4278;Compte, Carte bancaire, Compte à terme, Banque en ligne;Oui (Crédit véhicule);14860
C317;84;Retraité;2624;Compte courant, Carte de retrait, Compte sur livret;Non;31420
C318;57;Fonctionnaire;3087;Compte, Visa Classic, Livret A, Assurance santé;Oui (Crédit conso);16920
C319;49;Employé;1478;Compte courant, Carte bancaire, Assurance vie;Non;7270
C320;37;Fonctionnaire;4016;Compte, Mastercard, LDDS;Non;20660
C321;72;Retraité;1417;Compte courant, Carte de retrait, Compte sur livret, Protection des moyens de paiement;Non;27290
C322;58;Fonctionnaire;2023;Compte joint, Visa Classic, LDDS;Non;13920
C323;57;Cadre;5303;Compte courant, Carte premium, Assurance vie;Non;53230
C324;43;Employé;2643;Compte, Carte bancaire, LDDS;Oui (Crédit auto);5300
C325;82;Retraité;2663;Compte joint, Carte de retrait, Livret A, Alerte SMS;Non;35200
C326;19;Étudiant;591;Compte jeune, Carte bancaire, Compte sur livret;Oui (Crédit étudiant);100
C327;80;Retraité;2384;Compte, Carte de retrait, Compte sur livret, Protection des moyens de paiement;Oui (Crédit santé);17910
C328;24;Étudiant;727;Compte courant, Carte bancaire, Livret A, Alerte SMS;Non;1250
C329;69;Retraité;2324;Compte senior, Carte bancaire, Assurance vie, Assurance santé;Non;22880
C330;62;Retraité;1842;Compte senior, Carte bancaire, Assurance vie, Assurance santé;Non;14890
C331;44;Employé;3088;Compte, Mastercard, Assurance vie, Protection des moyens de paiement;Oui (Crédit immo);18130
C332;44;Employé;2449;Compte joint, Carte premium, Assurance vie, Paiement sans contact;Oui (Crédit auto);8130
C333;39;Employé;1465;Compte premium, Mastercard, LDDS;Oui (Crédit auto);5470
C334;53;Entrepreneur local;5381;Compte professionnel, Carte pro, Assurance vie;Oui (Crédit de trésorerie);35660
C335;48;Artisan;5048;Compte pro, Carte pro, PEA, Terminal de paiement;Non;19330
C336;47;Fonctionnaire;3080;Compte, Carte premium, Livret A;Non;33480
C337;65;Retraité;2440;Compte courant, Carte de retrait, Assurance vie;Oui (Crédit conso);19780
C338;40;Employé;1895;Compte joint, Carte premium, Plan épargne logement, Paiement sans contact;Oui (Crédit auto);5990
C339;41;Sans emploi;1109;Compte courant, Carte de retrait, Compte sur livret;Non;1490
C340;51;Employé;3005;Compte premium, Carte bancaire, LDDS, Assurance habitation, Paiement sans contact;Oui (Crédit conso);8940
C341;32;Employé;3146;Compte courant, Carte premium, Livret A;Non;9600
C342;48;Employé;1656;Compte courant, Carte bancaire, Assurance habitation;Oui (Crédit immo);4110
C343;46;Commerçant;4651;Compte professionnel, Carte pro, PEA, Terminal de paiement;Oui (Crédit de trésorerie);28320
C344;50;Fonctionnaire;2812;Compte premium, Visa Classic, Assurance vie;Non;10470
C345;31;Employé;1605;Compte premium, Visa Classic, LDDS;Non;2570
C346;42;Fonctionnaire;2614;Compte courant, Carte bancaire, Plan épargne logement;Non;8270
C347;67;Retraité;2817;Compte joint, Carte senior, Livret A, Assurance vie;Non;21960
C348;39;Artisan;5323;Compte, Visa Business, Assurance vie;Oui (Micro-crédit + Crédit professionnel);21670
C349;43;Employé;2495;Compte premium, Mastercard, Plan épargne logement;Non;14120
C350;43;Entrepreneur local;5643;Compte courant, Mastercard Business, Compte sur livret;Oui (Crédit professionnel);30320
C351;34;Employé;2802;Compte, Visa Classic, Livret A;Oui (Crédit immo);10390
C352;62;Retraité;1332;Compte, Carte de retrait, LDDS;Non;16680
C353;55;Employé;1869;Compte courant, Carte premium, LDDS;Non;8420
C354;47;Employé;2996;Compte courant, Carte bancaire, Livret A, Alerte SMS;Non;16890
C355;38;Employé;3119;Compte, Carte bancaire, Assurance vie, Assurance santé;Non;21940
C356;43;Entrepreneur local;1879;Compte professionnel, Visa Business, Compte à terme;Oui (Crédit de trésorerie + Micro-crédit);8990
C357;58;Sans emploi;934;Compte courant, Carte bancaire, Livret A;Non;680
C358;45;Employé;3540;Compte joint, Carte bancaire, Assurance vie, Assurance habitation;Non;19390
C359;41;Employé;2303;Compte joint, Visa Classic, LDDS, Paiement sans contact;Oui (Crédit auto);6440
C360;34;Employé;3628;Compte joint, Visa Classic, Livret A;Non;18430
C361;84;Retraité;2617;Compte joint, Carte senior, LDDS;Non;30580
C362;33;Employé;3458;Compte premium, Visa Classic, LDDS, Assurance santé;Non;15870
C363;43;Entrepreneur local;6182;Compte courant, Visa Business, Compte sur livret;Oui (Micro-crédit);12370
C364;50;Employé;2327;Compte joint, Mastercard, Plan épargne logement, Protection des moyens de paiement;Oui (Crédit conso);7730
C365;39;Employé;3095;Compte courant, Carte bancaire, LDDS;Non;9170
C366;47;Fonctionnaire;3432;Compte joint, Visa Classic, Assurance vie;Oui (Crédit auto);25860
C367;72;Retraité;1437;Compte senior, Carte senior, Livret A, Assurance vie;Oui (Crédit conso);11670
C368;85;Retraité;1766;Compte senior, Carte de retrait, Protection des moyens de paiement;Oui (Crédit conso);17140
C369;39;Commerçant;3941;Compte courant, Carte pro, Compte à terme, Virement instantané;Non;29060
C370;43;Cadre;5912;Compte, Carte premium, LDDS, Protection des moyens de paiement;Non;46280
C371;35;Sans emploi;875;Compte courant, Carte bancaire, Livret A, Banque en ligne;Non;930
C372;27;Sans emploi;710;Compte courant, Carte de retrait, Compte sur livret;Oui (Crédit conso);230
C373;26;Étudiant;706;Compte, Carte bancaire, Livret A, Banque en ligne;Oui (Découvert autorisé);800
C374;40;Employé;4160;Compte joint, Carte premium, LDDS;Non;22790
C375;43;Artisan;4487;Compte professionnel, Carte bancaire, Compte sur livret, Terminal de paiement;Non;14720
C376;22;Étudiant;890;Compte d'épargne, Carte de retrait, Compte sur livret;Oui (Crédit conso);110
C377;34;Employé;1502;Compte premium, Carte premium, Plan épargne logement;Oui (Crédit conso);2730
C378;76;Retraité;2451;Compte senior, Carte senior, Compte sur livret, Assurance santé, Alerte SMS;Non;13920
C379;44;Entrepreneur local;6246;Compte professionnel, Carte pro, Compte sur livret;Non;16380
C380;27;Entrepreneur local;3170;Compte professionnel, Visa Business, PEA, Virement instantané;Oui (Micro-crédit);19800
C381;34;Cadre;6411;Compte courant, Carte bancaire, Livret A;Oui (Crédit auto);50320
C382;38;Commerçant;6737;Compte pro, Visa Business, Compte à terme, Banque en ligne;Oui (Crédit de trésorerie);13320
C383;45;Cadre;4866;Compte premium, Mastercard Gold, LDDS;Non;46530
C384;24;Étudiant;794;Compte jeune, Carte Jeune;Non;1090
C385;36;Fonctionnaire;3478;Compte premium, Carte bancaire, LDDS;Non;16290
C386;56;Employé;3513;Compte premium, Visa Classic, Plan épargne logement, Assurance habitation;Non;5640
C387;42;Sans emploi;924;Compte de base, Carte de retrait, Compte sur livret;Non;1240
C388;62;Retraité;2143;Compte senior, Carte de retrait, Livret A;Non;28760
C389;47;Artisan;3737;Compte professionnel, Visa Business, PEA, Banque en ligne;Non;12200
C390;38;Employé;2647;Compte courant, Carte bancaire, Plan épargne logement, Assurance habitation;Oui (Crédit immo + Crédit auto);13470
C391;42;Sans emploi;1015;Compte courant, Carte de retrait, Livret A, Banque en ligne;Non;1590
C392;49;Entrepreneur local;4842;Compte courant, Visa Business, Compte sur livret;Non;7240
C393;21;Étudiant;1052;Compte courant, Carte Jeune, Compte sur livret, Paiement sans contact;Non;1240
C394;77;Retraité;1999;Compte senior, Carte de retrait, LDDS, Banque en ligne;Oui (Crédit santé);19590
C395;49;Entrepreneur local;5564;Compte professionnel, Visa Business, Compte à terme;Non;33040
C396;38;Fonctionnaire;2964;Compte joint, Mastercard, Plan épargne logement, Assurance santé, Banque en ligne;Non;40830
C397;76;Retraité;1527;Compte, Carte senior, Assurance vie, Protection des moyens de paiement;Non;22340
C398;45;Cadre;5802;Compte, Carte premium, LDDS, Assurance santé;Non;44190
C399;36;Employé;3093;Compte courant, Carte bancaire, Plan épargne logement, Protection des moyens de paiement;Non;18130
C400;23;Étudiant;460;Compte d'épargne, Carte Jeune, Compte sur livret, Alerte SMS;Non;810
C401;43;Employé;3146;Compte joint, Carte bancaire, LDDS, Protection des moyens de paiement;Oui (Crédit immo);4880
C402;39;Fonctionnaire;3384;Compte, Visa Classic, Plan épargne logement, Assurance santé, Paiement sans contact;Non;34720
C403;68;Retraité;1398;Compte courant, Carte bancaire, Assurance vie;Non;10120
C404;83;Retraité;2135;Compte senior, Carte senior, Livret A, Assurance vie;Non;19890
C405;42;Employé;1669;Compte premium, Visa Classic, LDDS, Assurance santé, Paiement sans contact;Oui (Crédit conso);8640
C406;28;Employé;4015;Compte joint, Carte bancaire, Livret A, Assurance santé, Banque en ligne;Non;21820
C407;41;Employé;3427;Compte courant, Carte bancaire, Livret A, Assurance habitation;Non;19500
C408;61;Retraité;2063;Compte, Carte senior, Compte sur livret, Protection des moyens de paiement;Non;20140
C409;44;Commerçant;5084;Compte courant, Mastercard Business, Assurance vie, Banque en ligne;Non;39980
C410;26;Étudiant;665;Compte jeune, Carte Jeune, Compte sur livret, Alerte SMS;Non;1460
C411;44;Fonctionnaire;4252;Compte, Mastercard, Assurance vie;Non;17330
C412;54;Employé;3164;Compte courant, Carte premium, LDDS, Assurance santé;Non;11680
C413;66;Retraité;2290;Compte courant, Carte bancaire, Assurance vie, Assurance santé;Non;26550
C414;29;Employé;3033;Compte courant, Mastercard, LDDS;Non;18980
C415;38;Employé;2880;Compte joint, Visa Classic, Livret A, Assurance habitation;Non;14010
C416;41;Employé;2440;Compte premium, Visa Classic, Plan épargne logement;Oui (Crédit immo + Crédit auto);12630
C417;35;Entrepreneur local;3945;Compte courant, Carte pro, Assurance vie, Terminal de paiement;Oui (Micro-crédit);25330
C418;41;Entrepreneur local;5262;Compte courant, Mastercard Business, Compte sur livret, Banque en ligne;Oui (Crédit professionnel);34240
C419;38;Artisan;4220;Compte, Visa Business, Compte sur livret, Banque en ligne;Non;18520
C420;41;Fonctionnaire;3343;Compte, Visa Classic, Plan épargne logement, Protection des moyens de paiement, Paiement sans contact;Non;42320
C421;30;Sans emploi;860;Compte, Carte bancaire, Livret A, Alerte SMS;Non;950
C422;47;Fonctionnaire;2634;Compte premium, Carte bancaire, Plan épargne logement;Oui (Crédit auto);20650
C423;41;Employé;1797;Compte courant, Visa Classic, Protection des moyens de paiement, Alerte SMS;Oui (Crédit conso);5570
C424;40;Fonctionnaire;3688;Compte courant, Carte bancaire, Assurance vie, Assurance santé;Oui (Crédit immo);27380
C425;25;Étudiant;628;Compte d'épargne, Carte bancaire, Livret A, Paiement sans contact;Non;490
C426;35;Fonctionnaire;2820;Compte, Visa Classic, Assurance vie, Assurance habitation, Alerte SMS;Oui (Crédit auto);34200
C427;36;Employé;3250;Compte courant, Carte premium, Assurance vie, Alerte SMS;Non;11900
C428;54;Artisan;4852;Compte, Carte bancaire, Compte sur livret;Non;27240
C429;82;Retraité;1680;Compte, Carte senior, Compte sur livret, Assurance vie;Oui (Crédit santé);16810
C430;64;Retraité;2242;Compte joint, Carte senior, Assurance vie;Non;3500
C431;23;Étudiant;546;Compte d'épargne, Carte bancaire, Compte sur livret;Non;90
C432;47;Employé;2617;Compte joint, Carte bancaire, Assurance vie, Protection des moyens de paiement;Non;18310
C433;35;Fonctionnaire;4125;Compte joint, Carte premium, LDDS;Non;49150
C434;70;Retraité;2060;Compte, Carte de retrait, Compte sur livret, Protection des moyens de paiement;Non;26480
C435;52;Fonctionnaire;3211;Compte premium, Carte bancaire, Plan épargne logement;Non;28410
C436;42;Employé;3710;Compte joint, Carte bancaire, Livret A;Non;15730
C437;39;Cadre;5039;Compte, Carte bancaire, PEA, Alerte SMS;Oui (Crédit immo);64210
C438;42;Fonctionnaire;3983;Compte courant, Visa Classic, Plan épargne logement, Protection des moyens de paiement, Alerte SMS;Oui (Crédit immo);42620
C439;43;Sans emploi;638;Compte, Carte de retrait, Compte sur livret, Alerte SMS;Non;350
C440;41;Employé;3477;Compte joint, Visa Classic, Livret A, Protection des moyens de paiement;Non;7930
C441;77;Retraité;1863;Compte senior, Carte de retrait, Livret A, Assurance vie;Oui (Crédit santé);6840
C442;25;Étudiant;478;Compte courant, Carte bancaire, Compte sur livret;Non;780
C443;42;Sans emploi;1286;Compte courant, Carte de retrait, Compte sur livret, Alerte SMS;Non;1460
C444;34;Employé;3700;Compte joint, Carte premium, Assurance vie;Non;15710
C445;22;Étudiant;688;Compte jeune, Carte bancaire, Livret A;Non;980
C446;62;Retraité;2497;Compte joint, Carte de retrait, Assurance vie;Non;24300
C447;48;Employé;3127;Compte premium, Mastercard, LDDS, Protection des moyens de paiement, Paiement sans contact;Non;14750
C448;48;Entrepreneur local;5284;Compte courant, Carte pro, PEA;Non;30320
C449;38;Fonctionnaire;3721;Compte courant, Carte bancaire, LDDS;Oui (Crédit immo);29260
C450;38;Entrepreneur local;7239;Compte courant, Mastercard Business, Compte à terme;Oui (Crédit de trésorerie);35800
C451;64;Retraité;2607;Compte, Carte bancaire, Compte sur livret, Assurance vie;Oui (Crédit santé);17610
C452;38;Sans emploi;809;Compte courant, Carte bancaire, Livret A, Alerte SMS;Non;1100
C453;36;Employé;3734;Compte courant, Carte premium, LDDS, Protection des moyens de paiement;Oui (Crédit auto + Crédit conso);19490
C454;49;Artisan;5615;Compte courant, Visa Business, PEA, Virement instantané, Banque en ligne;Non;6220
C455;51;Entrepreneur local;6301;Compte, Carte pro, Compte à terme, Banque en ligne;Oui (Crédit de trésorerie);11240
C456;42;Fonctionnaire;4195;Compte premium, Carte premium, Livret A, Protection des moyens de paiement;Non;55090
C457;23;Étudiant;917;Compte courant, Carte bancaire, Livret A;Non;950
C458;61;Entrepreneur local;6740;Compte professionnel, Mastercard Business, Compte à terme, Banque en ligne;Oui (Micro-crédit);32170
C459;36;Sans emploi;1039;Compte, Carte de retrait, Compte sur livret;Oui (Micro-crédit);550
C460;44;Fonctionnaire;4356;Compte joint, Mastercard, Assurance vie;Non;23590
C461;61;Retraité;1899;Compte courant, Carte senior, LDDS;Oui (Crédit conso);16850
C462;33;Sans emploi;1037;Compte de base, Carte bancaire, Livret A, Alerte SMS;Non;670
C463;42;Fonctionnaire;3263;Compte joint, Mastercard, Plan épargne logement, Assurance santé;Non;22300
C464;61;Retraité;1432;Compte senior, Carte senior, Compte sur livret, Assurance vie;Non;11630
C465;74;Retraité;2465;Compte courant, Carte de retrait, Assurance vie, Assurance santé;Non;36410
C466;19;Étudiant;534;Compte jeune, Carte de retrait, Livret A, Paiement sans contact;Non;700
C467;47;Cadre;6188;Compte premium, Carte premium, Assurance vie, Protection des moyens de paiement;Oui (Crédit conso);60250
C468;40;Cadre;5423;Compte courant, Mastercard Gold, Livret A, Assurance habitation;Non;46410
C469;26;Étudiant;643;Compte d'épargne, Carte Jeune, Livret A, Paiement sans contact;Non;980
C470;54;Sans emploi;1024;Compte, Carte bancaire, Livret A, Paiement sans contact;Oui (Crédit conso);0
C471;32;Employé;2663;Compte premium, Carte premium, Livret A, Paiement sans contact;Oui (Crédit auto);13310
C472;47;Entrepreneur local;7718;Compte, Mastercard Business, Compte sur livret, Terminal de paiement;Oui (Crédit de trésorerie);44060
C473;33;Employé;3067;Compte courant, Mastercard, Livret A;Non;6500
C474;83;Retraité;1642;Compte courant, Carte senior, Compte sur livret;Oui (Crédit conso);20270
C475;27;Commerçant;3989;Compte pro, Mastercard Business, PEA;Oui (Crédit de trésorerie + Crédit professionnel);23010
C476;36;Fonctionnaire;2437;Compte joint, Carte bancaire, Livret A, Protection des moyens de paiement, Banque en ligne;Non;22680
C477;54;Artisan;2657;Compte, Carte pro, Assurance vie, Virement instantané;Non;19220
C478;49;Indépendant;4111;Compte pro, Carte bancaire, Assurance vie;Non;22360
C479;32;Employé;2829;Compte courant, Carte premium, Livret A, Protection des moyens de paiement;Non;15920
C480;22;Étudiant;395;Compte, Carte bancaire, Compte sur livret, Paiement sans contact;Oui (Crédit étudiant);260
C481;33;Employé;3308;Compte premium, Carte bancaire, Assurance vie, Assurance habitation;Non;9710
C482;61;Indépendant;4929;Compte pro, Carte bancaire, Assurance vie, Virement instantané;Non;37820
C483;43;Commerçant;3350;Compte, Carte pro, Compte à terme, Terminal de paiement;Non;28790
C484;28;Fonctionnaire;3906;Compte courant, Visa Classic, Plan épargne logement, Banque en ligne;Non;39230
C485;70;Retraité;2004;Compte senior, Carte bancaire, Compte sur livret, Assurance santé;Non;30870
C486;34;Employé;2929;Compte premium, Visa Classic, Plan épargne logement, Assurance santé, Paiement sans contact;Non;8640
C487;35;Employé;2675;Compte, Carte premium, LDDS, Alerte SMS;Oui (Crédit immo + Crédit auto);11070
C488;45;Fonctionnaire;3662;Compte courant, Carte bancaire, Plan épargne logement, Alerte SMS;Oui (Crédit conso);35040
C489;45;Employé;3397;Compte courant, Visa Classic, Livret A, Assurance habitation, Alerte SMS;Oui (Crédit conso);15690
C490;44;Entrepreneur local;4993;Compte, Visa Business, Compte sur livret, Carte pro;Non;23610
C491;37;Employé;2460;Compte, Carte premium, LDDS;Non;13460
C492;22;Étudiant;899;Compte d'épargne, Carte Jeune, Compte sur livret;Non;50
C493;44;Employé;3029;Compte courant, Carte bancaire, Assurance vie, Paiement sans contact;Oui (Crédit conso);10050
C494;21;Étudiant;739;Compte jeune, Carte de retrait, Livret A;Oui (Crédit conso);350
C495;80;Retraité;2080;Compte courant, Carte de retrait, Compte sur livret, Assurance vie;Non;21140
C496;21;Étudiant;734;Compte courant, Carte bancaire, Compte sur livret;Non;990
C497;55;Commerçant;3406;Compte, Carte pro, Assurance vie, Terminal de paiement;Non;11430
C498;32;Employé;2373;Compte, Mastercard, LDDS;Non;12870
C499;20;Étudiant;435;Compte, Carte bancaire, Compte sur livret;Non;490
C500;47;Entrepreneur local;7395;Compte professionnel, Visa Business, Compte sur livret, Terminal de paiement;Oui (Crédit professionnel);19010
C501;49;Cadre;4980;Compte premium, Visa Gold, Livret A;Non;47930
C502;34;Employé;3338;Compte joint, Visa Classic, LDDS, Banque en ligne;Non;13480
C503;36;Entrepreneur local;5264;Compte professionnel, Mastercard Business, PEA;Oui (Micro-crédit);29860
C504;49;Indépendant;5498;Compte courant, Carte bancaire, PEA, Banque en ligne;Non;18780
C505;23;Étudiant;618;Compte, Carte Jeune, Livret A;Non;1230
C506;22;Étudiant;731;Compte courant, Carte de retrait, Compte sur livret, Paiement sans contact;Non;260
C507;45;Employé;2852;Compte joint, Mastercard, Livret A, Assurance santé;Oui (Crédit auto);10020
C508;36;Entrepreneur local;6376;Compte courant, Carte pro, Compte sur livret, Terminal de paiement;Non;48190
C509;32;Indépendant;6330;Compte, Carte pro, Compte à terme, Banque en ligne;Non;51800
C510;33;Employé;2766;Compte, Mastercard, Assurance vie;Non;8670
C511;33;Fonctionnaire;3100;Compte joint, Carte bancaire, Assurance vie, Assurance santé;Non;29150
C512;24;Étudiant;751;Compte, Carte de retrait, Compte sur livret;Non;780
C513;40;Employé;3101;Compte courant, Carte bancaire, Plan épargne logement, Banque en ligne;Non;5520
C514;43;Employé;4045;Compte, Visa Classic, LDDS;Oui (Crédit conso);9750
C515;36;Employé;3655;Compte joint, Mastercard, Assurance vie, Paiement sans contact;Non;12610
C516;40;Fonctionnaire;4396;Compte courant, Visa Classic, Livret A, Assurance habitation, Banque en ligne;Oui (Crédit immo);46460
C517;41;Entrepreneur local;4849;Compte professionnel, Carte pro, Compte sur livret, Virement instantané;Non;36180
C518;34;Employé;2140;Compte, Carte bancaire, Plan épargne logement, Banque en ligne;Oui (Crédit auto);2880
C519;43;Sans emploi;887;Compte, Carte de retrait, Livret A;Non;1370
C520;36;Artisan;3699;Compte professionnel, Carte bancaire, Assurance vie, Carte pro, Banque en ligne;Oui (Crédit véhicule);21780
C521;82;Retraité;1647;Compte, Carte de retrait, Assurance vie;Non;17640
C522;32;Sans emploi;997;Compte courant, Carte bancaire, Livret A;Oui (Micro-crédit);560
C523;75;Retraité;2448;Compte, Carte bancaire, Livret A, Assurance vie;Non;21720
C524;43;Commerçant;4625;Compte, Visa Business, Compte à terme, Banque en ligne;Oui (Micro-crédit);23260
C525;81;Retraité;1397;Compte, Carte de retrait, Banque en ligne;Oui (Crédit auto);11040
C526;72;Retraité;1498;Compte joint, Carte senior, Compte sur livret;Non;25410
C527;44;Employé;4021;Compte joint, Visa Classic, Livret A, Assurance santé;Non;19840
C528;30;Employé;1846;Compte premium, Mastercard, Livret A;Oui (Crédit immo + Crédit auto);7140
C529;45;Entrepreneur local;4514;Compte professionnel, Mastercard Business, Compte sur livret, Terminal de paiement;Non;34660
C530;39;Employé;3677;Compte, Carte bancaire, Assurance vie, Alerte SMS;Non;9340
C531;41;Sans emploi;661;Compte de base, Carte bancaire, Livret A;Non;560
C532;71;Retraité;2454;Compte, Carte bancaire, Assurance vie;Non;33200
C533;25;Étudiant;683;Compte, Carte bancaire, Livret A, Paiement sans contact;Oui (Crédit conso);250
C534;33;Artisan;3028;Compte, Carte bancaire, PEA, Banque en ligne;Non;19640
C535;70;Retraité;1948;Compte, Carte senior, Assurance vie, Protection des moyens de paiement;Non;24640
C536;36;Employé;4125;Compte, Visa Classic, Livret A, Protection des moyens de paiement;Oui (Crédit immo);11220
C537;31;Fonctionnaire;4153;Compte premium, Carte bancaire, Plan épargne logement, Assurance santé;Oui (Crédit auto);33630
C538;48;Employé;2861;Compte courant, Carte premium, Plan épargne logement;Non;17920
C539;76;Retraité;2628;Compte courant, Carte de retrait, LDDS, Protection des moyens de paiement;Non;31760
C540;40;Fonctionnaire;3586;Compte courant, Mastercard, LDDS, Protection des moyens de paiement;Non;40490
C541;49;Employé;3860;Compte premium, Mastercard, LDDS, Protection des moyens de paiement;Non;12420
C542;26;Employé;3533;Compte premium, Carte premium, Livret A, Assurance santé, Alerte SMS;Oui (Crédit conso);17180
C543;41;Employé;3220;Compte, Carte bancaire, Livret A, Assurance santé;Oui (Crédit immo);17600
C544;37;Employé;3244;Compte courant, Carte bancaire, Livret A;Oui (Crédit immo);18980
C545;40;Cadre;6860;Compte courant, Mastercard Gold, PEA;Oui (Crédit immo);88830
C546;30;Employé;2398;Compte, Carte premium, Livret A, Assurance santé;Oui (Crédit conso);6760
C547;47;Employé;2203;Compte joint, Mastercard, Livret A;Non;14930
C548;49;Sans emploi;762;Compte courant, Carte bancaire;Non;440
C549;26;Étudiant;1030;Compte, Carte Jeune;Non;1800
C550;41;Entrepreneur local;6820;Compte, Visa Business, PEA, Banque en ligne;Non;29180
C551;58;Entrepreneur local;3262;Compte professionnel, Visa Business, Compte à terme, Carte pro;Oui (Crédit professionnel);16590
C552;39;Employé;3214;Compte joint, Carte bancaire, LDDS;Oui (Crédit auto);16260
C553;51;Fonctionnaire;3797;Compte premium, Carte premium, LDDS, Protection des moyens de paiement;Non;26360
C554;29;Employé;2739;Compte courant, Carte bancaire, LDDS;Oui (Crédit conso);7070
C555;31;Sans emploi;854;Compte courant, Carte de retrait, Compte sur livret;Non;120
C556;54;Fonctionnaire;4108;Compte courant, Visa Classic, Assurance vie, Assurance santé;Non;32120
C557;34;Employé;3600;Compte courant, Carte premium, LDDS, Assurance santé;Non;15250
C558;42;Employé;3225;Compte joint, Carte premium, Plan épargne logement;Oui (Crédit conso);9240
C559;19;Étudiant;679;Compte courant, Carte Jeune, Compte sur livret, Alerte SMS;Oui (Crédit conso);310
C560;20;Étudiant;585;Compte, Carte bancaire, Compte sur livret;Non;440
C561;44;Commerçant;6420;Compte professionnel, Visa Business, Compte à terme, Banque en ligne;Oui (Micro-crédit);29150
C562;52;Indépendant;3442;Compte courant, Carte pro, Compte sur livret;Non;13590
C563;34;Entrepreneur local;7371;Compte courant, Visa Business, PEA, Carte pro;Non;55670
C564;30;Employé;3721;Compte joint, Visa Classic, Livret A;Oui (Crédit auto);13080
C565;24;Étudiant;842;Compte courant, Carte bancaire, Livret A, Paiement sans contact;Non;410
C566;22;Étudiant;859;Compte, Carte de retrait, Compte sur livret;Non;1760
C567;47;Fonctionnaire;4557;Compte courant, Carte bancaire, Assurance vie, Assurance habitation;Non;39560
C568;62;Retraité;1977;Compte, Carte bancaire, Assurance vie;Oui (Crédit auto);23050
C569;29;Sans emploi;897;Compte courant, Carte de retrait, Livret A;Non;760
C570;47;Entrepreneur local;5118;Compte professionnel, Mastercard Business, PEA, Terminal de paiement;Non;31650
C571;47;Sans emploi;1214;Compte de base, Carte de retrait, Compte sur livret, Alerte SMS;Non;2180
C572;35;Employé;2852;Compte, Carte bancaire, Plan épargne logement, Assurance santé;Non;13390
C573;35;Employé;1979;Compte, Carte premium, LDDS, Alerte SMS;Non;12340
C574;42;Employé;2901;Compte joint, Mastercard, LDDS, Assurance habitation;Non;14020
C575;32;Artisan;4211;Compte courant, Visa Business, PEA, Terminal de paiement;Oui (Micro-crédit + Crédit véhicule);31460
C576;50;Sans emploi;639;Compte, Carte de retrait, Livret A, Paiement sans contact;Non;290
C577;51;Fonctionnaire;3542;Compte courant, Carte premium, Livret A, Assurance habitation;Oui (Crédit auto);24140
C578;28;Entrepreneur local;5229;Compte courant, Carte pro, Compte sur livret, Banque en ligne;Oui (Crédit professionnel);32850
C579;44;Fonctionnaire;3567;Compte joint, Carte premium, Plan épargne logement, Assurance habitation;Oui (Crédit auto);23760
C580;28;Employé;3797;Compte premium, Carte bancaire, Assurance vie, Assurance santé, Alerte SMS;Non;20380
C581;44;Entrepreneur local;5463;Compte professionnel, Mastercard Business, PEA, Terminal de paiement;Non;25310
C582;53;Employé;3235;Compte courant, Visa Classic, Livret A, Banque en ligne;Oui (Crédit conso);7590
C583;53;Entrepreneur local;7799;Compte pro, Carte pro, Compte sur livret, Terminal de paiement;Non;23040
C584;53;Fonctionnaire;2224;Compte, Visa Classic, LDDS;Oui (Crédit auto);20230
C585;48;Fonctionnaire;3571;Compte, Carte bancaire, Plan épargne logement;Non;36990
C586;51;Commerçant;4779;Compte, Mastercard Business, Compte sur livret, Carte pro;Non;46350
C587;36;Employé;2877;Compte, Visa Classic, Assurance vie, Banque en ligne;Non;12040
C588;46;Employé;2475;Compte joint, Mastercard, Livret A, Protection des moyens de paiement;Non;9500
C589;31;Sans emploi;1050;Compte, Carte de retrait, Compte sur livret;Non;1730
C590;56;Sans emploi;874;Compte de base, Carte de retrait, Compte sur livret;Non;690
C591;26;Étudiant;572;Compte, Carte bancaire, Compte sur livret;Non;500
C592;47;Artisan;2921;Compte courant, Visa Business, PEA;Oui (Crédit véhicule);6490
C593;72;Retraité;2391;Compte courant, Carte de retrait, Compte sur livret, Protection des moyens de paiement;Non;26720
C594;33;Fonctionnaire;2196;Compte premium, Visa Classic, Assurance vie;Non;9770
C595;21;Étudiant;815;Compte courant, Carte de retrait, Paiement sans contact;Non;820
C596;59;Fonctionnaire;3585;Compte courant, Mastercard, LDDS;Non;22110
C597;42;Employé;3596;Compte premium, Carte premium, Livret A, Assurance habitation;Oui (Crédit auto);13020
C598;41;Employé;3123;Compte premium, Mastercard, Plan épargne logement;Non;21400
C599;40;Fonctionnaire;2758;Compte joint, Carte premium, Livret A;Non;7930
C600;41;Employé;3899;Compte joint, Carte bancaire, Livret A, Assurance santé;Oui (Crédit conso + Crédit immo);14650
C601;33;Fonctionnaire;3625;Compte premium, Visa Classic, Plan épargne logement, Protection des moyens de paiement;Oui (Crédit auto);35930
C602;42;Employé;3085;Compte premium, Carte premium, LDDS;Non;13190
C603;44;Entrepreneur local;7161;Compte courant, Visa Business, PEA, Carte pro;Oui (Crédit de trésorerie);47330
C604;45;Fonctionnaire;4214;Compte premium, Carte bancaire, Livret A, Protection des moyens de paiement;Non;43730
C605;44;Commerçant;5224;Compte, Carte pro, Assurance vie;Non;22820
C606;50;Fonctionnaire;3608;Compte premium, Carte premium, Plan épargne logement, Alerte SMS;Oui (Crédit conso);16970
C607;22;Étudiant;702;Compte jeune, Carte bancaire, Compte sur livret, Alerte SMS;Oui (Crédit étudiant);0
C608;36;Commerçant;5096;Compte courant, Visa Business, Compte sur livret, Virement instantané;Oui (Crédit professionnel);30640
C609;52;Entrepreneur local;4951;Compte courant, Carte pro, PEA;Oui (Micro-crédit);36690
C610;34;Sans emploi;930;Compte courant, Carte bancaire, Livret A, Paiement sans contact;Non;1680
C611;73;Retraité;2897;Compte, Carte bancaire, Compte sur livret, Banque en ligne;Non;48420
C612;48;Entrepreneur local;6984;Compte pro, Mastercard Business, Compte à terme, Carte pro;Oui (Crédit professionnel);27680
C613;32;Employé;3070;Compte joint, Mastercard, Plan épargne logement, Protection des moyens de paiement;Oui (Crédit conso);9920
C614;48;Entrepreneur local;2201;Compte, Mastercard Business, Compte sur livret;Non;17230
C615;48;Sans emploi;921;Compte de base, Carte de retrait, Compte sur livret;Non;1200
C616;33;Employé;3466;Compte, Carte bancaire, LDDS, Assurance habitation;Non;19160
C617;46;Sans emploi;729;Compte de base, Carte bancaire, Livret A;Non;520
C618;50;Artisan;3196;Compte professionnel, Visa Business, Assurance vie, Virement instantané;Oui (Crédit véhicule);18520
C619;53;Employé;3684;Compte joint, Visa Classic, Livret A;Non;16800
C620;41;Employé;2899;Compte, Mastercard, Plan épargne logement, Protection des moyens de paiement;Non;12800
C621;61;Retraité;2674;Compte senior, Carte senior, Compte sur livret, Assurance santé;Non;41680
C622;59;Fonctionnaire;2927;Compte, Visa Classic, Assurance vie, Protection des moyens de paiement;Non;8000
C623;29;Entrepreneur local;6734;Compte professionnel, Carte pro, Assurance vie;Non;48260
C624;67;Retraité;2833;Compte joint, Carte bancaire, Livret A, Assurance santé;Non;27360
C625;49;Artisan;4936;Compte, Carte pro, Compte sur livret, Banque en ligne;Oui (Crédit professionnel + Crédit véhicule);25570
C626;50;Employé;3510;Compte premium, Carte premium, Plan épargne logement;Non;13130
C627;51;Cadre;5499;Compte, Visa Gold, LDDS;Oui (Crédit immo + Crédit auto);44760
C628;40;Sans emploi;764;Compte, Carte de retrait, Compte sur livret;Non;540
C629;64;Retraité;1555;Compte senior, Carte senior, Livret A;Non;9890
C630;48;Employé;3075;Compte courant, Visa Classic, Assurance vie, Assurance santé;Oui (Crédit conso);19160
C631;70;Retraité;2606;Compte senior, Carte de retrait, Compte sur livret, Assurance vie;Non;42190
C632;58;Entrepreneur local;5976;Compte courant, Mastercard Business, PEA;Non;25520
C633;35;Fonctionnaire;2819;Compte premium, Carte bancaire, Livret A, Alerte SMS;Non;15720
C634;84;Retraité;1923;Compte courant, Carte bancaire, Assurance vie;Non;17720
C635;65;Retraité;1655;Compte, Carte bancaire, Assurance vie, Assurance santé;Oui (Crédit auto);10660
C636;42;Entrepreneur local;4894;Compte courant, Mastercard Business, Assurance vie, Virement instantané;Oui (Crédit de trésorerie);13510
C637;38;Employé;3142;Compte courant, Carte bancaire, LDDS;Non;8310
C638;43;Employé;2556;Compte premium, Visa Classic, Plan épargne logement;Oui (Crédit immo);6160
C639;50;Employé;3429;Compte joint, Mastercard, Plan épargne logement;Oui (Crédit immo);10010
C640;52;Employé;3115;Compte premium, Visa Classic, Assurance vie, Assurance santé;Oui (Crédit auto);17840
C641;41;Employé;2170;Compte courant, Carte bancaire, Assurance vie, Assurance santé;Oui (Crédit conso);7230
C642;40;Entrepreneur local;2374;Compte professionnel, Carte pro, Compte sur livret;Oui (Crédit professionnel);4700
C643;18;Étudiant;605;Compte, Carte bancaire, Compte sur livret, Paiement sans contact;Oui (Crédit conso);1240
C644;53;Fonctionnaire;2019;Compte joint, Carte premium, Livret A;Oui (Crédit auto);17960
C645;38;Employé;2431;Compte premium, Visa Classic, Plan épargne logement;Non;13870
C646;33;Employé;3471;Compte courant, Carte premium, Livret A, Protection des moyens de paiement;Non;12410
C647;42;Fonctionnaire;3746;Compte joint, Carte premium, Plan épargne logement;Oui (Crédit immo);21610
C648;78;Retraité;2485;Compte courant, Carte senior, LDDS, Alerte SMS;Non;11320
C649;40;Employé;2661;Compte joint, Carte bancaire, LDDS, Protection des moyens de paiement;Non;3760
C650;52;Employé;2774;Compte, Carte premium, Livret A, Assurance santé;Oui (Crédit conso);17670
C651;38;Employé;3412;Compte courant, Mastercard, Plan épargne logement, Protection des moyens de paiement;Oui (Crédit auto);13940
C652;50;Entrepreneur local;4419;Compte courant, Mastercard Business, Compte à terme;Oui (Micro-crédit);18900
C653;83;Retraité;1415;Compte joint, Carte senior, Compte sur livret, Assurance santé;Non;9860
C654;73;Retraité;2054;Compte courant, Carte de retrait, LDDS, Banque en ligne;Non;17200
C655;69;Retraité;2309;Compte courant, Carte senior, Livret A, Banque en ligne;Oui (Crédit santé);21770
C656;40;Fonctionnaire;2764;Compte joint, Carte bancaire, Plan épargne logement, Protection des moyens de paiement;Oui (Crédit immo);13380
C657;21;Étudiant;860;Compte d'épargne, Carte bancaire, Livret A;Oui (Découvert autorisé);1500
C658;50;Fonctionnaire;2780;Compte courant, Mastercard, Plan épargne logement, Protection des moyens de paiement;Oui (Crédit immo);23000
C659;37;Employé;2405;Compte premium, Carte bancaire, Livret A, Assurance santé;Oui (Crédit immo);9910
C660;21;Étudiant;606;Compte jeune, Carte Jeune, Livret A;Oui (Crédit étudiant);330
C661;50;Employé;3533;Compte courant, Visa Classic, Livret A;Non;17400
C662;77;Retraité;1972;Compte courant, Carte bancaire, Compte sur livret, Assurance vie;Non;5010
C663;34;Employé;3245;Compte, Visa Classic, Plan épargne logement, Paiement sans contact;Oui (Crédit immo);15800
C664;46;Cadre;4861;Compte joint, Visa Gold, Assurance vie;Oui (Crédit auto);20220
C665;26;Étudiant;732;Compte jeune, Carte de retrait, Livret A, Paiement sans contact;Non;380
C666;39;Entrepreneur local;3067;Compte pro, Visa Business, Compte sur livret, Banque en ligne;Oui (Crédit professionnel);11080
C667;43;Employé;3449;Compte premium, Mastercard, LDDS;Non;11170
C668;81;Retraité;3034;Compte courant, Carte de retrait, Compte sur livret, Protection des moyens de paiement, Alerte SMS;Non;14340
C669;43;Employé;2193;Compte courant, Visa Classic, Plan épargne logement;Oui (Crédit auto);10020
C670;33;Employé;2484;Compte courant, Mastercard, Plan épargne logement, Assurance santé;Oui (Crédit conso);6000
C671;46;Entrepreneur local;6410;Compte courant, Carte pro, PEA;Non;52060
C672;64;Retraité;2168;Compte joint, Carte senior, LDDS;Oui (Crédit auto);17020
C673;32;Sans emploi;1196;Compte de base, Carte bancaire, Compte sur livret;Oui (Découvert autorisé);740
C674;43;Sans emploi;857;Compte courant, Carte de retrait, Compte sur livret;Oui (Crédit conso);870
C675;44;Sans emploi;837;Compte courant, Carte de retrait, Livret A;Oui (Micro-crédit);0
C676;31;Sans emploi;957;Compte, Carte bancaire, Livret A, Banque en ligne;Non;1470
C677;62;Retraité;2128;Compte joint, Carte bancaire, Compte sur livret;Non;24020
C678;47;Artisan;4770;Compte, Carte pro, Compte à terme;Non;17770
C679;46;Fonctionnaire;1990;Compte, Carte bancaire, Plan épargne logement;Oui (Crédit auto);17270
C680;38;Employé;3332;Compte, Carte premium, LDDS, Assurance habitation;Oui (Crédit auto);16510
C681;56;Employé;3731;Compte, Visa Classic, Livret A, Assurance santé, Banque en ligne;Non;17760
C682;50;Entrepreneur local;3266;Compte, Carte pro, Compte sur livret, Terminal de paiement;Oui (Micro-crédit);14160
C683;39;Employé;2745;Compte joint, Visa Classic, Plan épargne logement, Assurance habitation;Non;17040
C684;24;Fonctionnaire;4228;Compte courant, Carte bancaire, Assurance vie;Non;26110
C685;50;Entrepreneur local;7185;Compte pro, Carte pro, Compte à terme, Terminal de paiement;Non;63450
C686;46;Fonctionnaire;2947;Compte, Mastercard, Plan épargne logement;Non;35680
C687;37;Fonctionnaire;2848;Compte, Visa Classic, Livret A, Protection des moyens de paiement;Oui (Crédit conso);33770
C688;57;Entrepreneur local;7933;Compte pro, Carte pro, Compte sur livret, Terminal de paiement;Non;62730
C689;35;Fonctionnaire;3005;Compte, Visa Classic, Plan épargne logement, Protection des moyens de paiement;Non;17760
C690;79;Retraité;1334;Compte joint, Carte de retrait, LDDS;Non;7730
C691;19;Étudiant;879;Compte courant, Carte de retrait, Compte sur livret;Non;0
C692;72;Retraité;2981;Compte senior, Carte de retrait, Assurance vie;Non;22780
C693;41;Employé;2911;Compte premium, Carte premium, Assurance vie, Protection des moyens de paiement;Oui (Crédit conso);14690
C694;21;Étudiant;755;Compte, Carte de retrait, Livret A;Non;690
C695;48;Employé;2389;Compte courant, Carte bancaire, LDDS;Non;8460
C696;53;Fonctionnaire;2747;Compte premium, Carte premium, Assurance vie;Oui (Crédit auto);20140
C697;44;Employé;2348;Compte premium, Carte bancaire, Livret A;Non;10010
C698;31;Employé;3316;Compte courant, Carte bancaire, Livret A;Oui (Crédit auto);7610
C699;43;Cadre;6665;Compte, Mastercard Gold, LDDS, Virement instantané;Non;76330
C700;64;Retraité;2258;Compte, Carte bancaire, LDDS, Protection des moyens de paiement;Non;28200
C701;44;Employé;3529;Compte premium, Carte premium, Plan épargne logement, Assurance habitation, Banque en ligne;Non;15490
C702;41;Sans emploi;547;Compte de base, Carte bancaire, Livret A, Alerte SMS;Non;1090
C703;31;Employé;2653;Compte courant, Carte premium, Livret A, Protection des moyens de paiement;Non;12070
C704;25;Étudiant;772;Compte courant, Carte Jeune, Paiement sans contact;Non;0
C705;41;Entrepreneur local;2600;Compte pro, Carte pro, Compte sur livret;Non;11630
C706;73;Retraité;2967;Compte courant, Carte senior, Compte sur livret;Non;34750
C707;42;Sans emploi;1317;Compte de base, Carte de retrait, Livret A, Alerte SMS;Non;1830
C708;41;Employé;3128;Compte, Mastercard, LDDS, Assurance habitation;Oui (Crédit immo);13750
C709;37;Cadre;4674;Compte courant, Visa Gold, Plan épargne logement;Non;51620
C710;36;Entrepreneur local;8563;Compte pro, Carte pro, Compte sur livret;Oui (Micro-crédit);30980
C711;25;Étudiant;903;Compte, Carte Jeune, Livret A, Banque en ligne;Oui (Crédit étudiant);400
C712;47;Artisan;5026;Compte professionnel, Visa Business, Compte sur livret, Terminal de paiement;Oui (Crédit professionnel);15190
C713;46;Fonctionnaire;4013;Compte joint, Carte premium, Assurance vie, Protection des moyens de paiement;Non;38140
C714;41;Employé;2527;Compte joint, Visa Classic, Plan épargne logement, Alerte SMS;Non;14510
C715;40;Entrepreneur local;5138;Compte pro, Visa Business, Compte sur livret;Non;21310
C716;19;Étudiant;872;Compte jeune, Carte de retrait, Compte sur livret;Non;1560
C717;46;Entrepreneur local;6390;Compte, Visa Business, Assurance vie;Oui (Crédit de trésorerie);34840
C718;48;Sans emploi;765;Compte de base, Carte de retrait, Livret A;Non;680
C719;25;Étudiant;760;Compte d'épargne, Carte bancaire, Compte sur livret;Non;1030
C720;55;Artisan;3497;Compte professionnel, Carte pro, PEA, Terminal de paiement;Non;30460
C721;61;Retraité;2808;Compte joint, Carte bancaire, LDDS, Assurance vie, Alerte SMS;Non;44300
C722;37;Employé;2055;Compte, Visa Classic, Plan épargne logement, Protection des moyens de paiement;Non;8870
C723;37;Employé;3795;Compte joint, Carte bancaire, Plan épargne logement, Assurance santé;Non;3510
C724;50;Artisan;2734;Compte professionnel, Carte pro, Assurance vie;Oui (Micro-crédit);21320
C725;40;Employé;2971;Compte courant, Mastercard, Plan épargne logement;Non;17850
C726;30;Employé;2079;Compte, Visa Classic, Assurance vie, Protection des moyens de paiement;Oui (Crédit auto);7440
C727;40;Employé;3450;Compte courant, Visa Classic, Livret A;Oui (Crédit auto);9740
C728;35;Fonctionnaire;3837;Compte courant, Visa Classic, LDDS, Assurance habitation;Non;24680
C729;32;Employé;1615;Compte joint, Visa Classic, Plan épargne logement;Oui (Crédit auto);6910
C730;35;Employé;2557;Compte, Visa Classic, Livret A;Oui (Crédit conso);7660
C731;42;Employé;2858;Compte joint, Carte bancaire, Livret A;Oui (Crédit conso);6250
C732;48;Employé;3412;Compte joint, Visa Classic, LDDS, Banque en ligne;Non;8560
C733;32;Fonctionnaire;3620;Compte courant, Visa Classic, Livret A, Protection des moyens de paiement;Non;24260
C734;52;Entrepreneur local;5563;Compte professionnel, Mastercard Business, Compte à terme, Carte pro;Oui (Micro-crédit);9120
C735;59;Entrepreneur local;5448;Compte pro, Visa Business, Compte sur livret;Oui (Crédit de trésorerie);30490
C736;44;Employé;3727;Compte courant, Carte premium, Plan épargne logement;Non;18060
C737;24;Employé;3095;Compte, Carte premium, Assurance vie, Assurance habitation;Non;10470
C738;34;Employé;3034;Compte joint, Visa Classic, Livret A;Oui (Crédit immo);15240
C739;60;Retraité;2285;Compte senior, Carte senior, Compte sur livret;Non;27550
C740;28;Employé;3579;Compte courant, Mastercard, Livret A;Non;20150
C741;32;Fonctionnaire;3918;Compte premium, Visa Classic, LDDS, Assurance habitation;Non;42640
C742;33;Fonctionnaire;2942;Compte premium, Visa Classic, Livret A;Non;32260
C743;42;Employé;3989;Compte courant, Carte premium, LDDS, Assurance habitation;Oui (Crédit conso + Crédit auto);14570
C744;39;Sans emploi;1030;Compte, Carte de retrait, Livret A, Banque en ligne;Non;0
C745;29;Employé;2196;Compte, Carte bancaire, Livret A;Non;13330
C746;20;Étudiant;891;Compte jeune, Carte bancaire, Livret A, Paiement sans contact;Non;1130
C747;31;Fonctionnaire;3093;Compte joint, Visa Classic, LDDS, Assurance santé;Non;22180
C748;52;Employé;3294;Compte, Carte premium, Livret A, Assurance santé;Non;16080
C749;52;Employé;3892;Compte courant, Visa Classic, Assurance vie;Non;10340
C750;36;Sans emploi;1099;Compte, Carte bancaire;Non;1430
C751;18;Étudiant;1037;Compte jeune, Carte bancaire, Compte sur livret;Oui (Découvert autorisé);0
C752;83;Retraité;1800;Compte courant, Carte senior, LDDS, Protection des moyens de paiement;Oui (Crédit conso);18410
C753;30;Sans emploi;1233;Compte courant, Carte bancaire, Compte sur livret;Non;910
C754;47;Entrepreneur local;6215;Compte, Carte pro, Assurance vie, Banque en ligne;Non;31730
C755;30;Employé;3861;Compte courant, Carte premium, LDDS, Assurance habitation, Paiement sans contact;Oui (Crédit auto);17380
C756;26;Employé;4098;Compte premium, Visa Classic, Assurance vie, Assurance habitation, Paiement sans contact;Oui (Crédit immo + Crédit auto);20750
C757;46;Employé;2927;Compte joint, Carte premium, Assurance vie, Protection des moyens de paiement;Oui (Crédit immo);8790
C758;50;Employé;1725;Compte courant, Carte bancaire, Plan épargne logement;Non;8000
C759;54;Fonctionnaire;3481;Compte joint, Visa Classic, Livret A;Non;16270
C760;43;Employé;2410;Compte, Carte premium, Plan épargne logement, Alerte SMS;Oui (Crédit immo);10330
C761;30;Employé;1962;Compte joint, Carte bancaire, LDDS, Paiement sans contact;Non;2120
C762;38;Cadre;4665;Compte premium, Mastercard Gold, Plan épargne logement;Non;60320
C763;21;Étudiant;1050;Compte, Carte bancaire, Compte sur livret;Oui (Crédit conso);1940
C764;22;Étudiant;879;Compte courant, Carte de retrait, Compte sur livret;Oui (Crédit étudiant);600
C765;57;Entrepreneur local;3199;Compte pro, Mastercard Business, Assurance vie;Non;30100
C766;76;Retraité;2792;Compte courant, Carte senior, LDDS, Protection des moyens de paiement;Non;27290
C767;42;Employé;1950;Compte, Carte bancaire, Assurance vie;Oui (Crédit immo);9410
C768;19;Étudiant;669;Compte jeune, Carte Jeune, Compte sur livret, Banque en ligne, Alerte SMS;Non;500
C769;50;Employé;3231;Compte premium, Carte bancaire, Assurance vie, Protection des moyens de paiement;Oui (Crédit auto);7040
C770;49;Employé;4030;Compte premium, Mastercard, Livret A;Oui (Crédit immo);18740
C771;48;Employé;1512;Compte joint, Carte premium, Plan épargne logement;Non;9400
C772;37;Sans emploi;886;Compte courant, Carte de retrait, Livret A;Non;1080
C773;36;Employé;4372;Compte premium, Carte bancaire, Livret A;Non;11460
C774;41;Employé;4263;Compte, Mastercard, Plan épargne logement, Assurance habitation;Non;29440
C775;35;Sans emploi;975;Compte courant, Carte bancaire, Compte sur livret;Oui (Crédit conso);890
C776;31;Fonctionnaire;4327;Compte courant, Visa Classic, Plan épargne logement;Oui (Crédit auto);39310
C777;43;Commerçant;5949;Compte, Mastercard Business, Assurance vie, Virement instantané;Non;66030
C778;50;Cadre;6279;Compte premium, Carte bancaire, Livret A;Oui (Crédit immo);42360
C779;60;Sans emploi;1232;Compte de base, Carte bancaire, Livret A, Paiement sans contact;Non;950
C780;38;Employé;2700;Compte, Mastercard, Livret A, Assurance santé;Non;16660
C781;45;Sans emploi;880;Compte courant, Carte bancaire, Compte sur livret, Banque en ligne;Non;640
C782;39;Employé;2567;Compte premium, Mastercard, Livret A;Non;5880
C783;44;Sans emploi;859;Compte de base, Carte de retrait, Livret A;Non;470
C784;63;Retraité;1654;Compte, Carte senior;Non;24150
C785;47;Sans emploi;506;Compte, Carte bancaire, Compte sur livret;Non;770
C786;25;Étudiant;453;Compte, Carte bancaire, Compte sur livret, Alerte SMS, Paiement sans contact;Oui (Crédit conso);0
C787;43;Cadre;7174;Compte premium, Carte bancaire, Plan épargne logement, Assurance habitation, Banque en ligne;Non;73100
C788;85;Retraité;1968;Compte senior, Carte de retrait, Compte sur livret, Assurance santé, Banque en ligne;Non;24080
C789;60;Retraité;2247;Compte, Carte de retrait, Assurance vie;Non;31430
C790;43;Employé;2418;Compte premium, Mastercard, Assurance vie, Assurance habitation;Oui (Crédit auto);10300
C791;63;Retraité;1468;Compte, Carte bancaire, Compte sur livret, Alerte SMS;Non;21980
C792;39;Cadre;4177;Compte joint, Carte premium, Livret A, Assurance santé;Non;34890
C793;53;Artisan;3072;Compte, Carte pro, Compte à terme, Banque en ligne;Oui (Micro-crédit);10730
C794;42;Employé;3037;Compte courant, Visa Classic, Livret A, Banque en ligne;Non;9440
C795;55;Fonctionnaire;3028;Compte, Mastercard, Assurance vie;Non;23790
C796;56;Cadre;4854;Compte joint, Carte premium, Plan épargne logement, Assurance habitation;Oui (Crédit conso);41980
C797;43;Artisan;4813;Compte, Visa Business, Assurance vie, Terminal de paiement;Non;35090
C798;57;Entrepreneur local;7970;Compte professionnel, Visa Business, Assurance vie;Oui (Crédit professionnel);21660
C799;34;Employé;2747;Compte joint, Carte bancaire, LDDS;Oui (Crédit conso);14980
C800;72;Retraité;1808;Compte courant, Carte bancaire, Livret A;Non;23170
C801;54;Entrepreneur local;3976;Compte professionnel, Visa Business, PEA, Terminal de paiement;Oui (Crédit professionnel);12190
C802;18;Étudiant;907;Compte courant, Carte bancaire, Compte sur livret, Paiement sans contact;Non;260
C803;19;Étudiant;920;Compte, Carte bancaire, Compte sur livret, Alerte SMS;Non;300
C804;45;Indépendant;4991;Compte professionnel, Visa Business, Assurance vie, Carte pro, Terminal de paiement;Non;45560
C805;33;Sans emploi;639;Compte courant, Carte de retrait;Non;800
C806;34;Cadre;5128;Compte joint, Mastercard Gold, LDDS, Alerte SMS;Non;71210
C807;52;Fonctionnaire;4603;Compte joint, Carte bancaire, LDDS;Non;62400
C808;45;Employé;2428;Compte joint, Visa Classic, LDDS, Alerte SMS;Oui (Crédit conso);4000
C809;20;Étudiant;931;Compte, Carte Jeune, Compte sur livret;Oui (Crédit étudiant);800
C810;58;Entrepreneur local;4102;Compte pro, Visa Business, Compte à terme, Terminal de paiement;Oui (Crédit professionnel);19660
C811;22;Étudiant;537;Compte d'épargne, Carte Jeune, Compte sur livret;Oui (Crédit étudiant);350
C812;22;Étudiant;571;Compte, Carte Jeune, Compte sur livret, Paiement sans contact;Non;1120
C813;33;Employé;2547;Compte premium, Carte bancaire, LDDS, Banque en ligne;Non;16220
C814;67;Retraité;1338;Compte joint, Carte senior, Assurance vie;Oui (Crédit conso);9560
C815;47;Employé;2699;Compte, Carte bancaire, Plan épargne logement;Oui (Crédit immo);11980
C816;44;Employé;2269;Compte, Carte premium, Livret A, Assurance santé;Oui (Crédit conso);5520
C817;26;Fonctionnaire;3208;Compte, Carte premium, Plan épargne logement, Assurance habitation;Non;45170
C818;42;Fonctionnaire;2771;Compte, Mastercard, Assurance vie;Oui (Crédit immo);33120
C819;40;Employé;2732;Compte joint, Carte premium, Livret A, Assurance santé;Oui (Crédit conso);11840
C820;40;Employé;2473;Compte premium, Mastercard, Livret A, Assurance santé;Non;17470
C821;49;Artisan;5435;Compte pro, Carte bancaire, Compte à terme;Non;27450
C822;41;Indépendant;2752;Compte professionnel, Visa Business, PEA, Terminal de paiement;Non;29310
C823;50;Entrepreneur local;5298;Compte pro, Visa Business, Compte sur livret, Virement instantané;Oui (Crédit professionnel);15570
C824;32;Fonctionnaire;3458;Compte, Carte bancaire, Assurance vie;Oui (Crédit auto);24810
C825;45;Commerçant;6235;Compte pro, Mastercard Business, Compte sur livret, Carte pro;Non;34780
C826;45;Fonctionnaire;3343;Compte, Mastercard, Assurance vie, Assurance santé;Non;23050
C827;81;Retraité;2456;Compte joint, Carte de retrait, Compte sur livret, Protection des moyens de paiement;Non;25960
C828;47;Employé;3625;Compte joint, Mastercard, Plan épargne logement;Oui (Crédit immo);13320
C829;32;Cadre;6380;Compte courant, Visa Gold, Assurance vie, Protection des moyens de paiement;Oui (Crédit immo);76970
C830;25;Étudiant;552;Compte d'épargne, Carte de retrait, Livret A, Alerte SMS;Non;720
C831;21;Étudiant;746;Compte courant, Carte Jeune, Livret A;Non;870
C832;51;Employé;3211;Compte, Carte premium, LDDS, Assurance habitation, Banque en ligne;Oui (Crédit immo);12420
C833;30;Employé;1673;Compte premium, Carte bancaire, Assurance santé;Non;9820
C834;43;Fonctionnaire;4094;Compte, Carte premium, Livret A, Protection des moyens de paiement;Non;21660
C835;43;Fonctionnaire;3438;Compte, Carte premium, Assurance vie, Protection des moyens de paiement;Oui (Crédit conso);23840
C836;33;Fonctionnaire;3063;Compte, Mastercard, Plan épargne logement, Assurance santé;Oui (Crédit auto);21320
C837;35;Sans emploi;1305;Compte de base, Carte de retrait, Compte sur livret, Banque en ligne;Non;920
C838;45;Employé;3509;Compte premium, Carte bancaire, Plan épargne logement, Assurance santé;Oui (Crédit immo);8720
C839;41;Sans emploi;989;Compte de base, Carte bancaire, Compte sur livret;Non;0
C840;36;Fonctionnaire;3758;Compte joint, Mastercard, LDDS, Assurance habitation;Non;27940
C841;57;Commerçant;2678;Compte, Visa Business, Compte sur livret;Oui (Crédit professionnel);17750
C842;57;Employé;3099;Compte joint, Visa Classic, LDDS, Protection des moyens de paiement;Oui (Crédit conso);7900
C843;80;Retraité;2891;Compte courant, Carte bancaire, LDDS;Oui (Crédit conso);22920
C844;57;Sans emploi;1033;Compte, Carte de retrait, Compte sur livret;Non;1540
C845;40;Fonctionnaire;3686;Compte, Visa Classic, Assurance vie, Assurance santé;Non;33440
C846;34;Employé;3977;Compte joint, Carte premium, Livret A, Alerte SMS;Non;8040
C847;76;Retraité;2797;Compte joint, Carte de retrait, Livret A;Non;51560
C848;24;Sans emploi;864;Compte, Carte de retrait, Compte sur livret;Non;1240
C849;26;Étudiant;1005;Compte courant, Carte bancaire;Non;0
C850;64;Retraité;1787;Compte joint, Carte de retrait, Compte sur livret, Assurance vie;Oui (Crédit conso);23640
C851;53;Employé;1685;Compte courant, Carte premium, Livret A, Alerte SMS;Non;8800
C852;44;Entrepreneur local;3565;Compte professionnel, Visa Business, PEA;Oui (Crédit de trésorerie);6820
C853;22;Étudiant;886;Compte courant, Carte Jeune, Banque en ligne;Non;880
C854;42;Employé;3789;Compte courant, Carte premium, Livret A, Paiement sans contact;Non;11460
C855;50;Sans emploi;1175;Compte courant, Carte bancaire;Non;1240
C856;45;Employé;2984;Compte premium, Mastercard, LDDS;Oui (Crédit conso);9190
C857;63;Retraité;1941;Compte courant, Carte bancaire, LDDS;Non;11180
C858;30;Entrepreneur local;4433;Compte courant, Carte pro, PEA, Virement instantané;Oui (Micro-crédit + Crédit de trésorerie);22940
C859;81;Retraité;1842;Compte senior, Carte bancaire, Compte sur livret;Non;26610
C860;84;Retraité;1182;Compte joint, Carte senior, Livret A;Non;20360
C861;41;Cadre;7680;Compte joint, Mastercard Gold, PEA;Non;57390
C862;39;Artisan;4610;Compte professionnel, Carte bancaire, Compte sur livret, Terminal de paiement;Oui (Micro-crédit);16000
C863;48;Sans emploi;521;Compte de base, Carte bancaire, Livret A, Banque en ligne;Non;430
C864;55;Entrepreneur local;4096;Compte professionnel, Carte pro, Compte à terme;Oui (Micro-crédit);26360
C865;43;Employé;2210;Compte, Visa Classic, Livret A, Protection des moyens de paiement;Non;10470
C866;24;Étudiant;491;Compte, Carte bancaire, Compte sur livret, Banque en ligne;Non;0
C867;46;Entrepreneur local;4208;Compte courant, Carte pro, Compte à terme, Terminal de paiement;Oui (Crédit professionnel);15920
C868;55;Commerçant;4106;Compte professionnel, Mastercard Business, Compte à terme, Virement instantané;Non;7650
C869;85;Retraité;1854;Compte senior, Carte bancaire, Livret A, Protection des moyens de paiement;Non;9170
C870;26;Étudiant;620;Compte d'épargne, Carte de retrait, Livret A;Non;680
C871;42;Employé;3860;Compte joint, Carte bancaire, Plan épargne logement;Oui (Crédit conso);12780
C872;40;Employé;3873;Compte courant, Carte premium, LDDS;Non;9560
C873;84;Retraité;2735;Compte courant, Carte de retrait, Compte sur livret, Assurance santé, Alerte SMS;Non;30120
C874;40;Employé;3761;Compte, Visa Classic, Assurance vie;Oui (Crédit auto);13930
C875;25;Étudiant;943;Compte courant, Carte Jeune, Compte sur livret;Oui (Crédit étudiant);760
C876;29;Sans emploi;1174;Compte de base, Carte de retrait, Paiement sans contact;Non;1920
C877;83;Retraité;2573;Compte joint, Carte de retrait, Assurance vie;Non;37550
C878;64;Retraité;2701;Compte senior, Carte de retrait, LDDS, Assurance santé;Non;31920
C879;35;Cadre;5022;Compte joint, Mastercard Gold, Assurance vie;Non;20120
C880;54;Cadre;6260;Compte courant, Mastercard Gold, Assurance vie, Assurance santé;Non;60140
C881;39;Artisan;5538;Compte, Carte pro, Assurance vie, Virement instantané;Non;48310
C882;85;Retraité;1653;Compte, Carte senior, LDDS;Non;24400
C883;30;Employé;3337;Compte premium, Carte premium, Livret A;Non;18000
C884;37;Employé;1967;Compte, Mastercard, Assurance vie, Protection des moyens de paiement;Non;10070
C885;23;Étudiant;993;Compte, Carte Jeune, Livret A;Oui (Crédit étudiant);620
C886;37;Artisan;3140;Compte courant, Carte pro, Compte à terme;Non;23840
C887;24;Fonctionnaire;2415;Compte courant, Visa Classic, Assurance vie;Non;14560
C888;41;Employé;4041;Compte courant, Mastercard, Plan épargne logement;Non;15450
C889;33;Entrepreneur local;3365;Compte professionnel, Visa Business, Compte à terme, Banque en ligne, Terminal de paiement;Non;28930
C890;37;Sans emploi;852;Compte courant, Carte bancaire, Livret A, Alerte SMS;Non;1250
C891;24;Étudiant;642;Compte d'épargne, Carte bancaire, Compte sur livret;Non;930
C892;38;Fonctionnaire;3319;Compte courant, Visa Classic, Livret A;Non;23100
C893;60;Retraité;2856;Compte, Carte de retrait, Compte sur livret;Oui (Crédit auto);30540
C894;71;Retraité;2148;Compte joint, Carte de retrait, Assurance vie;Non;16200
C895;55;Fonctionnaire;2251;Compte, Carte premium, Livret A, Assurance santé, Paiement sans contact;Oui (Crédit conso);20240
C896;35;Employé;2134;Compte premium, Visa Classic, Assurance vie, Paiement sans contact;Non;11410
C897;40;Fonctionnaire;2088;Compte courant, Carte bancaire, Plan épargne logement, Protection des moyens de paiement;Non;22220
C898;52;Entrepreneur local;4557;Compte courant, Visa Business, Compte sur livret, Banque en ligne;Oui (Micro-crédit);19970
C899;45;Artisan;3334;Compte professionnel, Visa Business, PEA, Carte pro;Oui (Crédit professionnel);11200
C900;41;Employé;3217;Compte, Visa Classic, Plan épargne logement, Alerte SMS;Oui (Crédit immo);13460
C901;51;Entrepreneur local;5688;Compte professionnel, Mastercard Business, Assurance vie, Banque en ligne;Oui (Crédit professionnel);18570
C902;41;Employé;2959;Compte courant, Mastercard, Plan épargne logement;Non;22400
C903;19;Étudiant;854;Compte courant, Carte Jeune, Livret A, Alerte SMS;Non;430
C904;48;Entrepreneur local;5529;Compte, Visa Business, Compte à terme;Oui (Crédit de trésorerie);18150
C905;51;Employé;3082;Compte courant, Mastercard, Assurance vie, Alerte SMS;Oui (Crédit conso);17440
C906;52;Sans emploi;684;Compte courant, Carte de retrait, Livret A, Banque en ligne;Non;450
C907;42;Sans emploi;817;Compte de base, Carte de retrait, Livret A, Banque en ligne;Oui (Micro-crédit);430
C908;46;Artisan;3550;Compte courant, Carte bancaire, Assurance vie, Virement instantané;Non;15010
C909;30;Employé;3533;Compte premium, Mastercard, Assurance vie;Non;17250
C910;39;Cadre;3192;Compte premium, Visa Gold, Livret A, Assurance habitation, Alerte SMS;Oui (Crédit immo + Crédit auto);26100
C911;41;Entrepreneur local;6535;Compte courant, Mastercard Business, Compte à terme;Oui (Crédit professionnel);11520
C912;66;Retraité;2874;Compte senior, Carte de retrait, LDDS;Non;40650
C913;42;Sans emploi;871;Compte, Carte bancaire;Non;680
C914;58;Artisan;3121;Compte pro, Carte bancaire, Assurance vie, Terminal de paiement;Oui (Crédit véhicule);21530
C915;45;Cadre;3423;Compte joint, Carte bancaire, Assurance vie, Assurance habitation;Oui (Crédit conso);39050
C916;58;Artisan;6324;Compte courant, Carte pro, Compte sur livret;Non;41660
C917;32;Sans emploi;1128;Compte, Carte bancaire, Livret A;Oui (Crédit conso);600
C918;47;Sans emploi;818;Compte courant, Carte de retrait;Non;720
C919;49;Employé;3266;Compte joint, Carte bancaire, Livret A, Assurance habitation;Oui (Crédit immo);11400
C920;60;Retraité;1851;Compte, Carte senior, Livret A;Non;10740
C921;24;Étudiant;596;Compte courant, Carte Jeune, Livret A;Non;1070
C922;44;Employé;3986;Compte courant, Mastercard, Assurance vie, Assurance habitation;Non;16260
C923;37;Fonctionnaire;2859;Compte premium, Carte premium, Plan épargne logement, Assurance santé;Non;26820
C924;49;Entrepreneur local;6936;Compte pro, Mastercard Business, Compte à terme, Terminal de paiement, Virement instantané;Oui (Crédit de trésorerie);22220
C925;29;Entrepreneur local;3389;Compte pro, Visa Business, Compte à terme, Banque en ligne;Non;26750
C926;30;Employé;2722;Compte courant, Carte premium, Assurance vie, Alerte SMS;Non;9740
C927;37;Entrepreneur local;2320;Compte courant, Mastercard Business, PEA;Non;8490
C928;43;Sans emploi;893;Compte, Carte de retrait, Livret A;Non;1480
C929;22;Étudiant;1024;Compte jeune, Carte de retrait, Livret A;Non;0
C930;33;Fonctionnaire;3196;Compte joint, Carte bancaire, LDDS;Non;12600
C931;33;Employé;2013;Compte joint, Carte bancaire, Assurance vie, Protection des moyens de paiement;Oui (Crédit immo);9020
C932;48;Cadre;6623;Compte, Carte bancaire, LDDS, Assurance santé;Non;88090
C933;40;Fonctionnaire;3289;Compte, Visa Classic, LDDS;Oui (Crédit auto);20000
C934;44;Fonctionnaire;3930;Compte courant, Visa Classic, Livret A, Assurance santé, Alerte SMS;Non;37240
C935;40;Entrepreneur local;4959;Compte, Visa Business, PEA, Banque en ligne;Non;36050
C936;33;Entrepreneur local;6181;Compte, Carte pro, PEA, Banque en ligne;Oui (Crédit professionnel);45480
C937;47;Employé;2606;Compte joint, Carte premium, Assurance vie, Assurance habitation;Oui (Crédit immo + Crédit conso);10180
C938;44;Employé;2220;Compte courant, Carte premium, Plan épargne logement, Assurance habitation;Oui (Crédit immo);8150
C939;23;Étudiant;697;Compte, Carte Jeune, Livret A, Alerte SMS;Non;0
C940;45;Employé;3030;Compte courant, Visa Classic, Plan épargne logement;Oui (Crédit auto + Crédit conso);11100
C941;83;Retraité;2546;Compte, Carte bancaire, Livret A, Protection des moyens de paiement;Non;39780
C942;56;Employé;1966;Compte joint, Carte premium, LDDS;Non;9900
C943;54;Artisan;3941;Compte professionnel, Visa Business, Assurance vie, Banque en ligne;Oui (Micro-crédit);18050
C944;40;Fonctionnaire;3920;Compte premium, Carte bancaire, LDDS;Non;29890
C945;22;Étudiant;555;Compte, Carte Jeune, Livret A;Oui (Découvert autorisé);590
C946;74;Retraité;2210;Compte senior, Carte de retrait, Livret A, Assurance vie;Non;22970
C947;52;Entrepreneur local;4053;Compte courant, Visa Business, Compte sur livret, Terminal de paiement, Banque en ligne;Non;37190
C948;36;Employé;2633;Compte, Visa Classic, LDDS;Non;10760
C949;48;Fonctionnaire;3064;Compte courant, Carte premium, LDDS, Assurance habitation, Banque en ligne;Non;17690
C950;36;Employé;3711;Compte premium, Carte premium, LDDS, Protection des moyens de paiement;Non;20740
C951;81;Retraité;2676;Compte senior, Carte de retrait, LDDS, Assurance vie;Non;28360
C952;41;Fonctionnaire;4408;Compte, Mastercard, LDDS, Paiement sans contact;Oui (Crédit auto);35740
C953;42;Commerçant;4856;Compte pro, Mastercard Business, Compte sur livret, Banque en ligne;Non;26040
C954;42;Employé;2930;Compte courant, Visa Classic, LDDS, Protection des moyens de paiement;Oui (Crédit conso + Crédit immo);9240
C955;51;Employé;2380;Compte courant, Carte premium, LDDS;Non;5600
C956;70;Retraité;2648;Compte courant, Carte senior, Livret A, Assurance santé;Non;26430
C957;75;Retraité;2627;Compte senior, Carte de retrait, Livret A, Protection des moyens de paiement, Alerte SMS;Oui (Crédit auto);32980
C958;24;Sans emploi;853;Compte de base, Carte bancaire, Livret A, Alerte SMS;Non;810
C959;38;Sans emploi;987;Compte, Carte bancaire, Livret A;Non;800
C960;48;Fonctionnaire;3189;Compte premium, Carte premium, Assurance vie;Non;15930
C961;34;Employé;2745;Compte courant, Mastercard, Plan épargne logement, Paiement sans contact;Oui (Crédit conso);5970
C962;72;Retraité;1765;Compte courant, Carte de retrait, Livret A, Protection des moyens de paiement;Non;27200
C963;75;Retraité;2247;Compte courant, Carte de retrait, Compte sur livret;Oui (Crédit auto);31640
C964;52;Sans emploi;893;Compte courant, Carte de retrait, Livret A;Non;500
C965;49;Fonctionnaire;3730;Compte, Visa Classic, Assurance vie;Oui (Crédit auto);13950
C966;29;Employé;3065;Compte, Carte bancaire, LDDS, Protection des moyens de paiement, Paiement sans contact;Non;18700
C967;45;Employé;2300;Compte joint, Mastercard, LDDS;Non;14860
C968;36;Employé;2382;Compte, Carte bancaire, Livret A, Assurance habitation;Oui (Crédit immo);8870
C969;23;Étudiant;800;Compte courant, Carte de retrait, Livret A;Non;1040
C970;84;Retraité;2052;Compte senior, Carte senior, Compte sur livret;Oui (Crédit auto);30030
C971;50;Employé;2484;Compte premium, Carte bancaire, LDDS;Oui (Crédit immo);15210
C972;36;Entrepreneur local;2924;Compte professionnel, Mastercard Business, Assurance vie, Carte pro;Oui (Crédit professionnel + Crédit de trésorerie);8510
C973;41;Entrepreneur local;5551;Compte pro, Mastercard Business, Compte à terme, Banque en ligne;Oui (Crédit professionnel);35020
C974;65;Retraité;1873;Compte joint, Carte de retrait, LDDS;Non;31270
C975;55;Entrepreneur local;4565;Compte professionnel, Visa Business, PEA, Terminal de paiement;Oui (Crédit professionnel);6770
C976;43;Employé;2188;Compte joint, Carte bancaire, LDDS, Protection des moyens de paiement;Non;13000
C977;22;Étudiant;703;Compte jeune, Carte Jeune, Compte sur livret, Banque en ligne;Non;420
C978;46;Cadre;7266;Compte joint, Carte bancaire, Plan épargne logement, Banque en ligne;Non;82510
C979;37;Employé;3907;Compte, Mastercard, Plan épargne logement;Oui (Crédit auto);15990
C980;77;Retraité;1406;Compte senior, Carte de retrait, Compte sur livret, Banque en ligne;Non;21680
C981;47;Sans emploi;1254;Compte courant, Carte de retrait, Compte sur livret;Non;660
C982;42;Employé;3943;Compte premium, Carte premium, Livret A;Oui (Crédit immo);4320
C983;29;Entrepreneur local;5450;Compte courant, Visa Business, Compte sur livret;Non;48630
C984;42;Fonctionnaire;4037;Compte, Carte premium, LDDS;Non;31550
C985;39;Employé;3758;Compte joint, Carte bancaire, Assurance vie;Non;20410
C986;54;Cadre;5350;Compte, Carte premium, PEA, Assurance habitation;Oui (Crédit conso);57990
C987;80;Retraité;2308;Compte senior, Carte de retrait, Assurance vie, Assurance santé, Banque en ligne;Non;12640
C988;61;Retraité;2475;Compte, Carte senior, Assurance vie, Banque en ligne;Non;25190
C989;53;Employé;2406;Compte premium, Carte bancaire, Plan épargne logement, Protection des moyens de paiement;Oui (Crédit auto);6340
C990;22;Étudiant;604;Compte courant, Carte Jeune;Non;660
C991;53;Employé;3407;Compte courant, Carte bancaire, Assurance vie;Oui (Crédit conso);19790
C992;21;Étudiant;720;Compte courant, Carte bancaire, Compte sur livret;Non;1230
C993;33;Indépendant;4998;Compte courant, Carte pro, Compte à terme;Non;11580
C994;35;Artisan;1857;Compte pro, Visa Business, Compte sur livret, Virement instantané;Non;11680
C995;38;Employé;2242;Compte courant, Mastercard, Livret A, Banque en ligne;Oui (Crédit immo);6920
C996;68;Retraité;2251;Compte senior, Carte bancaire, Livret A, Alerte SMS;Oui (Crédit conso);8010
C997;42;Employé;3020;Compte courant, Carte bancaire, Livret A, Assurance santé;Oui (Crédit auto);10600
C998;43;Artisan;5231;Compte, Carte bancaire, Compte à terme, Terminal de paiement;Non;33110
C999;22;Étudiant;941;Compte jeune, Carte Jeune, Livret A, Banque en ligne;Non;1340
C1000;67;Retraité;1711;Compte senior, Carte senior, LDDS;Non;20040
C1001;51;Artisan;2846;Compte, Visa Business, PEA, Virement instantané;Oui (Crédit véhicule);3440
C1002;85;Retraité;1732;Compte, Carte de retrait, Compte sur livret, Protection des moyens de paiement;Non;32750
C1003;40;Entrepreneur local;5189;Compte professionnel, Visa Business, Assurance vie, Banque en ligne;Non;26000
C1004;25;Étudiant;893;Compte d'épargne, Carte de retrait, Livret A, Alerte SMS;Oui (Crédit conso);390
C1005;37;Employé;2897;Compte, Visa Classic, LDDS, Protection des moyens de paiement;Non;3530
C1006;39;Fonctionnaire;3644;Compte, Mastercard, LDDS, Assurance habitation;Oui (Crédit conso);29110
C1007;37;Artisan;5617;Compte courant, Carte pro, PEA, Banque en ligne;Non;29880
C1008;53;Employé;1345;Compte courant, Carte bancaire, Plan épargne logement, Assurance santé;Oui (Crédit immo);6390
C1009;56;Fonctionnaire;2969;Compte joint, Carte premium, LDDS, Alerte SMS;Non;14520
C1010;45;Employé;3119;Compte courant, Carte premium, Assurance vie, Banque en ligne;Non;14080
C1011;84;Retraité;2260;Compte joint, Carte senior, LDDS, Protection des moyens de paiement;Non;18870
C1012;42;Indépendant;5893;Compte pro, Visa Business, PEA;Oui (Crédit professionnel);16560
C1013;47;Indépendant;4876;Compte courant, Carte bancaire, Compte sur livret;Oui (Crédit conso);33070
C1014;35;Employé;2991;Compte joint, Mastercard, Livret A;Non;14240
C1015;39;Employé;2523;Compte premium, Carte premium, Plan épargne logement, Assurance habitation;Non;14420
C1016;46;Cadre;4271;Compte courant, Carte bancaire, Livret A, Assurance santé;Non;46000
C1017;72;Retraité;2533;Compte joint, Carte de retrait, Assurance vie, Alerte SMS;Non;13750
C1018;51;Cadre;6254;Compte courant, Mastercard Gold, Assurance vie, Assurance habitation;Non;80380
C1019;45;Employé;3203;Compte courant, Visa Classic, Assurance vie;Non;18080
C1020;40;Employé;2007;Compte courant, Mastercard, Livret A, Alerte SMS;Oui (Crédit immo);6250
C1021;37;Entrepreneur local;4941;Compte professionnel, Visa Business, Assurance vie;Oui (Crédit de trésorerie);10400
C1022;76;Retraité;2355;Compte courant, Carte senior, Livret A, Assurance santé;Non;38330
C1023;51;Sans emploi;693;Compte courant, Carte bancaire, Compte sur livret, Paiement sans contact;Non;1010
C1024;62;Retraité;1871;Compte, Carte bancaire, Compte sur livret, Assurance santé;Non;34340
C1025;34;Employé;3226;Compte, Carte premium, Plan épargne logement;Oui (Crédit auto);8220
C1026;40;Employé;2800;Compte premium, Mastercard, Assurance vie;Non;10880
C1027;59;Artisan;3598;Compte pro, Visa Business, Compte sur livret;Oui (Crédit véhicule);17010
C1028;41;Entrepreneur local;6791;Compte professionnel, Mastercard Business, Assurance vie, Carte pro;Non;33330
C1029;62;Retraité;2866;Compte joint, Carte de retrait, Compte sur livret;Oui (Crédit santé);11450
C1030;54;Employé;2547;Compte premium, Visa Classic, LDDS;Oui (Crédit immo + Crédit conso);11400
C1031;34;Employé;3536;Compte premium, Visa Classic, Assurance vie;Non;6300
C1032;43;Fonctionnaire;3981;Compte joint, Visa Classic, LDDS;Oui (Crédit immo);47560
C1033;27;Fonctionnaire;4427;Compte premium, Carte bancaire, Plan épargne logement;Non;33040
C1034;44;Employé;2183;Compte courant, Carte premium, Plan épargne logement, Assurance santé;Oui (Crédit auto);5950
C1035;48;Indépendant;4161;Compte professionnel, Carte pro, Compte sur livret, Terminal de paiement;Non;13050
C1036;26;Étudiant;414;Compte, Carte Jeune, Compte sur livret;Non;270
C1037;34;Employé;2694;Compte courant, Mastercard, Plan épargne logement;Non;7660
C1038;48;Employé;1713;Compte, Mastercard, Protection des moyens de paiement, Paiement sans contact;Oui (Crédit immo);4130
C1039;20;Étudiant;575;Compte, Carte bancaire;Non;580
C1040;70;Retraité;1746;Compte courant, Carte senior, Livret A;Oui (Crédit auto);21530
C1041;49;Cadre;6654;Compte joint, Visa Gold, LDDS, Assurance habitation;Oui (Crédit conso + Crédit auto);64150
C1042;38;Employé;2962;Compte joint, Carte premium, Assurance vie;Non;10310
C1043;26;Sans emploi;1111;Compte, Carte bancaire;Non;550
C1044;18;Étudiant;1085;Compte, Carte de retrait, Compte sur livret;Non;680
C1045;54;Sans emploi;650;Compte, Carte bancaire, Livret A;Non;0
C1046;51;Employé;2109;Compte joint, Visa Classic, LDDS, Assurance santé, Banque en ligne;Oui (Crédit auto);8700
C1047;68;Retraité;2670;Compte senior, Carte bancaire, Compte sur livret, Assurance santé;Non;26870
C1048;51;Employé;3581;Compte, Carte premium, Plan épargne logement, Protection des moyens de paiement;Non;17800
C1049;51;Employé;2959;Compte joint, Carte premium, Assurance vie, Protection des moyens de paiement;Oui (Crédit conso);14010
C1050;50;Employé;2367;Compte, Carte premium, Livret A, Assurance santé, Paiement sans contact;Oui (Crédit conso);11690
C1051;43;Employé;2871;Compte courant, Visa Classic, Livret A;Oui (Crédit immo);9270
C1052;56;Cadre;5194;Compte premium, Mastercard Gold, LDDS, Assurance habitation;Oui (Crédit conso + Crédit auto);54080
C1053;22;Étudiant;951;Compte, Carte de retrait, Compte sur livret, Paiement sans contact;Non;1070
C1054;53;Employé;2744;Compte, Carte premium, Livret A;Oui (Crédit auto);5810
C1055;43;Employé;3082;Compte premium, Carte premium, Plan épargne logement, Protection des moyens de paiement;Oui (Crédit immo);11630
C1056;56;Employé;3206;Compte courant, Carte premium, Assurance vie, Assurance santé;Non;9050
C1057;64;Commerçant;5778;Compte professionnel, Carte pro, PEA;Oui (Crédit professionnel);22690
C1058;49;Employé;2710;Compte premium, Carte premium, Plan épargne logement, Assurance santé;Non;10120
C1059;30;Sans emploi;917;Compte de base, Carte de retrait, Compte sur livret;Non;1120
C1060;33;Sans emploi;690;Compte courant, Carte bancaire;Oui (Découvert autorisé);450
C1061;51;Employé;3248;Compte premium, Visa Classic, Livret A;Non;16550
C1062;46;Employé;3082;Compte courant, Visa Classic, Plan épargne logement, Protection des moyens de paiement, Alerte SMS;Oui (Crédit conso);9640
C1063;47;Cadre;6274;Compte, Carte premium, Livret A;Non;53620
C1064;26;Étudiant;691;Compte jeune, Carte bancaire, Compte sur livret;Non;1300
C1065;33;Employé;2607;Compte courant, Visa Classic, Livret A;Non;7070
C1066;75;Retraité;2355;Compte courant, Carte bancaire, Assurance vie, Banque en ligne;Non;14580
C1067;38;Employé;2280;Compte joint, Carte premium, LDDS, Assurance habitation;Oui (Crédit immo);13280
C1068;70;Retraité;3030;Compte, Carte bancaire, Compte sur livret;Non;17250
C1069;58;Cadre;4646;Compte courant, Carte premium, PEA, Protection des moyens de paiement;Non;30340
C1070;36;Artisan;3463;Compte, Carte bancaire, Assurance vie, Virement instantané;Non;14250
C1071;41;Indépendant;3937;Compte courant, Visa Business, Compte sur livret, Carte pro;Non;6620
C1072;51;Employé;2763;Compte premium, Mastercard, Plan épargne logement, Assurance santé, Alerte SMS;Oui (Crédit immo);12600
C1073;75;Retraité;1805;Compte, Carte de retrait, Livret A, Assurance santé;Oui (Crédit auto);8810
C1074;21;Étudiant;574;Compte courant, Carte Jeune, Livret A;Non;0
C1075;74;Retraité;2263;Compte, Carte de retrait, Assurance vie, Protection des moyens de paiement;Non;16000
C1076;28;Sans emploi;869;Compte, Carte de retrait, Compte sur livret;Non;720
C1077;47;Indépendant;3599;Compte, Carte bancaire, Compte sur livret, Virement instantané;Oui (Crédit conso);28540
C1078;66;Retraité;2355;Compte, Carte bancaire, Compte sur livret;Non;23200
C1079;37;Fonctionnaire;3324;Compte courant, Carte premium, Assurance vie;Non;31520
C1080;38;Commerçant;5238;Compte, Mastercard Business, PEA, Banque en ligne;Oui (Crédit professionnel);33980
C1081;47;Employé;3872;Compte, Mastercard, Assurance vie;Non;16860
C1082;52;Entrepreneur local;4614;Compte pro, Carte pro, Compte sur livret;Non;35420
C1083;47;Employé;3998;Compte premium, Carte premium, Plan épargne logement, Assurance habitation;Non;22730
C1084;50;Employé;2217;Compte courant, Visa Classic, LDDS, Assurance habitation;Oui (Crédit conso);5120
C1085;26;Employé;2786;Compte courant, Carte premium, Plan épargne logement, Assurance habitation;Oui (Crédit immo);12140
C1086;30;Employé;4034;Compte joint, Visa Classic, Plan épargne logement;Non;4570
C1087;32;Employé;3195;Compte premium, Carte bancaire, Assurance vie, Assurance santé;Non;19630
C1088;55;Employé;1896;Compte premium, Visa Classic, Assurance vie;Non;12190
C1089;75;Retraité;2488;Compte senior, Carte de retrait, Assurance vie;Non;29020
C1090;49;Cadre;5904;Compte premium, Carte bancaire, Livret A, Assurance habitation;Non;36680
C1091;41;Employé;2914;Compte joint, Carte bancaire, LDDS;Non;7590
C1092;30;Artisan;3341;Compte professionnel, Carte bancaire, PEA, Terminal de paiement;Non;18060
C1093;50;Employé;2361;Compte courant, Carte bancaire, Livret A, Paiement sans contact;Non;8160
C1094;40;Fonctionnaire;4086;Compte courant, Visa Classic, Livret A;Oui (Crédit auto);14080
C1095;58;Entrepreneur local;3637;Compte pro, Mastercard Business, Compte à terme, Terminal de paiement;Non;12000
C1096;69;Retraité;1588;Compte, Carte bancaire;Oui (Crédit conso);12170
C1097;42;Sans emploi;971;Compte courant, Carte de retrait, Livret A;Non;0
C1098;83;Retraité;2380;Compte, Carte bancaire, Assurance vie;Oui (Crédit conso);27810
C1099;40;Commerçant;4225;Compte courant, Visa Business, PEA, Banque en ligne;Non;28790
C1100;20;Étudiant;577;Compte, Carte Jeune, Livret A, Paiement sans contact;Non;180
C1101;32;Employé;3727;Compte joint, Carte premium, Plan épargne logement, Assurance santé;Non;19040
C1102;42;Sans emploi;578;Compte, Carte de retrait, Livret A, Alerte SMS;Non;500
C1103;32;Employé;1503;Compte joint, Mastercard, Plan épargne logement, Assurance habitation;Non;4980
C1104;51;Employé;2787;Compte premium, Carte bancaire, Plan épargne logement, Assurance habitation, Banque en ligne;Non;15180
C1105;36;Artisan;4301;Compte pro, Visa Business, Compte à terme, Virement instantané;Non;33690
C1106;40;Employé;2621;Compte courant, Carte premium, Plan épargne logement;Oui (Crédit auto);8960
C1107;54;Fonctionnaire;3444;Compte courant, Carte bancaire, Livret A;Non;39440
C1108;56;Cadre;5043;Compte premium, Carte premium, LDDS;Non;62410
C1109;35;Employé;3237;Compte joint, Visa Classic, LDDS, Protection des moyens de paiement;Oui (Crédit auto);14300
C1110;26;Étudiant;744;Compte jeune, Carte bancaire;Oui (Crédit étudiant);490
C1111;51;Entrepreneur local;3678;Compte, Visa Business, PEA, Carte pro;Oui (Crédit de trésorerie);4860
C1112;24;Étudiant;652;Compte d'épargne, Carte Jeune, Livret A;Non;420
C1113;60;Fonctionnaire;2298;Compte joint, Carte premium, Livret A, Assurance habitation;Non;18410
C1114;36;Entrepreneur local;6060;Compte professionnel, Mastercard Business, PEA, Banque en ligne;Oui (Crédit de trésorerie);47070
C1115;33;Fonctionnaire;3772;Compte joint, Mastercard, Livret A;Non;26360
C1116;39;Employé;3435;Compte courant, Carte bancaire, LDDS;Non;20400
C1117;47;Employé;2186;Compte courant, Carte premium, Plan épargne logement;Non;10060
C1118;78;Retraité;1008;Compte courant, Carte de retrait, Compte sur livret;Non;14960
C1119;53;Employé;3016;Compte courant, Mastercard, Livret A, Protection des moyens de paiement;Non;17950
C1120;36;Artisan;1591;Compte, Carte bancaire, Compte sur livret;Non;10900
C1121;34;Employé;3209;Compte courant, Carte bancaire, Assurance vie, Assurance habitation;Non;16550
C1122;22;Étudiant;547;Compte d'épargne, Carte Jeune, Compte sur livret, Alerte SMS;Non;690
C1123;78;Retraité;1249;Compte, Carte senior, Livret A, Assurance vie;Non;12150
C1124;63;Retraité;2009;Compte senior, Carte de retrait, Livret A, Assurance vie;Non;10350
C1125;30;Employé;2476;Compte, Carte premium, Assurance vie, Assurance santé, Alerte SMS;Non;11480
C1126;40;Sans emploi;962;Compte, Carte de retrait;Oui (Découvert autorisé);670
C1127;52;Employé;3237;Compte courant, Carte premium, LDDS, Protection des moyens de paiement;Oui (Crédit immo + Crédit conso);6630
C1128;49;Employé;2359;Compte, Carte premium, LDDS, Banque en ligne;Non;7380
C1129;46;Artisan;4105;Compte, Carte pro, Assurance vie;Non;23750
C1130;42;Entrepreneur local;6239;Compte professionnel, Mastercard Business, PEA, Terminal de paiement;Oui (Crédit de trésorerie);33610
C1131;19;Étudiant;980;Compte d'épargne, Carte bancaire, Livret A;Non;500
C1132;81;Retraité;1656;Compte senior, Carte de retrait, Livret A;Non;19480
C1133;27;Employé;2368;Compte, Mastercard, Livret A, Protection des moyens de paiement;Oui (Crédit immo);9240
C1134;48;Employé;2641;Compte courant, Carte premium, LDDS, Assurance santé;Oui (Crédit conso);11140
C1135;30;Artisan;4565;Compte pro, Carte pro, Compte sur livret, Virement instantané;Non;22960
C1136;67;Retraité;2560;Compte joint, Carte bancaire, LDDS, Protection des moyens de paiement;Non;24610
C1137;55;Entrepreneur local;4137;Compte courant, Mastercard Business, PEA, Virement instantané;Non;22150
C1138;32;Entrepreneur local;5817;Compte, Visa Business, Compte à terme, Terminal de paiement;Oui (Crédit de trésorerie + Micro-crédit);26830
C1139;36;Employé;4013;Compte premium, Visa Classic, Livret A;Non;18300
C1140;62;Retraité;1756;Compte senior, Carte senior, Assurance vie;Non;20380
C1141;36;Employé;3604;Compte premium, Mastercard, Plan épargne logement, Paiement sans contact;Non;22830
C1142;46;Employé;2589;Compte joint, Mastercard, Plan épargne logement, Paiement sans contact;Non;13850
C1143;35;Employé;3139;Compte joint, Visa Classic, Plan épargne logement, Assurance santé;Non;10650
C1144;77;Retraité;1897;Compte, Carte senior, LDDS;Non;3420
C1145;53;Employé;3923;Compte joint, Carte premium, Livret A;Non;17230
C1146;22;Étudiant;669;Compte, Carte Jeune, Livret A, Paiement sans contact;Oui (Crédit étudiant);0
C1147;40;Fonctionnaire;2274;Compte, Carte bancaire, Assurance vie, Assurance habitation;Non;20920
C1148;68;Retraité;2786;Compte courant, Carte bancaire, Compte sur livret, Alerte SMS;Non;20480
C1149;65;Retraité;1415;Compte senior, Carte senior, Assurance vie;Non;14930
C1150;33;Employé;2414;Compte premium, Carte premium, LDDS, Assurance habitation;Oui (Crédit auto);8720
C1151;51;Employé;3670;Compte, Mastercard, Plan épargne logement, Protection des moyens de paiement;Non;4770
C1152;43;Entrepreneur local;5199;Compte courant, Carte pro, Assurance vie, Terminal de paiement;Oui (Micro-crédit);16350
C1153;34;Employé;3143;Compte, Visa Classic, Livret A;Non;12470
C1154;38;Employé;2963;Compte premium, Carte bancaire, Assurance vie, Assurance santé;Non;9880
C1155;34;Employé;3118;Compte courant, Carte bancaire, Assurance vie, Assurance habitation, Banque en ligne;Non;6830
C1156;25;Sans emploi;629;Compte courant, Carte de retrait, Compte sur livret;Non;360
C1157;67;Retraité;2648;Compte courant, Carte senior, LDDS;Non;38160
C1158;45;Employé;1916;Compte premium, Mastercard, LDDS, Banque en ligne;Oui (Crédit auto);6060
C1159;35;Employé;3572;Compte, Carte premium, Livret A;Non;11560
C1160;71;Retraité;2193;Compte courant, Carte senior, Livret A, Protection des moyens de paiement;Non;30010
C1161;21;Étudiant;364;Compte d'épargne, Carte de retrait, Compte sur livret;Non;470
C1162;43;Fonctionnaire;4135;Compte premium, Carte premium, Plan épargne logement, Assurance habitation, Paiement sans contact;Non;59200
C1163;32;Fonctionnaire;4335;Compte premium, Mastercard, Plan épargne logement, Assurance habitation, Paiement sans contact;Non;44680
C1164;48;Entrepreneur local;6529;Compte pro, Carte pro, PEA, Banque en ligne;Oui (Crédit professionnel);28070
C1165;44;Artisan;3891;Compte, Carte bancaire, Compte à terme, Banque en ligne;Oui (Micro-crédit);25610
C1166;21;Étudiant;933;Compte courant, Carte bancaire, Compte sur livret, Paiement sans contact, Banque en ligne;Non;530
C1167;26;Employé;2410;Compte, Carte premium, Plan épargne logement, Assurance santé;Non;4230
C1168;63;Retraité;2673;Compte joint, Carte de retrait, Livret A, Alerte SMS;Non;24320
C1169;47;Sans emploi;974;Compte, Carte de retrait, Compte sur livret, Alerte SMS;Non;130
C1170;37;Entrepreneur local;6747;Compte courant, Mastercard Business, Assurance vie, Carte pro, Virement instantané;Non;25780
C1171;32;Entrepreneur local;5306;Compte courant, Carte pro, PEA;Non;34490
C1172;39;Employé;4052;Compte joint, Mastercard, Assurance vie;Non;13190
C1173;40;Fonctionnaire;3038;Compte premium, Carte premium, Plan épargne logement, Protection des moyens de paiement;Non;35010
C1174;20;Étudiant;620;Compte jeune, Carte bancaire;Non;670
C1175;41;Employé;2598;Compte, Mastercard, Livret A, Assurance santé, Alerte SMS;Oui (Crédit immo);16050
C1176;38;Employé;2617;Compte premium, Carte premium, Plan épargne logement, Assurance habitation;Non;12720
C1177;32;Employé;2657;Compte, Visa Classic, Plan épargne logement;Oui (Crédit auto + Crédit conso);12970
C1178;31;Sans emploi;594;Compte, Carte de retrait, Compte sur livret;Non;660
C1179;20;Étudiant;667;Compte courant, Carte Jeune, Livret A;Oui (Découvert autorisé);940
C1180;36;Employé;3633;Compte, Carte premium, Assurance vie, Protection des moyens de paiement;Oui (Crédit immo);13780
C1181;36;Employé;2788;Compte premium, Mastercard, Assurance vie, Protection des moyens de paiement;Oui (Crédit auto);9820
C1182;51;Cadre;6689;Compte premium, Visa Gold, LDDS, Assurance habitation;Non;38120
C1183;22;Étudiant;570;Compte, Carte de retrait, Compte sur livret, Banque en ligne;Oui (Crédit conso);650
C1184;37;Fonctionnaire;3842;Compte, Mastercard, LDDS, Assurance habitation, Alerte SMS;Non;28740
C1185;41;Fonctionnaire;4607;Compte premium, Carte premium, Assurance vie;Non;43820
C1186;50;Commerçant;5709;Compte courant, Carte pro, Compte à terme, Virement instantané;Oui (Crédit professionnel);34850
C1187;56;Commerçant;5121;Compte, Mastercard Business, Compte à terme;Non;4850
C1188;54;Entrepreneur local;5437;Compte professionnel, Mastercard Business, Assurance vie, Carte pro;Oui (Crédit professionnel);29780
C1189;77;Retraité;3113;Compte senior, Carte senior, Livret A;Non;51690
C1190;47;Cadre;4782;Compte courant, Mastercard Gold, Livret A;Oui (Crédit conso);44460
C1191;24;Employé;2436;Compte, Carte premium, Livret A;Oui (Crédit conso);12130
C1192;73;Retraité;1118;Compte senior, Carte de retrait, LDDS, Protection des moyens de paiement;Non;12830
C1193;51;Fonctionnaire;4415;Compte premium, Visa Classic, LDDS, Assurance santé, Paiement sans contact;Non;27130
C1194;34;Entrepreneur local;7679;Compte pro, Mastercard Business, Compte à terme, Banque en ligne, Virement instantané;Non;34240
C1195;37;Fonctionnaire;4901;Compte, Carte bancaire, Livret A, Banque en ligne;Non;17970
C1196;48;Fonctionnaire;3033;Compte premium, Carte bancaire, Plan épargne logement;Oui (Crédit auto);23820
C1197;39;Fonctionnaire;2520;Compte premium, Carte bancaire, Livret A, Alerte SMS;Oui (Crédit immo);11310
C1198;42;Fonctionnaire;3442;Compte premium, Carte bancaire, Plan épargne logement;Non;37440
C1199;40;Fonctionnaire;2771;Compte joint, Carte bancaire, LDDS;Non;29380
C1200;74;Retraité;1961;Compte courant, Carte bancaire, Assurance vie, Protection des moyens de paiement;Non;32800
C1201;39;Sans emploi;1116;Compte courant, Carte de retrait, Livret A;Non;450
C1202;65;Entrepreneur local;6366;Compte professionnel, Carte pro, PEA, Terminal de paiement;Oui (Crédit de trésorerie);33100
C1203;50;Indépendant;5560;Compte professionnel, Carte bancaire, Compte sur livret;Non;36250
C1204;40;Fonctionnaire;2184;Compte, Visa Classic, Livret A, Assurance habitation;Oui (Crédit immo);19550
C1205;31;Employé;3103;Compte, Visa Classic, Assurance vie;Non;14250
C1206;53;Artisan;4247;Compte professionnel, Visa Business, Compte sur livret;Non;8160
C1207;43;Cadre;6038;Compte, Carte premium, PEA, Assurance santé;Oui (Crédit immo);29260
C1208;53;Employé;3804;Compte, Carte bancaire, LDDS, Protection des moyens de paiement;Oui (Crédit conso);24230
C1209;22;Étudiant;648;Compte jeune, Carte bancaire, Livret A, Paiement sans contact;Non;420
C1210;38;Employé;3127;Compte joint, Mastercard, Livret A;Non;15130
C1211;19;Étudiant;797;Compte jeune, Carte de retrait, Livret A;Non;1130
C1212;28;Employé;1938;Compte, Carte bancaire, Livret A, Banque en ligne;Oui (Crédit auto);6260
C1213;36;Entrepreneur local;6015;Compte courant, Visa Business, Compte à terme, Virement instantané;Oui (Crédit professionnel);14480
C1214;33;Employé;3259;Compte courant, Carte premium, Assurance vie, Assurance santé, Alerte SMS;Non;8850
C1215;50;Fonctionnaire;3923;Compte courant, Carte premium, Assurance vie, Assurance santé, Banque en ligne;Non;31940
C1216;30;Fonctionnaire;3400;Compte joint, Visa Classic, Assurance vie;Oui (Crédit immo);18780
C1217;44;Entrepreneur local;3532;Compte courant, Visa Business, Assurance vie, Terminal de paiement;Non;22130
C1218;44;Employé;3539;Compte, Carte bancaire, Livret A, Assurance santé;Non;11500
C1219;57;Commerçant;5650;Compte pro, Mastercard Business, Compte sur livret, Carte pro;Non;43520
C1220;78;Retraité;1896;Compte courant, Carte bancaire, LDDS, Assurance vie;Non;23200
C1221;58;Sans emploi;935;Compte courant, Carte bancaire, Livret A;Non;660
C1222;75;Retraité;1714;Compte, Carte de retrait, Assurance vie, Assurance santé, Alerte SMS;Non;19380
C1223;31;Fonctionnaire;4783;Compte courant, Visa Classic, LDDS, Assurance habitation;Non;58900
C1224;57;Employé;3217;Compte courant, Carte bancaire, LDDS, Alerte SMS;Non;18340
C1225;80;Retraité;2817;Compte joint, Carte de retrait, Assurance vie;Non;5980
C1226;50;Fonctionnaire;2904;Compte premium, Carte bancaire, LDDS;Non;22610
C1227;37;Employé;2896;Compte, Carte bancaire, Livret A, Banque en ligne;Non;9240
C1228;20;Étudiant;938;Compte d'épargne, Carte Jeune, Livret A, Paiement sans contact;Oui (Crédit conso);1520
C1229;84;Retraité;1834;Compte courant, Carte de retrait, Assurance vie, Alerte SMS;Non;6680
C1230;49;Employé;2839;Compte courant, Carte premium, LDDS, Paiement sans contact;Oui (Crédit auto);10990
C1231;81;Retraité;2143;Compte senior, Carte senior, Assurance vie;Non;25820
C1232;37;Fonctionnaire;3011;Compte, Visa Classic, Plan épargne logement;Oui (Crédit conso);10930
C1233;85;Retraité;2347;Compte courant, Carte de retrait, Livret A;Non;29230
C1234;50;Sans emploi;596;Compte, Carte de retrait, Livret A;Non;860
C1235;70;Retraité;2136;Compte senior, Carte de retrait, Assurance vie;Oui (Crédit auto);13620
C1236;35;Fonctionnaire;3705;Compte joint, Carte bancaire, Livret A;Non;19310
C1237;49;Employé;1711;Compte, Carte bancaire, Banque en ligne;Non;9450
C1238;43;Fonctionnaire;2482;Compte joint, Mastercard, Livret A;Oui (Crédit immo);14580
C1239;49;Sans emploi;904;Compte courant, Carte bancaire, Livret A;Non;750
C1240;34;Cadre;4554;Compte, Mastercard Gold, Livret A;Non;18540
C1241;23;Étudiant;987;Compte, Carte Jeune, Compte sur livret;Non;1150
C1242;35;Employé;2433;Compte courant, Carte premium, Livret A, Banque en ligne;Oui (Crédit immo + Crédit conso);6790
C1243;79;Retraité;2175;Compte, Carte de retrait, Assurance vie, Assurance santé;Non;8820
C1244;38;Employé;3628;Compte, Mastercard, Assurance vie;Oui (Crédit immo);14360
C1245;56;Entrepreneur local;4276;Compte, Visa Business, Assurance vie, Terminal de paiement;Oui (Crédit de trésorerie);21300
C1246;33;Employé;3095;Compte joint, Carte premium, Livret A, Assurance santé;Non;7770
C1247;51;Sans emploi;868;Compte, Carte bancaire;Oui (Micro-crédit);1320
C1248;46;Employé;3443;Compte, Visa Classic, LDDS;Non;15840
C1249;33;Employé;3713;Compte, Carte premium, Plan épargne logement;Non;16650
C1250;45;Commerçant;5971;Compte professionnel, Carte pro, Assurance vie;Oui (Crédit professionnel);40550
C1251;42;Employé;3319;Compte joint, Carte bancaire, Livret A;Non;10010
C1252;55;Employé;3599;Compte joint, Carte bancaire, LDDS;Oui (Crédit immo);6850
C1253;40;Sans emploi;885;Compte, Carte de retrait, Livret A, Paiement sans contact;Non;470
C1254;36;Employé;2427;Compte, Carte bancaire, Plan épargne logement;Non;9640
C1255;46;Entrepreneur local;5049;Compte, Carte pro, Assurance vie;Non;6420
C1256;24;Étudiant;541;Compte courant, Carte Jeune, Compte sur livret;Oui (Découvert autorisé);350
C1257;33;Commerçant;5135;Compte, Mastercard Business, PEA, Terminal de paiement, Virement instantané;Non;14660
C1258;85;Retraité;1499;Compte senior, Carte bancaire, Assurance vie, Protection des moyens de paiement;Non;22290
C1259;84;Retraité;3115;Compte courant, Carte bancaire, Assurance vie;Non;28620
C1260;21;Étudiant;459;Compte, Carte Jeune, Compte sur livret, Alerte SMS;Non;580
C1261;40;Employé;2792;Compte, Carte bancaire, LDDS, Assurance habitation;Non;19010
C1262;29;Artisan;5362;Compte, Carte pro, PEA, Virement instantané;Oui (Crédit professionnel);31700
C1263;37;Employé;1841;Compte courant, Carte premium, Plan épargne logement;Non;10220
C1264;30;Sans emploi;743;Compte courant, Carte bancaire, Livret A, Alerte SMS;Non;60
C1265;37;Entrepreneur local;4539;Compte pro, Visa Business, Assurance vie, Carte pro, Banque en ligne;Oui (Crédit de trésorerie);17420
C1266;22;Sans emploi;1103;Compte de base, Carte de retrait, Compte sur livret;Non;1260
C1267;48;Employé;2806;Compte premium, Carte premium, Assurance vie;Non;15520
C1268;46;Fonctionnaire;3951;Compte, Mastercard, Assurance vie;Non;34900
C1269;41;Employé;2588;Compte joint, Visa Classic, LDDS, Assurance habitation;Non;6700
C1270;42;Commerçant;4641;Compte courant, Mastercard Business, PEA, Carte pro;Non;27900
C1271;48;Artisan;3046;Compte pro, Visa Business, Compte à terme;Oui (Crédit véhicule);12390
C1272;54;Employé;2183;Compte, Mastercard, Assurance vie;Non;5260
C1273;44;Employé;3159;Compte courant, Carte premium, Assurance vie, Paiement sans contact;Oui (Crédit immo);9190
C1274;39;Fonctionnaire;3260;Compte, Visa Classic, Plan épargne logement, Paiement sans contact;Non;38400
C1275;49;Fonctionnaire;3129;Compte premium, Visa Classic, Plan épargne logement;Oui (Crédit immo);28760
C1276;40;Employé;3187;Compte courant, Carte premium, Livret A, Protection des moyens de paiement;Oui (Crédit auto);10900
C1277;30;Artisan;2371;Compte courant, Visa Business, Compte sur livret;Non;10850
C1278;54;Commerçant;2560;Compte, Visa Business, Compte sur livret;Oui (Crédit de trésorerie + Micro-crédit);13680
C1279;51;Fonctionnaire;3514;Compte joint, Carte premium, Livret A;Non;22810
C1280;22;Étudiant;729;Compte jeune, Carte Jeune, Compte sur livret;Non;1110
C1281;31;Employé;1631;Compte premium, Carte premium;Non;7640
C1282;34;Cadre;6419;Compte courant, Carte premium, LDDS, Assurance habitation, Banque en ligne;Oui (Crédit conso);85490
C1283;45;Employé;2282;Compte premium, Carte bancaire, LDDS, Banque en ligne;Oui (Crédit conso + Crédit auto);1370
C1284;46;Employé;2458;Compte joint, Visa Classic, Assurance vie, Assurance habitation, Banque en ligne;Non;15590
C1285;69;Retraité;1777;Compte senior, Carte bancaire, LDDS, Assurance santé;Oui (Crédit conso);8260
C1286;58;Employé;2454;Compte premium, Carte premium, LDDS;Oui (Crédit conso);9330
C1287;65;Retraité;1368;Compte, Carte senior;Non;7540
C1288;40;Employé;4152;Compte premium, Carte premium, Plan épargne logement;Oui (Crédit immo);20840
C1289;31;Employé;3004;Compte joint, Carte premium, LDDS;Non;16310
C1290;50;Entrepreneur local;5605;Compte courant, Mastercard Business, Compte sur livret, Carte pro;Non;46700
C1291;38;Employé;3493;Compte, Carte premium, Livret A, Banque en ligne;Oui (Crédit auto);14760
C1292;32;Employé;4310;Compte joint, Carte bancaire, Plan épargne logement;Non;17410
C1293;29;Employé;3232;Compte, Visa Classic, Plan épargne logement;Non;22400
C1294;77;Retraité;2464;Compte joint, Carte de retrait, Compte sur livret;Non;42480
C1295;52;Employé;3671;Compte courant, Carte premium, Assurance vie;Non;9200
C1296;40;Artisan;4775;Compte, Visa Business, Compte à terme, Banque en ligne;Non;32570
C1297;23;Étudiant;523;Compte jeune, Carte de retrait, Compte sur livret;Non;1130
C1298;44;Cadre;5287;Compte joint, Carte bancaire, LDDS;Oui (Crédit conso + Crédit auto);43680
C1299;55;Entrepreneur local;6969;Compte courant, Mastercard Business, Compte à terme, Banque en ligne;Oui (Crédit de trésorerie);18960
C1300;67;Retraité;1936;Compte, Carte de retrait, Compte sur livret;Non;25840
C1301;39;Employé;1765;Compte courant, Mastercard, Protection des moyens de paiement;Non;6890
C1302;53;Employé;2788;Compte courant, Visa Classic, Assurance vie, Assurance habitation;Non;7050
C1303;78;Retraité;2596;Compte courant, Carte bancaire, Livret A, Assurance santé;Non;33330
C1304;38;Cadre;6362;Compte joint, Visa Gold, Assurance vie, Protection des moyens de paiement, Virement instantané;Non;46200
C1305;37;Sans emploi;959;Compte, Carte de retrait, Paiement sans contact;Non;710
C1306;44;Cadre;4901;Compte courant, Carte premium, PEA;Non;38030
C1307;21;Étudiant;813;Compte courant, Carte Jeune, Banque en ligne;Non;900
C1308;68;Retraité;2499;Compte courant, Carte senior, Compte sur livret, Assurance santé;Oui (Crédit auto);19480
C1309;24;Étudiant;695;Compte d'épargne, Carte bancaire, Livret A, Alerte SMS;Non;0
C1310;64;Retraité;2351;Compte, Carte senior, Livret A, Assurance vie, Alerte SMS;Non;28440
C1311;36;Cadre;5857;Compte, Visa Gold, Livret A, Assurance habitation;Non;60180
C1312;84;Retraité;1907;Compte senior, Carte de retrait, LDDS, Assurance vie;Oui (Crédit conso);19210
C1313;46;Employé;3042;Compte joint, Mastercard, Assurance vie;Oui (Crédit auto);12440
C1314;52;Commerçant;3914;Compte professionnel, Carte pro, Compte à terme;Non;41540
C1315;40;Fonctionnaire;3168;Compte, Carte bancaire, Assurance vie, Assurance habitation;Oui (Crédit immo);31680
C1316;20;Étudiant;823;Compte courant, Carte bancaire, Banque en ligne;Non;860
C1317;73;Retraité;2171;Compte, Carte senior, LDDS, Protection des moyens de paiement;Non;23600
C1318;55;Entrepreneur local;8509;Compte courant, Mastercard Business, PEA, Carte pro, Banque en ligne;Oui (Crédit professionnel);66340
C1319;55;Sans emploi;792;Compte, Carte de retrait, Livret A;Non;300
C1320;32;Fonctionnaire;3654;Compte, Mastercard, Livret A, Assurance habitation;Non;31000
C1321;40;Employé;2372;Compte joint, Carte bancaire, Plan épargne logement, Protection des moyens de paiement, Alerte SMS;Non;6740
C1322;37;Employé;2917;Compte joint, Carte premium, LDDS;Oui (Crédit conso);9230
C1323;76;Retraité;2539;Compte joint, Carte senior, Assurance vie;Non;29060
C1324;39;Employé;2125;Compte, Carte premium, LDDS, Protection des moyens de paiement;Non;14090
C1325;58;Sans emploi;1253;Compte courant, Carte de retrait, Livret A;Non;2080
C1326;45;Fonctionnaire;3617;Compte courant, Visa Classic, LDDS, Assurance santé;Non;22190
C1327;77;Retraité;1669;Compte senior, Carte senior, LDDS;Non;22610
C1328;36;Entrepreneur local;4987;Compte professionnel, Visa Business, PEA, Carte pro, Terminal de paiement;Oui (Micro-crédit);24490
C1329;46;Artisan;1692;Compte courant, Carte pro, Compte à terme, Banque en ligne;Non;13700
C1330;33;Sans emploi;1019;Compte, Carte de retrait, Livret A;Non;380
C1331;47;Employé;3705;Compte courant, Carte bancaire, Assurance vie;Non;21530
C1332;40;Sans emploi;904;Compte courant, Carte bancaire, Compte sur livret;Non;520
C1333;51;Cadre;7067;Compte, Visa Gold, Assurance vie, Assurance santé;Non;93530
C1334;46;Artisan;2727;Compte, Carte pro, Assurance vie;Oui (Micro-crédit);13770
C1335;26;Employé;2606;Compte courant, Carte bancaire, LDDS;Non;19690
C1336;23;Étudiant;754;Compte courant, Carte Jeune, Livret A, Banque en ligne;Non;380
C1337;40;Sans emploi;885;Compte, Carte de retrait, Livret A, Alerte SMS;Non;380
C1338;45;Employé;2886;Compte premium, Visa Classic, LDDS, Protection des moyens de paiement, Alerte SMS;Non;10770
C1339;81;Retraité;1621;Compte senior, Carte de retrait, Compte sur livret, Assurance santé;Non;22950
C1340;44;Sans emploi;689;Compte, Carte bancaire;Non;290
C1341;82;Retraité;2596;Compte senior, Carte de retrait, Livret A;Non;3880
C1342;49;Cadre;5798;Compte joint, Carte premium, LDDS, Alerte SMS;Non;39680
C1343;46;Cadre;5724;Compte premium, Visa Gold, Assurance vie;Non;73220
C1344;26;Étudiant;1033;Compte, Carte de retrait, Livret A;Non;620
C1345;51;Entrepreneur local;3125;Compte pro, Carte pro, Compte sur livret, Terminal de paiement;Oui (Crédit de trésorerie + Micro-crédit);7840
C1346;48;Artisan;1823;Compte professionnel, Carte pro, Compte sur livret, Terminal de paiement;Non;9090
C1347;58;Entrepreneur local;5981;Compte professionnel, Visa Business, Compte à terme, Banque en ligne;Oui (Crédit professionnel);42900
C1348;49;Employé;2178;Compte premium, Carte premium, Livret A;Non;12490
C1349;61;Retraité;1676;Compte joint, Carte de retrait, LDDS, Assurance santé;Non;17050
C1350;18;Étudiant;528;Compte, Carte bancaire, Livret A, Alerte SMS;Non;740
C1351;27;Employé;2897;Compte joint, Carte bancaire, Assurance vie, Protection des moyens de paiement;Oui (Crédit conso);10940
C1352;38;Employé;2102;Compte courant, Mastercard, Assurance vie, Protection des moyens de paiement;Oui (Crédit auto);6000
C1353;19;Étudiant;392;Compte jeune, Carte de retrait, Compte sur livret;Oui (Découvert autorisé);610
C1354;37;Employé;1901;Compte premium, Carte bancaire, Assurance vie, Assurance santé, Alerte SMS;Oui (Crédit auto);8020
C1355;19;Étudiant;545;Compte d'épargne, Carte de retrait, Compte sur livret, Paiement sans contact;Non;660
C1356;34;Cadre;6209;Compte courant, Carte premium, Livret A, Assurance habitation, Virement instantané;Non;68780
C1357;23;Étudiant;825;Compte d'épargne, Carte bancaire, Compte sur livret;Non;540
C1358;50;Sans emploi;844;Compte courant, Carte de retrait, Compte sur livret, Alerte SMS;Non;0
C1359;40;Entrepreneur local;4187;Compte pro, Mastercard Business, Compte à terme, Carte pro;Oui (Crédit professionnel);17630
C1360;24;Étudiant;1012;Compte jeune, Carte Jeune, Livret A;Oui (Crédit conso);980
C1361;19;Étudiant;577;Compte courant, Carte de retrait, Compte sur livret, Paiement sans contact;Non;920
C1362;48;Sans emploi;939;Compte de base, Carte bancaire, Alerte SMS;Non;1580
C1363;80;Retraité;2209;Compte, Carte bancaire, LDDS;Non;13780
C1364;41;Fonctionnaire;4257;Compte courant, Carte premium, Assurance vie, Assurance habitation;Oui (Crédit conso);13470
C1365;22;Étudiant;719;Compte courant, Carte Jeune, Compte sur livret;Non;680
C1366;56;Sans emploi;907;Compte de base, Carte bancaire, Compte sur livret;Non;740
C1367;81;Retraité;2792;Compte, Carte senior, Compte sur livret, Assurance santé;Non;39550
C1368;40;Fonctionnaire;3213;Compte courant, Visa Classic, LDDS, Assurance santé;Oui (Crédit conso);29060
C1369;53;Entrepreneur local;6777;Compte courant, Carte pro, Compte sur livret;Non;42950
C1370;42;Employé;2770;Compte premium, Carte bancaire, Assurance vie, Assurance santé, Paiement sans contact;Oui (Crédit conso);8910
C1371;32;Employé;3946;Compte courant, Carte premium, LDDS, Protection des moyens de paiement;Non;22230
C1372;38;Employé;3318;Compte courant, Mastercard, LDDS;Oui (Crédit auto);12000
C1373;73;Retraité;1153;Compte, Carte senior, Livret A;Non;15350
C1374;46;Employé;3142;Compte courant, Carte premium, LDDS;Non;1930
C1375;35;Employé;3887;Compte, Visa Classic, Assurance vie;Oui (Crédit immo + Crédit conso);11240
C1376;73;Retraité;1862;Compte senior, Carte senior, LDDS, Assurance santé;Oui (Crédit conso);21470
C1377;59;Artisan;2448;Compte professionnel, Visa Business, Compte sur livret, Carte pro;Non;12940
C1378;63;Retraité;1789;Compte joint, Carte de retrait, Livret A;Non;21770
C1379;47;Cadre;7229;Compte premium, Carte bancaire, Plan épargne logement, Protection des moyens de paiement;Non;60280
C1380;32;Artisan;3663;Compte, Carte pro, Assurance vie;Oui (Crédit professionnel);7090
C1381;40;Sans emploi;833;Compte courant, Carte de retrait, Livret A;Non;970
C1382;84;Retraité;2462;Compte courant, Carte senior, LDDS;Non;13430
C1383;70;Retraité;1941;Compte, Carte bancaire, Compte sur livret;Oui (Crédit auto);29470
C1384;28;Employé;3895;Compte joint, Carte premium, Plan épargne logement, Assurance santé;Non;4540
C1385;38;Fonctionnaire;3345;Compte joint, Mastercard, Livret A;Non;22640
C1386;34;Employé;3496;Compte, Carte premium, Assurance vie, Assurance santé;Non;19780
C1387;36;Artisan;3899;Compte, Carte pro, Compte à terme, Terminal de paiement;Non;8320
C1388;45;Sans emploi;705;Compte, Carte de retrait, Compte sur livret;Non;780
C1389;46;Employé;3165;Compte, Carte bancaire, Assurance vie;Oui (Crédit auto + Crédit immo);10800
C1390;24;Étudiant;1110;Compte d'épargne, Carte bancaire, Livret A, Banque en ligne, Paiement sans contact;Oui (Crédit conso);1710
C1391;55;Cadre;7119;Compte joint, Mastercard Gold, PEA, Protection des moyens de paiement, Banque en ligne;Oui (Crédit immo);27530
C1392;67;Retraité;2406;Compte senior, Carte bancaire, LDDS;Non;25430
C1393;48;Employé;2275;Compte courant, Mastercard, LDDS;Non;8750
C1394;56;Fonctionnaire;2315;Compte joint, Mastercard, Assurance vie, Assurance santé;Non;11490
C1395;50;Employé;2092;Compte courant, Carte premium, Plan épargne logement;Non;12220
C1396;22;Étudiant;900;Compte jeune, Carte de retrait, Livret A, Paiement sans contact;Non;1020
C1397;53;Fonctionnaire;3211;Compte, Carte bancaire, Plan épargne logement;Oui (Crédit conso);17340
C1398;32;Sans emploi;846;Compte, Carte bancaire, Livret A;Non;580
C1399;27;Employé;3896;Compte, Carte bancaire, Plan épargne logement, Protection des moyens de paiement;Non;25130
C1400;38;Fonctionnaire;2785;Compte premium, Mastercard, Livret A, Paiement sans contact;Oui (Crédit conso);27870
C1401;40;Sans emploi;965;Compte de base, Carte de retrait, Compte sur livret;Non;440
C1402;49;Entrepreneur local;7215;Compte courant, Mastercard Business, Assurance vie;Non;41500
C1403;57;Employé;2946;Compte premium, Carte bancaire, Plan épargne logement;Non;9380
C1404;51;Fonctionnaire;4751;Compte joint, Mastercard, LDDS;Non;44820
C1405;65;Retraité;2132;Compte, Carte bancaire, LDDS, Assurance santé;Non;24750
C1406;45;Indépendant;4660;Compte pro, Carte pro, Compte sur livret, Virement instantané;Oui (Crédit conso);16380
C1407;19;Étudiant;764;Compte d'épargne, Carte Jeune, Livret A;Non;1030
C1408;41;Fonctionnaire;3275;Compte premium, Visa Classic, Livret A, Protection des moyens de paiement;Oui (Crédit immo);24500
C1409;48;Cadre;5991;Compte joint, Mastercard Gold, Plan épargne logement, Alerte SMS;Oui (Crédit conso);48180
C1410;41;Indépendant;5092;Compte, Carte bancaire, PEA, Terminal de paiement;Oui (Micro-crédit);44060
C1411;46;Cadre;5453;Compte, Carte bancaire, PEA, Assurance habitation, Virement instantané;Oui (Crédit immo);43160
C1412;50;Employé;3342;Compte courant, Mastercard, Plan épargne logement, Paiement sans contact;Non;19560
C1413;40;Cadre;5929;Compte joint, Carte bancaire, Assurance vie;Oui (Crédit conso + Crédit immo);61960
C1414;72;Retraité;1581;Compte, Carte de retrait, LDDS;Non;19450
C1415;41;Employé;3290;Compte, Mastercard, Plan épargne logement, Assurance santé;Non;15460
C1416;27;Artisan;4365;Compte professionnel, Carte bancaire, Assurance vie, Terminal de paiement;Oui (Micro-crédit);21450
C1417;26;Étudiant;998;Compte jeune, Carte Jeune, Compte sur livret, Alerte SMS;Non;510
C1418;30;Employé;3422;Compte premium, Visa Classic, Livret A;Non;17120
C1419;30;Employé;3350;Compte courant, Carte premium, LDDS, Assurance santé;Non;15980
C1420;54;Entrepreneur local;7269;Compte professionnel, Mastercard Business, Compte à terme, Banque en ligne;Non;31740
C1421;40;Employé;3628;Compte courant, Visa Classic, Assurance vie, Paiement sans contact;Oui (Crédit immo);4090
C1422;30;Fonctionnaire;3300;Compte premium, Carte premium, Livret A, Banque en ligne;Non;21380
C1423;64;Artisan;4130;Compte professionnel, Visa Business, Compte à terme, Carte pro;Non;25770
C1424;45;Cadre;4487;Compte premium, Carte bancaire, Plan épargne logement;Oui (Crédit auto);34780
C1425;31;Entrepreneur local;4797;Compte, Carte pro, Compte à terme;Non;35250
C1426;33;Artisan;5062;Compte, Visa Business, PEA, Virement instantané;Oui (Micro-crédit);22950
C1427;44;Fonctionnaire;3787;Compte premium, Carte bancaire, Assurance vie;Oui (Crédit auto);21650
C1428;33;Fonctionnaire;3588;Compte courant, Carte premium, Assurance vie, Assurance santé;Non;27540
C1429;56;Fonctionnaire;4023;Compte courant, Carte premium, Assurance vie, Paiement sans contact;Non;42360
C1430;21;Étudiant;574;Compte d'épargne, Carte Jeune, Livret A;Non;1240
C1431;40;Fonctionnaire;3518;Compte courant, Mastercard, LDDS, Assurance habitation;Non;22600
C1432;61;Retraité;2421;Compte courant, Carte de retrait, Compte sur livret;Non;27660
C1433;40;Commerçant;3576;Compte professionnel, Visa Business, Compte sur livret, Carte pro;Non;22120
C1434;28;Employé;2724;Compte joint, Carte bancaire, Plan épargne logement, Protection des moyens de paiement, Banque en ligne;Non;13060
C1435;70;Retraité;2718;Compte, Carte senior, Compte sur livret;Non;32450
C1436;32;Artisan;2570;Compte, Visa Business, Compte sur livret, Terminal de paiement;Oui (Crédit véhicule);11460
C1437;44;Employé;2299;Compte premium, Mastercard, Assurance vie;Non;12040
C1438;20;Étudiant;365;Compte jeune, Carte bancaire;Oui (Crédit étudiant);270
C1439;25;Étudiant;891;Compte courant, Carte Jeune, Compte sur livret, Paiement sans contact;Non;1680
C1440;46;Fonctionnaire;3622;Compte premium, Carte bancaire, Livret A;Non;37840
C1441;51;Sans emploi;884;Compte courant, Carte bancaire, Livret A;Non;230
C1442;44;Employé;2404;Compte, Mastercard, Livret A;Oui (Crédit immo + Crédit auto);9200
C1443;48;Sans emploi;612;Compte de base, Carte de retrait;Non;610
C1444;41;Commerçant;5258;Compte professionnel, Carte pro, PEA;Oui (Micro-crédit);29020
C1445;31;Cadre;3514;Compte, Carte premium, PEA, Virement instantané;Non;50680
C1446;45;Indépendant;5146;Compte professionnel, Carte bancaire, Compte à terme, Terminal de paiement;Oui (Micro-crédit);28510
C1447;49;Employé;2241;Compte joint, Carte bancaire, LDDS;Oui (Crédit auto);4900
C1448;36;Employé;2908;Compte courant, Visa Classic, Assurance vie, Assurance habitation, Paiement sans contact;Oui (Crédit immo + Crédit auto);14110
C1449;80;Retraité;2700;Compte, Carte senior, LDDS;Non;17510
C1450;31;Artisan;3823;Compte, Carte bancaire, Compte à terme;Oui (Micro-crédit);17240
C1451;60;Fonctionnaire;3570;Compte joint, Mastercard, LDDS, Protection des moyens de paiement;Non;37510
C1452;38;Employé;2440;Compte premium, Visa Classic, LDDS;Non;7080
C1453;56;Employé;3788;Compte courant, Carte bancaire, Livret A, Assurance santé;Non;11900
C1454;25;Fonctionnaire;2832;Compte courant, Carte bancaire, LDDS, Protection des moyens de paiement;Non;24080
C1455;49;Cadre;6122;Compte joint, Carte premium, Plan épargne logement, Protection des moyens de paiement;Non;64750
C1456;23;Étudiant;669;Compte d'épargne, Carte Jeune, Livret A, Paiement sans contact, Banque en ligne;Non;1000
C1457;44;Cadre;6376;Compte premium, Carte premium, PEA, Virement instantané;Non;63600
C1458;40;Employé;2667;Compte, Carte bancaire, LDDS, Assurance santé, Banque en ligne;Non;7590
C1459;36;Employé;2147;Compte courant, Visa Classic, LDDS, Assurance habitation;Non;9410
C1460;34;Employé;2161;Compte, Carte bancaire, Assurance vie;Non;11340
C1461;47;Sans emploi;1037;Compte de base, Carte de retrait;Non;470
C1462;39;Employé;2722;Compte, Visa Classic, LDDS, Assurance habitation;Non;11150
C1463;42;Artisan;3833;Compte pro, Carte bancaire, Compte à terme, Carte pro;Oui (Micro-crédit);12680
C1464;46;Fonctionnaire;3733;Compte, Carte premium, Livret A;Non;34050
C1465;35;Artisan;4820;Compte, Carte pro, Compte à terme, Banque en ligne;Non;15600
C1466;25;Étudiant;1044;Compte courant, Carte de retrait, Compte sur livret;Non;1770
C1467;44;Artisan;4834;Compte courant, Carte pro, Assurance vie, Banque en ligne;Non;10790
C1468;84;Retraité;2449;Compte, Carte senior, LDDS;Non;29350
C1469;34;Employé;2832;Compte courant, Carte premium, LDDS, Assurance santé;Oui (Crédit immo);5950
C1470;32;Employé;2404;Compte courant, Mastercard, Assurance vie, Assurance habitation, Paiement sans contact;Non;14550
C1471;61;Retraité;2146;Compte, Carte de retrait, LDDS, Assurance santé;Non;34600
C1472;45;Sans emploi;938;Compte, Carte de retrait, Livret A;Non;1580
C1473;61;Entrepreneur local;7324;Compte professionnel, Mastercard Business, Assurance vie, Virement instantané;Non;10120
C1474;27;Sans emploi;1018;Compte de base, Carte bancaire, Compte sur livret;Non;1430
C1475;44;Employé;3276;Compte premium, Carte premium, Assurance vie;Non;21440
C1476;33;Employé;4110;Compte premium, Mastercard, Plan épargne logement, Banque en ligne;Non;26540
C1477;33;Employé;2568;Compte joint, Mastercard, Assurance vie, Assurance santé;Oui (Crédit immo);8100
C1478;46;Cadre;5337;Compte premium, Carte premium, LDDS, Assurance santé, Alerte SMS;Non;68160
C1479;63;Retraité;1779;Compte senior, Carte bancaire;Non;20950
C1480;51;Employé;3978;Compte joint, Mastercard, LDDS, Paiement sans contact;Non;16200
C1481;40;Sans emploi;656;Compte, Carte de retrait, Livret A;Non;460
C1482;35;Cadre;6257;Compte courant, Mastercard Gold, Assurance vie;Non;77250
C1483;51;Employé;2987;Compte joint, Carte premium, Plan épargne logement, Assurance habitation;Non;20030
C1484;46;Sans emploi;859;Compte de base, Carte de retrait, Compte sur livret, Alerte SMS;Non;640
C1485;39;Employé;2092;Compte, Mastercard, Plan épargne logement, Alerte SMS;Non;7680
C1486;61;Retraité;1225;Compte joint, Carte de retrait, Assurance vie, Assurance santé;Non;15430
C1487;36;Cadre;3603;Compte, Visa Gold, Plan épargne logement;Oui (Crédit conso);31330
C1488;27;Employé;2128;Compte courant, Carte premium, Livret A, Paiement sans contact;Oui (Crédit conso);9010
C1489;39;Entrepreneur local;3489;Compte pro, Carte pro, Assurance vie, Banque en ligne;Oui (Crédit de trésorerie);17330
C1490;47;Artisan;3048;Compte pro, Carte bancaire, Assurance vie, Carte pro;Oui (Crédit professionnel);23170
C1491;33;Entrepreneur local;2731;Compte, Mastercard Business, PEA, Banque en ligne;Non;19260
C1492;35;Fonctionnaire;2266;Compte courant, Carte premium, LDDS;Oui (Crédit immo);17050
C1493;49;Commerçant;6322;Compte courant, Mastercard Business, Compte à terme;Non;33870
C1494;32;Fonctionnaire;2887;Compte courant, Visa Classic, LDDS;Non;26920
C1495;37;Fonctionnaire;4885;Compte courant, Visa Classic, Assurance vie, Assurance santé, Paiement sans contact;Oui (Crédit conso);59040
C1496;38;Employé;1827;Compte premium, Visa Classic, Livret A;Oui (Crédit immo);8080
C1497;34;Entrepreneur local;4204;Compte professionnel, Carte pro, Compte à terme;Non;17750
C1498;23;Étudiant;617;Compte d'épargne, Carte de retrait, Compte sur livret;Non;1030
C1499;28;Employé;3386;Compte, Mastercard, Livret A;Non;17150
C1500;39;Employé;3365;Compte joint, Mastercard, Livret A;Oui (Crédit immo);13620
C1501;57;Employé;3127;Compte premium, Mastercard, Livret A, Banque en ligne;Non;3910
C1502;56;Employé;3261;Compte courant, Carte bancaire, Livret A;Oui (Crédit immo);15310
C1503;60;Entrepreneur local;5033;Compte courant, Visa Business, PEA, Virement instantané;Non;39300
C1504;47;Employé;4238;Compte, Carte premium, Plan épargne logement;Oui (Crédit conso);11760
C1505;33;Sans emploi;972;Compte de base, Carte bancaire, Livret A;Non;0
C1506;83;Retraité;2486;Compte courant, Carte bancaire, Livret A, Protection des moyens de paiement, Banque en ligne;Non;34680
C1507;43;Entrepreneur local;8585;Compte courant, Visa Business, Compte sur livret, Banque en ligne;Non;43380
C1508;41;Employé;3454;Compte joint, Carte premium, Assurance vie, Banque en ligne;Non;13660
C1509;44;Employé;1736;Compte, Carte bancaire, Assurance vie, Assurance habitation;Non;2740
C1510;57;Fonctionnaire;3584;Compte joint, Carte premium, Assurance vie, Protection des moyens de paiement;Non;24670
C1511;21;Étudiant;739;Compte, Carte Jeune, Livret A;Oui (Crédit conso);610
C1512;21;Étudiant;657;Compte, Carte de retrait, Compte sur livret, Alerte SMS;Non;1420
C1513;59;Artisan;3504;Compte, Carte bancaire, PEA, Virement instantané;Oui (Crédit véhicule);11990
C1514;52;Sans emploi;785;Compte, Carte bancaire;Non;850
C1515;64;Retraité;1708;Compte joint, Carte bancaire, LDDS, Protection des moyens de paiement;Non;21640
C1516;84;Retraité;2671;Compte senior, Carte bancaire, Livret A;Non;36750
C1517;32;Entrepreneur local;3816;Compte, Visa Business, Compte à terme, Banque en ligne;Non;19460
C1518;84;Retraité;1505;Compte, Carte senior, LDDS;Non;6870
C1519;33;Sans emploi;599;Compte courant, Carte de retrait, Livret A;Oui (Découvert autorisé);350
C1520;45;Employé;2785;Compte premium, Carte bancaire, Plan épargne logement, Paiement sans contact;Oui (Crédit conso);11580
C1521;40;Cadre;5226;Compte joint, Carte bancaire, Livret A, Protection des moyens de paiement;Oui (Crédit auto);19560
C1522;51;Employé;2336;Compte courant, Carte bancaire, LDDS, Assurance santé, Alerte SMS;Non;7090
C1523;21;Étudiant;834;Compte d'épargne, Carte de retrait, Compte sur livret;Non;210
C1524;60;Artisan;3577;Compte pro, Visa Business, PEA;Non;11650
C1525;31;Fonctionnaire;3753;Compte premium, Carte bancaire, LDDS;Non;42260
C1526;20;Étudiant;914;Compte courant, Carte Jeune, Compte sur livret, Alerte SMS;Non;1330
C1527;35;Fonctionnaire;2667;Compte courant, Carte bancaire, LDDS, Protection des moyens de paiement;Non;15520
C1528;37;Artisan;3237;Compte, Visa Business, PEA, Carte pro;Oui (Crédit professionnel);14170
C1529;44;Fonctionnaire;3199;Compte courant, Carte bancaire, Assurance vie, Assurance habitation;Non;17020
C1530;42;Employé;3470;Compte courant, Visa Classic, Assurance vie;Non;8740
C1531;36;Employé;1919;Compte, Carte bancaire, LDDS;Non;4840
C1532;21;Étudiant;728;Compte d'épargne, Carte bancaire, Compte sur livret;Non;1220
C1533;75;Retraité;1867;Compte, Carte de retrait, Assurance vie, Alerte SMS;Non;23060
C1534;50;Employé;2875;Compte premium, Visa Classic, Livret A, Assurance santé;Non;16570
C1535;82;Retraité;1899;Compte senior, Carte de retrait, Assurance vie;Non;23200
C1536;52;Entrepreneur local;3036;Compte, Mastercard Business, Compte sur livret, Terminal de paiement;Oui (Micro-crédit + Crédit professionnel);14230
C1537;47;Fonctionnaire;2331;Compte, Carte premium, Plan épargne logement, Assurance habitation;Non;29280
C1538;71;Retraité;1449;Compte senior, Carte de retrait, Compte sur livret;Non;8200
C1539;20;Étudiant;1006;Compte, Carte Jeune, Compte sur livret, Banque en ligne;Non;800
C1540;38;Employé;2644;Compte premium, Visa Classic, Livret A;Non;7940
C1541;36;Employé;3748;Compte joint, Carte premium, Assurance vie, Assurance santé, Banque en ligne;Non;3990
C1542;44;Employé;3462;Compte, Mastercard, Plan épargne logement;Non;22290
C1543;43;Employé;2385;Compte joint, Carte premium, LDDS;Non;8680
C1544;52;Employé;3088;Compte joint, Carte bancaire, LDDS, Assurance santé;Oui (Crédit auto);17480
C1545;36;Employé;1934;Compte premium, Visa Classic, Assurance vie, Protection des moyens de paiement;Non;7790
C1546;45;Entrepreneur local;6339;Compte professionnel, Mastercard Business, Assurance vie, Banque en ligne;Oui (Crédit professionnel);20340
C1547;80;Retraité;2312;Compte courant, Carte bancaire, Assurance vie;Non;8860
C1548;41;Employé;3671;Compte courant, Carte bancaire, Livret A, Assurance habitation, Banque en ligne;Non;20750
C1549;36;Employé;3253;Compte joint, Visa Classic, Plan épargne logement;Non;11500
C1550;24;Étudiant;539;Compte courant, Carte bancaire, Compte sur livret;Non;0
C1551;42;Employé;2982;Compte premium, Carte premium, Assurance vie;Non;20850
C1552;35;Sans emploi;1146;Compte de base, Carte de retrait, Livret A;Non;450
C1553;52;Cadre;4569;Compte, Carte premium, Plan épargne logement, Assurance habitation;Oui (Crédit immo);22560
C1554;55;Fonctionnaire;4382;Compte, Carte bancaire, Plan épargne logement, Assurance santé;Non;39510
C1555;78;Retraité;2342;Compte courant, Carte bancaire, Livret A, Assurance vie;Oui (Crédit conso);6360
C1556;31;Sans emploi;479;Compte de base, Carte de retrait, Livret A, Banque en ligne;Oui (Crédit conso);30
C1557;33;Employé;2473;Compte courant, Carte bancaire, LDDS;Non;12070
C1558;43;Sans emploi;961;Compte de base, Carte bancaire, Compte sur livret;Oui (Micro-crédit);1140
C1559;66;Retraité;2670;Compte joint, Carte de retrait, Assurance vie;Non;36280
C1560;49;Entrepreneur local;7281;Compte courant, Carte pro, Compte sur livret, Terminal de paiement;Non;17800
C1561;36;Commerçant;4939;Compte pro, Carte pro, Assurance vie, Virement instantané;Non;20680
C1562;47;Fonctionnaire;2397;Compte, Carte premium, Plan épargne logement, Banque en ligne;Non;18570
C1563;71;Retraité;2556;Compte, Carte de retrait, Assurance vie;Oui (Crédit santé);23280
C1564;43;Entrepreneur local;5275;Compte, Visa Business, PEA, Virement instantané;Non;21390
C1565;32;Sans emploi;999;Compte de base, Carte de retrait, Compte sur livret;Non;750
C1566;50;Employé;3100;Compte joint, Visa Classic, LDDS;Oui (Crédit conso);13090
C1567;22;Étudiant;661;Compte courant, Carte bancaire, Compte sur livret, Paiement sans contact;Oui (Découvert autorisé);680
C1568;22;Étudiant;811;Compte courant, Carte de retrait, Compte sur livret, Paiement sans contact;Non;940
C1569;39;Artisan;3447;Compte pro, Visa Business, Compte à terme, Banque en ligne;Non;25650
C1570;80;Retraité;1900;Compte, Carte senior, Livret A, Assurance vie, Protection des moyens de paiement;Non;12830
C1571;50;Sans emploi;1152;Compte, Carte de retrait, Livret A, Alerte SMS;Non;270
C1572;61;Retraité;1129;Compte senior, Carte de retrait, Compte sur livret;Non;1500
C1573;46;Artisan;3116;Compte, Carte bancaire, Assurance vie, Banque en ligne;Non;23590
C1574;46;Indépendant;4392;Compte, Carte pro, PEA;Non;10340
C1575;44;Employé;3365;Compte premium, Carte bancaire, Assurance vie, Alerte SMS;Non;13330
C1576;21;Étudiant;784;Compte, Carte bancaire, Livret A;Non;0
C1577;40;Employé;2828;Compte, Carte bancaire, LDDS, Protection des moyens de paiement, Banque en ligne;Non;9610
C1578;54;Employé;2491;Compte, Carte premium, Assurance vie;Non;16590
C1579;39;Fonctionnaire;3102;Compte courant, Carte bancaire, Assurance vie;Oui (Crédit immo);21780
C1580;39;Employé;2302;Compte courant, Carte bancaire, Assurance vie, Protection des moyens de paiement;Non;8100
C1581;36;Fonctionnaire;3116;Compte premium, Mastercard, Assurance vie, Assurance habitation;Non;21600
C1582;25;Étudiant;625;Compte d'épargne, Carte Jeune, Paiement sans contact;Oui (Crédit étudiant);250
C1583;47;Artisan;1714;Compte, Carte pro;Oui (Micro-crédit);10240
C1584;55;Employé;2969;Compte joint, Visa Classic, Assurance vie;Non;10900
C1585;44;Employé;2279;Compte courant, Mastercard, Livret A;Non;8830
C1586;19;Étudiant;681;Compte courant, Carte bancaire, Livret A, Alerte SMS;Oui (Découvert autorisé);600
C1587;37;Sans emploi;689;Compte de base, Carte bancaire, Compte sur livret, Paiement sans contact;Non;890
C1588;36;Employé;3826;Compte, Visa Classic, LDDS, Assurance habitation;Oui (Crédit conso);10660
C1589;55;Sans emploi;1301;Compte, Carte bancaire, Livret A;Non;910
C1590;66;Retraité;1067;Compte joint, Carte bancaire, Livret A, Assurance santé;Non;9380
C1591;44;Employé;3918;Compte premium, Carte bancaire, Livret A, Protection des moyens de paiement;Non;13750
C1592;44;Artisan;4774;Compte courant, Carte pro, PEA;Non;18320
C1593;33;Fonctionnaire;3650;Compte joint, Mastercard, Assurance vie, Protection des moyens de paiement;Oui (Crédit auto);33360
C1594;29;Sans emploi;918;Compte courant, Carte de retrait, Livret A;Non;0
C1595;23;Étudiant;834;Compte, Carte Jeune, Compte sur livret, Paiement sans contact;Non;670
C1596;49;Artisan;4739;Compte courant, Carte pro, Compte à terme;Non;21510
C1597;37;Sans emploi;912;Compte de base, Carte de retrait, Livret A, Paiement sans contact;Non;880
C1598;81;Retraité;2594;Compte courant, Carte senior, Assurance vie;Non;27160
C1599;18;Étudiant;677;Compte, Carte bancaire;Non;1070
C1600;56;Entrepreneur local;5523;Compte pro, Mastercard Business, Compte à terme;Oui (Crédit de trésorerie + Micro-crédit);11760
C1601;20;Étudiant;1126;Compte courant, Carte bancaire, Banque en ligne;Non;250
C1602;52;Sans emploi;1121;Compte, Carte de retrait, Livret A, Alerte SMS;Non;1750
C1603;47;Employé;2010;Compte joint, Carte bancaire, Plan épargne logement, Paiement sans contact;Non;7310
C1604;38;Employé;3418;Compte, Carte bancaire, LDDS;Oui (Crédit immo);10560
C1605;36;Sans emploi;672;Compte, Carte de retrait, Compte sur livret;Non;930
C1606;21;Étudiant;981;Compte d'épargne, Carte Jeune, Compte sur livret;Non;1100
C1607;33;Fonctionnaire;3374;Compte joint, Visa Classic, LDDS, Banque en ligne;Oui (Crédit auto);26770
C1608;84;Retraité;2586;Compte senior, Carte de retrait, LDDS, Alerte SMS;Non;39420
C1609;36;Fonctionnaire;3457;Compte, Carte bancaire, LDDS, Protection des moyens de paiement;Oui (Crédit auto);28190
C1610;53;Fonctionnaire;3430;Compte courant, Carte premium, Plan épargne logement, Assurance santé;Oui (Crédit immo);19660
C1611;72;Retraité;2523;Compte joint, Carte bancaire, Livret A;Non;43940
C1612;51;Employé;2673;Compte joint, Carte premium, Livret A;Non;4220
C1613;42;Sans emploi;684;Compte, Carte bancaire, Compte sur livret, Paiement sans contact;Non;970
C1614;35;Employé;2108;Compte courant, Mastercard, Livret A;Non;3540
C1615;40;Entrepreneur local;6516;Compte, Mastercard Business, Compte à terme;Non;43980
C1616;51;Artisan;3696;Compte pro, Carte bancaire, PEA, Banque en ligne, Terminal de paiement;Non;29090
C1617;26;Étudiant;922;Compte courant, Carte Jeune, Compte sur livret;Non;260
C1618;40;Employé;3016;Compte premium, Carte premium, Assurance vie;Oui (Crédit conso);8320
C1619;46;Employé;2891;Compte, Visa Classic, Livret A, Alerte SMS;Non;8510
C1620;52;Fonctionnaire;4624;Compte joint, Visa Classic, LDDS;Oui (Crédit immo);15120
C1621;55;Artisan;3289;Compte professionnel, Carte bancaire, Compte sur livret, Terminal de paiement, Virement instantané;Oui (Micro-crédit);18410
C1622;48;Entrepreneur local;6263;Compte professionnel, Carte pro, Compte sur livret, Banque en ligne;Oui (Micro-crédit);21970
C1623;57;Commerçant;3193;Compte pro, Mastercard Business, Compte à terme;Oui (Micro-crédit + Crédit de trésorerie);11990
C1624;29;Employé;2971;Compte, Mastercard, LDDS, Assurance habitation, Paiement sans contact;Oui (Crédit auto);4640
C1625;38;Employé;2859;Compte courant, Carte bancaire, LDDS;Non;14400
C1626;26;Étudiant;904;Compte jeune, Carte bancaire, Banque en ligne, Alerte SMS;Oui (Crédit conso);500
C1627;60;Retraité;1893;Compte senior, Carte bancaire, LDDS, Assurance vie;Non;21910
C1628;24;Étudiant;615;Compte jeune, Carte Jeune, Livret A, Banque en ligne, Alerte SMS;Non;720
C1629;32;Entrepreneur local;4973;Compte professionnel, Mastercard Business, PEA;Oui (Micro-crédit + Crédit de trésorerie);10440
C1630;48;Employé;4095;Compte, Carte premium, LDDS, Assurance habitation;Non;22660
C1631;47;Employé;3829;Compte, Visa Classic, LDDS;Oui (Crédit auto + Crédit immo);7050
C1632;55;Cadre;6057;Compte joint, Carte bancaire, PEA, Banque en ligne;Oui (Crédit auto);49290
C1633;70;Retraité;1424;Compte joint, Carte senior, LDDS;Non;16400
C1634;48;Commerçant;3744;Compte professionnel, Carte pro, Assurance vie;Oui (Crédit de trésorerie);31750
C1635;62;Retraité;1605;Compte joint, Carte de retrait, LDDS, Protection des moyens de paiement;Non;24980
C1636;48;Commerçant;3100;Compte, Carte pro, Compte à terme, Terminal de paiement, Banque en ligne;Non;14250
C1637;43;Fonctionnaire;2506;Compte, Carte premium, LDDS, Assurance santé, Alerte SMS;Non;22180
C1638;42;Sans emploi;1104;Compte, Carte bancaire, Livret A;Non;1950
C1639;39;Employé;2890;Compte courant, Carte bancaire, Plan épargne logement, Assurance santé, Paiement sans contact;Non;17600
C1640;59;Employé;2359;Compte courant, Carte bancaire, Assurance vie, Assurance habitation;Non;1760
C1641;22;Étudiant;700;Compte d'épargne, Carte bancaire, Livret A, Paiement sans contact;Non;830
C1642;34;Indépendant;3280;Compte, Visa Business, Compte sur livret, Virement instantané;Non;12060
C1643;59;Entrepreneur local;6445;Compte courant, Mastercard Business, Compte sur livret, Terminal de paiement;Non;59910
C1644;57;Cadre;6775;Compte joint, Mastercard Gold, Livret A, Protection des moyens de paiement;Non;109500
C1645;81;Retraité;1698;Compte, Carte de retrait, LDDS, Assurance santé;Non;8680
C1646;23;Étudiant;825;Compte, Carte de retrait, Compte sur livret, Banque en ligne, Alerte SMS;Non;1330
C1647;20;Étudiant;893;Compte courant, Carte bancaire, Compte sur livret, Paiement sans contact;Oui (Crédit conso);720
C1648;28;Sans emploi;928;Compte de base, Carte de retrait, Livret A, Banque en ligne;Non;970
C1649;84;Retraité;1817;Compte courant, Carte bancaire, Livret A;Oui (Crédit auto);24870
C1650;53;Entrepreneur local;4830;Compte courant, Visa Business, Assurance vie, Banque en ligne, Terminal de paiement;Non;10580
C1651;84;Retraité;2177;Compte senior, Carte bancaire, LDDS;Oui (Crédit santé);26210
C1652;40;Commerçant;2226;Compte courant, Carte pro, Compte sur livret, Virement instantané, Terminal de paiement;Non;13510
C1653;19;Étudiant;783;Compte d'épargne, Carte Jeune, Livret A, Banque en ligne;Non;1800
C1654;19;Étudiant;448;Compte, Carte Jeune, Compte sur livret, Alerte SMS;Non;730
C1655;50;Cadre;5071;Compte courant, Visa Gold, PEA, Assurance habitation;Non;41580
C1656;27;Fonctionnaire;3680;Compte premium, Carte premium, LDDS;Oui (Crédit immo);35510
C1657;37;Employé;4077;Compte courant, Mastercard, LDDS;Oui (Crédit conso);10190
C1658;26;Entrepreneur local;4982;Compte courant, Carte pro, Compte à terme;Oui (Crédit professionnel);24870
C1659;66;Entrepreneur local;7066;Compte professionnel, Visa Business, Compte sur livret;Oui (Crédit professionnel);35860
C1660;27;Employé;4160;Compte premium, Mastercard, LDDS, Assurance santé;Oui (Crédit immo);12860
C1661;39;Employé;3403;Compte courant, Carte bancaire, Plan épargne logement;Oui (Crédit auto);15970
C1662;35;Employé;3506;Compte joint, Mastercard, Livret A, Paiement sans contact;Oui (Crédit conso);14620
C1663;43;Fonctionnaire;2473;Compte, Carte premium, LDDS, Protection des moyens de paiement;Oui (Crédit immo);17720
C1664;53;Artisan;4738;Compte professionnel, Visa Business, Compte sur livret;Non;36330
C1665;25;Étudiant;930;Compte jeune, Carte Jeune, Compte sur livret, Paiement sans contact;Non;400
C1666;26;Employé;3340;Compte premium, Carte bancaire, LDDS, Paiement sans contact;Oui (Crédit immo);14260
C1667;31;Entrepreneur local;2845;Compte courant, Mastercard Business, Compte sur livret, Terminal de paiement, Virement instantané;Oui (Crédit de trésorerie);8220
C1668;44;Cadre;4267;Compte, Carte bancaire, Plan épargne logement, Protection des moyens de paiement, Virement instantané;Oui (Crédit conso);45840
C1669;35;Artisan;6128;Compte, Visa Business, Compte sur livret, Terminal de paiement;Oui (Crédit véhicule);32250
C1670;38;Fonctionnaire;3233;Compte, Visa Classic, Assurance vie, Protection des moyens de paiement, Banque en ligne;Oui (Crédit immo);7470
C1671;46;Cadre;6091;Compte, Carte bancaire, PEA, Banque en ligne;Non;60120
C1672;36;Cadre;3615;Compte, Carte bancaire, LDDS, Assurance habitation;Non;51160
C1673;72;Retraité;1755;Compte, Carte de retrait, Compte sur livret, Alerte SMS;Non;20260
C1674;25;Étudiant;593;Compte courant, Carte de retrait, Compte sur livret;Non;0
C1675;35;Employé;3720;Compte premium, Visa Classic, Livret A, Assurance habitation;Oui (Crédit auto);12640
C1676;38;Sans emploi;828;Compte courant, Carte bancaire, Compte sur livret;Non;650
C1677;49;Employé;3872;Compte courant, Carte bancaire, Livret A;Oui (Crédit immo);19450
C1678;24;Employé;3923;Compte courant, Mastercard, Livret A;Oui (Crédit conso + Crédit immo);15900
C1679;49;Employé;2984;Compte, Carte premium, Livret A;Oui (Crédit auto);8160
C1680;37;Employé;1934;Compte joint, Carte premium, Plan épargne logement;Non;9860
C1681;53;Cadre;4789;Compte, Carte premium, Livret A;Non;48570
C1682;58;Employé;2962;Compte premium, Carte bancaire, LDDS;Non;16470
C1683;34;Artisan;4893;Compte courant, Carte bancaire, Assurance vie, Terminal de paiement;Non;26770
C1684;21;Étudiant;574;Compte courant, Carte de retrait, Compte sur livret, Paiement sans contact;Non;330
C1685;51;Entrepreneur local;8517;Compte courant, Visa Business, Compte sur livret, Banque en ligne, Terminal de paiement;Non;28500
C1686;41;Fonctionnaire;3227;Compte joint, Visa Classic, Livret A, Assurance santé;Non;43980
C1687;84;Retraité;1635;Compte, Carte senior, Compte sur livret;Non;15900
C1688;33;Employé;2509;Compte premium, Visa Classic, LDDS;Non;19380
C1689;44;Entrepreneur local;3552;Compte pro, Visa Business, Assurance vie, Banque en ligne;Oui (Crédit professionnel);26510
C1690;38;Employé;2183;Compte courant, Carte premium, Plan épargne logement;Non;11170
C1691;21;Étudiant;1020;Compte d'épargne, Carte de retrait, Livret A, Alerte SMS;Non;1580
C1692;26;Employé;3019;Compte courant, Carte premium, Plan épargne logement;Non;11120
C1693;43;Artisan;3381;Compte professionnel, Carte bancaire, PEA, Banque en ligne;Oui (Micro-crédit);13370
C1694;39;Employé;1958;Compte, Visa Classic, Assurance vie, Assurance habitation;Non;11980
C1695;32;Fonctionnaire;3882;Compte courant, Visa Classic, LDDS, Banque en ligne;Oui (Crédit conso);37100
C1696;45;Fonctionnaire;3461;Compte joint, Carte bancaire, Livret A, Paiement sans contact;Non;25380
C1697;49;Employé;2809;Compte, Mastercard, Livret A;Non;2790
C1698;85;Retraité;1622;Compte joint, Carte de retrait, Livret A, Assurance vie, Alerte SMS;Oui (Crédit conso);11600
C1699;29;Fonctionnaire;3554;Compte joint, Carte premium, Livret A;Non;14020
C1700;44;Cadre;6422;Compte, Carte premium, LDDS, Assurance santé;Non;43300
C1701;42;Cadre;4755;Compte courant, Carte bancaire, LDDS, Banque en ligne;Oui (Crédit auto);63720
C1702;22;Étudiant;1033;Compte, Carte de retrait, Compte sur livret, Paiement sans contact;Oui (Crédit étudiant);620
C1703;46;Employé;2307;Compte courant, Carte bancaire, LDDS, Assurance habitation;Non;12920
C1704;29;Fonctionnaire;4116;Compte joint, Carte premium, LDDS, Paiement sans contact;Non;27670
C1705;46;Commerçant;3723;Compte professionnel, Carte pro, Compte sur livret, Banque en ligne;Non;3540
C1706;60;Fonctionnaire;3934;Compte, Visa Classic, Livret A;Non;34640
C1707;34;Fonctionnaire;2312;Compte premium, Mastercard, LDDS;Oui (Crédit immo);17150
C1708;46;Cadre;4544;Compte premium, Carte premium, LDDS, Assurance habitation, Alerte SMS;Oui (Crédit immo);56620
C1709;38;Fonctionnaire;4650;Compte courant, Mastercard, Livret A, Assurance santé;Oui (Crédit conso);43440
C1710;37;Fonctionnaire;4001;Compte courant, Visa Classic, Assurance vie;Non;20780
C1711;27;Entrepreneur local;5577;Compte pro, Carte pro, Compte à terme, Banque en ligne;Oui (Crédit de trésorerie);8430
C1712;48;Fonctionnaire;3287;Compte courant, Carte bancaire, LDDS;Non;12650
C1713;47;Entrepreneur local;4432;Compte professionnel, Mastercard Business, Assurance vie;Oui (Micro-crédit);34680
C1714;20;Étudiant;709;Compte courant, Carte bancaire, Compte sur livret, Alerte SMS;Oui (Crédit étudiant);470
C1715;41;Sans emploi;1198;Compte, Carte de retrait, Compte sur livret, Banque en ligne, Paiement sans contact;Non;1160
C1716;57;Artisan;3583;Compte, Carte pro, Assurance vie;Oui (Micro-crédit);13780
C1717;45;Employé;2187;Compte, Mastercard, Livret A;Non;14330
C1718;35;Entrepreneur local;5298;Compte professionnel, Mastercard Business, Assurance vie, Carte pro;Non;19100
C1719;44;Fonctionnaire;3777;Compte, Visa Classic, Livret A, Protection des moyens de paiement;Non;11760
C1720;43;Entrepreneur local;5718;Compte pro, Carte pro, PEA, Terminal de paiement;Non;48000
C1721;39;Employé;3049;Compte joint, Mastercard, LDDS;Oui (Crédit conso);18600
C1722;39;Employé;3525;Compte premium, Carte premium, LDDS, Assurance habitation;Oui (Crédit auto + Crédit immo);15000
C1723;38;Employé;3506;Compte courant, Mastercard, Livret A;Oui (Crédit immo);17140
C1724;43;Cadre;6346;Compte joint, Visa Gold, LDDS;Non;42490
C1725;25;Étudiant;585;Compte courant, Carte bancaire, Livret A;Oui (Crédit conso);610
C1726;48;Employé;2880;Compte, Mastercard, LDDS, Assurance santé;Oui (Crédit conso + Crédit immo);3280
C1727;29;Employé;3400;Compte courant, Visa Classic, Assurance vie, Paiement sans contact;Oui (Crédit auto);9190
C1728;49;Artisan;3903;Compte courant, Visa Business, PEA, Carte pro;Oui (Crédit véhicule);22670
C1729;29;Fonctionnaire;4665;Compte joint, Mastercard, Assurance vie, Protection des moyens de paiement;Non;37620
C1730;39;Employé;2883;Compte courant, Visa Classic, LDDS;Non;16360
C1731;43;Employé;3522;Compte joint, Visa Classic, Livret A, Assurance santé;Oui (Crédit immo + Crédit conso);10590
C1732;38;Cadre;4567;Compte joint, Mastercard Gold, PEA;Non;43150
C1733;49;Sans emploi;957;Compte, Carte bancaire;Non;1330
C1734;60;Retraité;3131;Compte joint, Carte de retrait, Assurance vie, Protection des moyens de paiement, Banque en ligne;Non;26770
C1735;36;Employé;3474;Compte joint, Mastercard, Assurance vie;Oui (Crédit conso);11860
C1736;42;Employé;4391;Compte joint, Visa Classic, LDDS, Protection des moyens de paiement, Paiement sans contact;Oui (Crédit conso);16220
C1737;39;Employé;3336;Compte, Mastercard, Assurance vie;Oui (Crédit auto);15520
C1738;30;Employé;3377;Compte, Visa Classic, Livret A, Assurance santé, Alerte SMS;Oui (Crédit immo);17370
C1739;83;Retraité;1423;Compte senior, Carte senior, Livret A, Assurance vie, Alerte SMS;Non;21280
C1740;41;Commerçant;4234;Compte courant, Carte pro, PEA;Non;41840
C1741;52;Artisan;3749;Compte, Carte pro, PEA, Virement instantané;Oui (Crédit véhicule + Crédit professionnel);4220
C1742;70;Retraité;1245;Compte joint, Carte bancaire, Assurance vie, Banque en ligne;Non;9620
C1743;35;Employé;2847;Compte courant, Carte bancaire, Plan épargne logement, Alerte SMS;Non;12290
C1744;53;Fonctionnaire;3557;Compte courant, Carte premium, Plan épargne logement;Oui (Crédit conso);32080
C1745;84;Retraité;2120;Compte joint, Carte senior, Compte sur livret;Non;8580
C1746;38;Entrepreneur local;5082;Compte courant, Visa Business, Compte à terme;Oui (Micro-crédit);31900
C1747;45;Fonctionnaire;3594;Compte joint, Carte bancaire, Plan épargne logement;Oui (Crédit immo);26720
C1748;45;Employé;1709;Compte, Carte premium, Livret A;Oui (Crédit auto);6940
C1749;49;Employé;3639;Compte courant, Carte premium, LDDS, Assurance santé;Oui (Crédit immo);17360
C1750;36;Fonctionnaire;2514;Compte, Carte premium, Assurance vie, Paiement sans contact;Non;16620
C1751;24;Étudiant;797;Compte jeune, Carte Jeune, Livret A;Non;1830
C1752;21;Étudiant;901;Compte d'épargne, Carte bancaire, Compte sur livret, Alerte SMS;Non;1480
C1753;21;Étudiant;805;Compte jeune, Carte de retrait;Oui (Crédit conso);1070
C1754;49;Sans emploi;1010;Compte, Carte bancaire, Livret A;Non;1580
C1755;43;Employé;3254;Compte joint, Carte bancaire, Assurance vie;Non;17410
C1756;49;Employé;2996;Compte, Carte bancaire, LDDS, Assurance santé, Banque en ligne;Oui (Crédit auto);7810
C1757;77;Retraité;1202;Compte, Carte senior, Assurance vie;Non;12110
C1758;50;Employé;2591;Compte, Carte bancaire, Assurance vie, Paiement sans contact;Oui (Crédit immo);9570
C1759;29;Employé;3044;Compte, Carte premium, LDDS;Non;7680
C1760;76;Retraité;1523;Compte, Carte senior, Assurance vie;Oui (Crédit santé);16540
C1761;39;Artisan;3233;Compte courant, Visa Business, Compte à terme, Banque en ligne;Non;8110
C1762;24;Étudiant;926;Compte jeune, Carte bancaire, Compte sur livret, Paiement sans contact, Banque en ligne;Non;1850
C1763;37;Employé;1525;Compte joint, Carte premium, Livret A, Assurance santé;Non;6440
C1764;46;Employé;2468;Compte joint, Mastercard, Plan épargne logement, Assurance habitation;Oui (Crédit immo);12300
C1765;48;Fonctionnaire;3052;Compte joint, Mastercard, LDDS, Protection des moyens de paiement;Oui (Crédit immo);37860
C1766;37;Employé;3970;Compte courant, Visa Classic, LDDS, Assurance santé;Non;17020
C1767;57;Fonctionnaire;3315;Compte courant, Mastercard, Plan épargne logement;Non;31750
C1768;46;Employé;4026;Compte courant, Carte premium, LDDS, Assurance santé;Oui (Crédit immo);24260
C1769;46;Cadre;5369;Compte premium, Visa Gold, Plan épargne logement;Oui (Crédit auto);42800
C1770;82;Retraité;2101;Compte senior, Carte senior, Livret A, Protection des moyens de paiement;Non;35890
C1771;53;Fonctionnaire;4072;Compte courant, Carte bancaire, LDDS, Assurance habitation, Banque en ligne;Oui (Crédit immo);23170
C1772;26;Étudiant;854;Compte jeune, Carte de retrait, Livret A;Non;1120
C1773;21;Étudiant;1040;Compte courant, Carte Jeune, Compte sur livret, Paiement sans contact;Oui (Crédit conso);0
C1774;73;Retraité;2280;Compte joint, Carte senior, Assurance vie, Assurance santé;Non;40540
C1775;26;Sans emploi;722;Compte, Carte de retrait, Compte sur livret;Non;1160
C1776;46;Cadre;5934;Compte, Mastercard Gold, LDDS, Virement instantané;Oui (Crédit conso);45570
C1777;60;Retraité;2042;Compte, Carte de retrait, Compte sur livret, Protection des moyens de paiement;Non;33270
C1778;48;Sans emploi;1127;Compte courant, Carte bancaire, Livret A;Oui (Crédit conso);1010
C1779;72;Retraité;1431;Compte joint, Carte bancaire, Livret A;Oui (Crédit auto);5660
C1780;52;Entrepreneur local;6544;Compte professionnel, Mastercard Business, Compte sur livret, Banque en ligne, Terminal de paiement;Oui (Micro-crédit);8280
C1781;33;Employé;2587;Compte joint, Carte premium, Livret A;Non;3600
C1782;42;Fonctionnaire;4214;Compte premium, Carte bancaire, Livret A;Non;29020
C1783;44;Fonctionnaire;4008;Compte premium, Carte bancaire, LDDS, Paiement sans contact;Non;36110
C1784;21;Étudiant;600;Compte courant, Carte de retrait, Livret A, Paiement sans contact;Oui (Découvert autorisé);740
C1785;49;Employé;2511;Compte premium, Mastercard, Livret A, Alerte SMS;Non;14750
C1786;21;Étudiant;795;Compte courant, Carte de retrait, Compte sur livret, Alerte SMS;Non;1870
C1787;49;Cadre;4434;Compte joint, Carte bancaire, Livret A, Assurance santé;Oui (Crédit conso + Crédit immo);40120
C1788;54;Employé;3191;Compte, Carte premium, Livret A, Assurance santé, Paiement sans contact;Non;11910
C1789;41;Commerçant;5027;Compte pro, Carte pro, Compte à terme, Virement instantané;Non;50250
C1790;74;Retraité;1834;Compte, Carte senior, LDDS, Banque en ligne;Non;7070
C1791;29;Sans emploi;1014;Compte de base, Carte bancaire, Banque en ligne;Oui (Découvert autorisé);1310
C1792;30;Employé;3039;Compte, Mastercard, Plan épargne logement, Protection des moyens de paiement, Paiement sans contact;Non;15350
C1793;26;Étudiant;917;Compte jeune, Carte Jeune, Livret A;Non;110
C1794;45;Employé;2592;Compte, Visa Classic, LDDS, Assurance habitation;Non;14160
C1795;43;Fonctionnaire;3883;Compte joint, Carte premium, Plan épargne logement, Assurance santé, Alerte SMS;Non;38380
C1796;60;Retraité;1928;Compte courant, Carte de retrait, Compte sur livret, Assurance vie;Non;22180
C1797;38;Entrepreneur local;4966;Compte, Visa Business, PEA, Banque en ligne;Oui (Crédit professionnel);19070
C1798;41;Employé;3214;Compte premium, Mastercard, Livret A, Assurance habitation;Non;15390
C1799;31;Indépendant;5292;Compte pro, Carte bancaire, Compte à terme, Virement instantané;Non;33260
C1800;39;Employé;3138;Compte courant, Carte premium, Plan épargne logement, Assurance santé;Oui (Crédit auto);15630
C1801;41;Entrepreneur local;4655;Compte pro, Carte pro, Compte à terme;Non;16380
C1802;23;Étudiant;817;Compte d'épargne, Carte bancaire, Livret A, Alerte SMS;Oui (Découvert autorisé);650
C1803;47;Artisan;4620;Compte, Carte bancaire, PEA, Banque en ligne, Terminal de paiement;Oui (Crédit professionnel);29360
C1804;39;Employé;2888;Compte premium, Carte premium, LDDS, Assurance habitation;Oui (Crédit immo);9600
C1805;26;Étudiant;844;Compte courant, Carte bancaire, Livret A, Banque en ligne;Oui (Crédit étudiant);0
C1806;35;Employé;1950;Compte joint, Carte bancaire, Assurance vie;Oui (Crédit conso);3810
C1807;46;Fonctionnaire;4760;Compte, Mastercard, Livret A;Non;49430
C1808;47;Cadre;5703;Compte courant, Carte bancaire, PEA, Assurance habitation;Non;39360
C1809;42;Employé;2519;Compte premium, Carte premium, Livret A, Assurance santé, Banque en ligne;Non;17980
C1810;50;Indépendant;5690;Compte, Visa Business, Compte sur livret, Virement instantané;Non;22490
C1811;73;Retraité;2093;Compte courant, Carte de retrait, LDDS, Protection des moyens de paiement;Non;40760
C1812;35;Employé;2324;Compte courant, Mastercard, LDDS;Non;14820
C1813;48;Entrepreneur local;5793;Compte pro, Mastercard Business, Assurance vie, Terminal de paiement;Oui (Micro-crédit);7890
C1814;33;Employé;3101;Compte courant, Visa Classic, Assurance vie, Assurance santé;Oui (Crédit auto + Crédit conso);5400
C1815;64;Retraité;2687;Compte joint, Carte senior, Livret A, Assurance vie;Oui (Crédit santé);14040
C1816;52;Employé;2879;Compte, Visa Classic, LDDS, Assurance habitation;Non;11480
C1817;35;Employé;3273;Compte courant, Visa Classic, Plan épargne logement, Banque en ligne;Oui (Crédit conso);11480
C1818;46;Sans emploi;567;Compte courant, Carte bancaire, Compte sur livret, Paiement sans contact;Non;330
C1819;36;Employé;3184;Compte courant, Mastercard, Livret A;Non;11250
C1820;25;Étudiant;646;Compte d'épargne, Carte bancaire, Compte sur livret;Non;620
C1821;53;Cadre;5431;Compte joint, Visa Gold, Assurance vie;Oui (Crédit immo);71180
C1822;53;Artisan;5720;Compte professionnel, Visa Business, Compte à terme, Virement instantané;Non;52170
C1823;43;Sans emploi;894;Compte de base, Carte bancaire, Livret A;Non;0
C1824;52;Fonctionnaire;4074;Compte courant, Visa Classic, Plan épargne logement, Assurance habitation, Banque en ligne;Oui (Crédit auto);46900
C1825;38;Employé;2158;Compte, Carte bancaire, Assurance vie;Oui (Crédit immo);6140
C1826;19;Étudiant;846;Compte jeune, Carte Jeune;Non;1190
C1827;37;Entrepreneur local;7328;Compte professionnel, Visa Business, PEA, Virement instantané;Non;19500
C1828;49;Entrepreneur local;6019;Compte professionnel, Carte pro, Compte sur livret;Oui (Crédit de trésorerie);16960
C1829;43;Sans emploi;838;Compte de base, Carte bancaire, Compte sur livret;Non;850
C1830;34;Fonctionnaire;3782;Compte joint, Visa Classic, Livret A, Protection des moyens de paiement, Banque en ligne;Oui (Crédit immo);25070
C1831;31;Employé;2047;Compte premium, Mastercard, Plan épargne logement, Assurance santé;Oui (Crédit conso);6700
C1832;36;Indépendant;4543;Compte professionnel, Visa Business, PEA;Oui (Micro-crédit + Crédit conso);19910
C1833;19;Étudiant;703;Compte jeune, Carte Jeune;Oui (Crédit étudiant);920
C1834;41;Entrepreneur local;3609;Compte pro, Carte pro, PEA, Virement instantané;Non;25840
C1835;50;Artisan;3995;Compte courant, Carte pro, Compte à terme;Non;32580
C1836;73;Retraité;1320;Compte senior, Carte de retrait, Assurance vie, Protection des moyens de paiement;Oui (Crédit santé);9580
C1837;21;Étudiant;791;Compte d'épargne, Carte de retrait, Compte sur livret;Non;1520
C1838;34;Artisan;3437;Compte professionnel, Carte pro, PEA;Non;27960
C1839;42;Entrepreneur local;6588;Compte courant, Visa Business, Compte sur livret, Banque en ligne;Non;56330
C1840;81;Retraité;1134;Compte, Carte bancaire, LDDS, Protection des moyens de paiement;Non;9440
C1841;50;Sans emploi;584;Compte, Carte bancaire;Non;400
C1842;26;Fonctionnaire;2838;Compte courant, Carte bancaire, Plan épargne logement;Oui (Crédit immo);20890
C1843;48;Entrepreneur local;7941;Compte professionnel, Mastercard Business, Assurance vie, Virement instantané;Oui (Crédit professionnel + Crédit de trésorerie);28320
C1844;52;Sans emploi;1012;Compte courant, Carte de retrait, Livret A;Non;490
C1845;23;Étudiant;868;Compte, Carte Jeune, Compte sur livret, Paiement sans contact, Alerte SMS;Non;0
C1846;49;Employé;2397;Compte, Mastercard, Livret A;Non;8440
C1847;38;Employé;2727;Compte, Carte premium, LDDS, Protection des moyens de paiement, Paiement sans contact;Oui (Crédit conso);10130
C1848;46;Entrepreneur local;5737;Compte pro, Carte pro, Compte sur livret, Banque en ligne;Non;22220
C1849;42;Fonctionnaire;3708;Compte premium, Carte premium, Assurance vie, Alerte SMS;Oui (Crédit conso);24670
C1850;33;Employé;3019;Compte, Carte premium, Plan épargne logement;Non;5780
C1851;31;Entrepreneur local;5743;Compte courant, Carte pro, Assurance vie, Banque en ligne;Oui (Crédit de trésorerie);26230
C1852;61;Artisan;4618;Compte courant, Visa Business, Compte sur livret;Oui (Micro-crédit);23630
C1853;70;Retraité;2411;Compte, Carte bancaire, LDDS;Non;13060
C1854;50;Fonctionnaire;2187;Compte, Carte premium, Livret A, Paiement sans contact;Non;10440
C1855;36;Entrepreneur local;5643;Compte pro, Visa Business, PEA;Oui (Crédit de trésorerie);23970
C1856;24;Étudiant;470;Compte d'épargne, Carte de retrait, Livret A, Alerte SMS;Non;0
C1857;39;Entrepreneur local;3273;Compte pro, Carte pro, Compte à terme, Terminal de paiement;Oui (Crédit de trésorerie);22070
C1858;43;Employé;3019;Compte courant, Mastercard, Assurance vie, Assurance santé;Non;13490
C1859;55;Employé;2624;Compte, Visa Classic, Assurance vie, Paiement sans contact;Oui (Crédit conso);16760
C1860;43;Employé;2789;Compte, Carte bancaire, Plan épargne logement;Non;11760
C1861;25;Étudiant;625;Compte, Carte bancaire, Compte sur livret, Alerte SMS;Non;500
C1862;53;Indépendant;4412;Compte professionnel, Carte pro, Assurance vie;Non;28270
C1863;42;Fonctionnaire;2883;Compte joint, Mastercard, LDDS;Oui (Crédit conso);12520
C1864;34;Entrepreneur local;4989;Compte pro, Mastercard Business, Compte sur livret, Terminal de paiement;Non;30430
C1865;62;Sans emploi;753;Compte, Carte bancaire, Alerte SMS;Non;760
C1866;39;Employé;2780;Compte courant, Mastercard, Plan épargne logement;Non;11030
C1867;37;Sans emploi;973;Compte courant, Carte de retrait;Non;1510
C1868;44;Entrepreneur local;4727;Compte pro, Carte pro, Compte sur livret;Non;39690
C1869;32;Artisan;4955;Compte courant, Visa Business, Compte à terme, Terminal de paiement;Oui (Crédit professionnel);30550
C1870;46;Employé;2151;Compte courant, Carte premium, LDDS;Non;3100
C1871;54;Employé;3202;Compte, Carte premium, LDDS, Assurance habitation;Non;13580
C1872;46;Employé;4285;Compte, Carte bancaire, Assurance vie;Non;14710
C1873;54;Fonctionnaire;2670;Compte courant, Visa Classic, LDDS, Protection des moyens de paiement;Non;10130
C1874;50;Indépendant;6438;Compte courant, Carte bancaire, Compte sur livret, Banque en ligne;Non;34640
C1875;68;Retraité;2535;Compte, Carte de retrait, Assurance vie;Oui (Crédit auto);22890
C1876;57;Artisan;3944;Compte, Visa Business, PEA;Oui (Crédit professionnel);8000
C1877;84;Retraité;1919;Compte joint, Carte de retrait, Compte sur livret, Banque en ligne;Non;20770
C1878;55;Entrepreneur local;4351;Compte professionnel, Carte pro, Compte à terme, Virement instantané;Oui (Crédit de trésorerie + Micro-crédit);25390
C1879;36;Employé;3292;Compte premium, Carte premium, LDDS;Non;18140
C1880;31;Commerçant;6027;Compte, Visa Business, Compte à terme, Virement instantané;Oui (Crédit de trésorerie);17680
C1881;43;Sans emploi;915;Compte courant, Carte de retrait, Livret A;Non;580
C1882;39;Sans emploi;909;Compte courant, Carte de retrait, Compte sur livret, Banque en ligne;Oui (Découvert autorisé);740
C1883;40;Cadre;5440;Compte premium, Carte premium, Livret A;Non;57470
C1884;23;Étudiant;713;Compte d'épargne, Carte bancaire, Compte sur livret;Non;820
C1885;39;Employé;3106;Compte courant, Visa Classic, Livret A, Assurance habitation, Paiement sans contact;Oui (Crédit immo + Crédit conso);11090
C1886;43;Employé;3985;Compte, Mastercard, LDDS, Protection des moyens de paiement, Alerte SMS;Non;22650
C1887;22;Étudiant;459;Compte, Carte bancaire, Livret A, Alerte SMS;Non;340
C1888;64;Retraité;1528;Compte, Carte senior, Assurance vie, Assurance santé, Alerte SMS;Oui (Crédit conso);8310
C1889;26;Étudiant;878;Compte courant, Carte Jeune, Compte sur livret, Paiement sans contact;Non;410
C1890;33;Employé;2761;Compte courant, Visa Classic, Assurance vie, Assurance santé;Non;10250
C1891;33;Employé;2800;Compte joint, Carte premium, Livret A, Protection des moyens de paiement;Non;11600
C1892;46;Employé;3384;Compte joint, Visa Classic, Plan épargne logement;Non;21820
C1893;37;Fonctionnaire;3597;Compte premium, Visa Classic, LDDS, Assurance habitation;Non;19330
C1894;54;Employé;2745;Compte premium, Visa Classic, LDDS;Oui (Crédit auto);11510
C1895;36;Employé;2525;Compte joint, Visa Classic, Assurance vie, Assurance santé;Non;17330
C1896;43;Cadre;6224;Compte courant, Visa Gold, PEA, Protection des moyens de paiement;Non;67200
C1897;51;Artisan;2956;Compte courant, Carte bancaire, Assurance vie, Terminal de paiement;Oui (Crédit véhicule);8420
C1898;49;Entrepreneur local;7708;Compte pro, Visa Business, Compte à terme, Terminal de paiement;Non;37450
C1899;23;Sans emploi;1073;Compte de base, Carte de retrait, Compte sur livret;Non;1060
C1900;81;Retraité;1374;Compte, Carte bancaire, Assurance vie, Banque en ligne;Oui (Crédit conso);3850
C1901;41;Fonctionnaire;3262;Compte courant, Carte bancaire, Assurance vie;Non;26780
C1902;82;Retraité;1136;Compte joint, Carte de retrait, Assurance vie, Assurance santé;Non;11240
C1903;46;Employé;3500;Compte courant, Mastercard, LDDS;Non;17330
C1904;45;Employé;2693;Compte courant, Carte bancaire, Assurance vie, Assurance santé;Non;9020
C1905;31;Artisan;4567;Compte courant, Visa Business, PEA, Banque en ligne;Oui (Crédit professionnel);24790
C1906;51;Employé;2424;Compte premium, Carte bancaire, Livret A, Protection des moyens de paiement;Oui (Crédit immo + Crédit auto);10020
C1907;28;Fonctionnaire;3936;Compte premium, Mastercard, Plan épargne logement;Oui (Crédit immo);19470
C1908;42;Sans emploi;652;Compte de base, Carte bancaire, Livret A;Oui (Découvert autorisé);470
C1909;21;Étudiant;775;Compte, Carte de retrait, Livret A, Alerte SMS;Oui (Crédit étudiant);870
C1910;28;Artisan;4199;Compte courant, Carte bancaire, PEA;Non;28560
C1911;23;Étudiant;463;Compte courant, Carte Jeune, Compte sur livret, Alerte SMS;Non;1100
C1912;39;Employé;3315;Compte, Carte premium, Livret A, Protection des moyens de paiement;Non;6870
C1913;31;Fonctionnaire;3828;Compte, Visa Classic, Livret A;Oui (Crédit auto);37030
C1914;20;Étudiant;1007;Compte courant, Carte Jeune;Non;0
C1915;41;Employé;3672;Compte, Visa Classic, Plan épargne logement;Oui (Crédit auto);12420
C1916;36;Artisan;2493;Compte, Carte pro, PEA;Non;12060
C1917;61;Fonctionnaire;2777;Compte, Mastercard, Livret A, Assurance habitation, Alerte SMS;Non;16230
C1918;23;Étudiant;725;Compte d'épargne, Carte Jeune, Compte sur livret;Non;1750
C1919;47;Sans emploi;1170;Compte courant, Carte bancaire, Livret A;Oui (Découvert autorisé);900
C1920;41;Employé;3855;Compte joint, Visa Classic, Livret A, Protection des moyens de paiement;Non;20230
C1921;39;Employé;3970;Compte courant, Mastercard, Assurance vie;Non;11460
C1922;28;Sans emploi;702;Compte de base, Carte bancaire, Livret A;Non;580
C1923;25;Étudiant;829;Compte courant, Carte bancaire, Compte sur livret;Oui (Crédit étudiant);1110
C1924;31;Fonctionnaire;1970;Compte joint, Carte premium, Livret A;Non;21360
C1925;20;Étudiant;564;Compte jeune, Carte Jeune, Livret A, Paiement sans contact, Banque en ligne;Non;320
C1926;32;Employé;1572;Compte courant, Mastercard;Oui (Crédit conso);1050
C1927;24;Étudiant;779;Compte courant, Carte Jeune, Livret A;Non;0
C1928;52;Artisan;3134;Compte courant, Carte pro, Assurance vie, Terminal de paiement;Non;13440
C1929;56;Sans emploi;832;Compte, Carte bancaire, Livret A, Paiement sans contact, Banque en ligne;Non;150
C1930;82;Retraité;2832;Compte, Carte de retrait, Assurance vie;Non;45600
C1931;40;Cadre;5541;Compte joint, Mastercard Gold, LDDS, Virement instantané;Non;56730
C1932;79;Retraité;1706;Compte senior, Carte senior;Non;5500
C1933;44;Indépendant;4840;Compte professionnel, Carte pro, PEA;Oui (Micro-crédit + Crédit conso);22480
C1934;37;Employé;2966;Compte, Mastercard, Livret A;Oui (Crédit immo);10570
C1935;46;Sans emploi;832;Compte de base, Carte bancaire, Livret A;Non;640
C1936;40;Entrepreneur local;5206;Compte courant, Visa Business, Assurance vie, Carte pro;Oui (Crédit professionnel);34810
C1937;21;Étudiant;819;Compte jeune, Carte bancaire, Livret A;Non;660
C1938;42;Fonctionnaire;4354;Compte premium, Visa Classic, LDDS, Alerte SMS;Oui (Crédit immo);31510
C1939;37;Fonctionnaire;3400;Compte premium, Mastercard, Plan épargne logement;Oui (Crédit immo);20630
C1940;55;Entrepreneur local;5759;Compte courant, Carte pro, Assurance vie;Oui (Micro-crédit);32960
C1941;32;Employé;3528;Compte joint, Mastercard, LDDS;Non;16160
C1942;42;Fonctionnaire;2929;Compte joint, Carte premium, Livret A, Assurance habitation;Oui (Crédit immo);32250
C1943;64;Retraité;1177;Compte courant, Carte bancaire, Assurance vie;Oui (Crédit auto);9810
C1944;49;Employé;3626;Compte, Visa Classic, LDDS;Oui (Crédit auto);11120
C1945;50;Fonctionnaire;2007;Compte, Carte bancaire, LDDS, Paiement sans contact;Oui (Crédit auto);10320
C1946;62;Retraité;2229;Compte, Carte bancaire, Compte sur livret, Assurance vie, Alerte SMS;Oui (Crédit santé);18460
C1947;35;Sans emploi;898;Compte courant, Carte bancaire;Non;860
C1948;37;Artisan;3482;Compte pro, Carte pro, Compte sur livret;Non;18540
C1949;45;Cadre;4019;Compte courant, Visa Gold, Livret A;Oui (Crédit auto);30460
C1950;46;Sans emploi;656;Compte courant, Carte bancaire;Oui (Micro-crédit);390
C1951;48;Sans emploi;615;Compte, Carte de retrait, Compte sur livret, Paiement sans contact;Oui (Découvert autorisé);170
C1952;20;Étudiant;500;Compte d'épargne, Carte Jeune, Compte sur livret, Banque en ligne;Oui (Crédit conso);230
C1953;46;Entrepreneur local;5762;Compte professionnel, Mastercard Business, PEA, Banque en ligne, Terminal de paiement;Oui (Micro-crédit);36080
C1954;66;Retraité;1151;Compte courant, Carte senior, Assurance vie;Oui (Crédit santé);15820
C1955;35;Employé;3319;Compte premium, Carte premium, LDDS;Oui (Crédit conso);13010
C1956;40;Employé;3066;Compte premium, Carte premium, Livret A;Non;9350
C1957;61;Retraité;1424;Compte, Carte senior, Assurance vie;Non;10030
C1958;53;Entrepreneur local;4111;Compte, Carte pro, Compte à terme, Terminal de paiement;Non;29020
C1959;54;Employé;2735;Compte premium, Mastercard, Assurance vie, Alerte SMS;Oui (Crédit conso);13620
C1960;82;Retraité;1934;Compte joint, Carte de retrait, Livret A;Oui (Crédit auto);29320
C1961;43;Entrepreneur local;7658;Compte pro, Mastercard Business, PEA;Non;58480
C1962;32;Sans emploi;1234;Compte de base, Carte de retrait, Livret A;Non;0
C1963;69;Retraité;2028;Compte senior, Carte bancaire, Assurance vie;Non;37290
C1964;52;Sans emploi;994;Compte courant, Carte bancaire;Non;1430
C1965;39;Artisan;4531;Compte pro, Carte pro, Assurance vie, Banque en ligne;Non;33790
C1966;57;Cadre;6406;Compte premium, Carte premium, Assurance vie, Protection des moyens de paiement;Oui (Crédit conso);55420
C1967;40;Fonctionnaire;3292;Compte courant, Visa Classic, Plan épargne logement, Assurance habitation, Banque en ligne;Non;38820
C1968;27;Fonctionnaire;4516;Compte premium, Mastercard, Assurance vie;Oui (Crédit conso);22270
C1969;38;Indépendant;5697;Compte courant, Carte pro, Assurance vie;Non;40750
C1970;51;Entrepreneur local;3129;Compte professionnel, Mastercard Business, PEA;Oui (Micro-crédit);3060
C1971;57;Indépendant;3962;Compte, Carte pro, Assurance vie, Terminal de paiement;Non;12320
C1972;66;Retraité;1943;Compte, Carte bancaire, Compte sur livret, Assurance santé;Non;27430
C1973;82;Retraité;2699;Compte, Carte bancaire, Livret A, Protection des moyens de paiement, Alerte SMS;Non;12120
C1974;37;Employé;2772;Compte, Visa Classic, LDDS;Non;9460
C1975;40;Sans emploi;881;Compte, Carte de retrait, Livret A, Alerte SMS;Non;590
C1976;49;Employé;2893;Compte, Visa Classic, Livret A, Protection des moyens de paiement;Oui (Crédit auto);11550
C1977;41;Sans emploi;654;Compte de base, Carte bancaire, Compte sur livret, Paiement sans contact;Oui (Micro-crédit);740
C1978;46;Employé;3013;Compte courant, Carte premium, Livret A;Non;11180
C1979;37;Commerçant;3411;Compte courant, Visa Business, Assurance vie, Virement instantané;Oui (Crédit de trésorerie + Micro-crédit);13710
C1980;43;Employé;3472;Compte joint, Visa Classic, LDDS, Protection des moyens de paiement;Non;16180
C1981;21;Étudiant;928;Compte d'épargne, Carte de retrait, Livret A, Banque en ligne, Paiement sans contact;Non;800
C1982;34;Fonctionnaire;3935;Compte courant, Mastercard, Assurance vie;Non;20510
C1983;40;Employé;3989;Compte courant, Carte bancaire, Plan épargne logement;Non;3940
C1984;56;Cadre;4311;Compte, Carte bancaire, LDDS;Non;28020
C1985;45;Entrepreneur local;5256;Compte, Carte pro, Compte à terme, Virement instantané;Non;27030
C1986;43;Entrepreneur local;1684;Compte, Visa Business, Carte pro;Non;10820
C1987;33;Employé;3276;Compte, Mastercard, Plan épargne logement;Non;13820
C1988;52;Entrepreneur local;6952;Compte courant, Carte pro, PEA, Terminal de paiement;Non;33980
C1989;40;Fonctionnaire;3401;Compte joint, Visa Classic, Assurance vie, Protection des moyens de paiement;Oui (Crédit conso);14970
C1990;53;Cadre;7213;Compte joint, Mastercard Gold, PEA;Non;48500
C1991;43;Fonctionnaire;3949;Compte, Carte premium, Assurance vie;Oui (Crédit conso);11650
C1992;40;Employé;3213;Compte, Carte bancaire, LDDS, Assurance habitation;Oui (Crédit conso + Crédit auto);7110
C1993;42;Employé;2385;Compte premium, Visa Classic, Assurance vie;Oui (Crédit conso);7860
C1994;47;Artisan;2717;Compte courant, Visa Business, Compte à terme, Banque en ligne;Non;13270
C1995;48;Employé;3570;Compte courant, Carte premium, LDDS, Alerte SMS;Oui (Crédit auto + Crédit immo);14030
C1996;51;Employé;3827;Compte premium, Visa Classic, Livret A;Non;20700
C1997;23;Sans emploi;849;Compte de base, Carte bancaire, Compte sur livret, Banque en ligne;Oui (Micro-crédit);500
C1998;50;Employé;2802;Compte, Visa Classic, Assurance vie;Non;18180
C1999;45;Employé;3622;Compte, Carte bancaire, LDDS, Assurance santé;Oui (Crédit auto + Crédit conso);16630
C2000;38;Fonctionnaire;4099;Compte courant, Visa Classic, Assurance vie, Protection des moyens de paiement;Non;37140
C2001;44;Employé;3180;Compte premium, Carte premium, LDDS;Oui (Crédit conso);12440
C2002;41;Sans emploi;1094;Compte, Carte bancaire, Compte sur livret;Non;1030
C2003;63;Artisan;4888;Compte professionnel, Visa Business, Compte sur livret, Terminal de paiement;Non;41700
C2004;47;Sans emploi;508;Compte courant, Carte de retrait, Compte sur livret, Paiement sans contact;Non;920
C2005;39;Employé;2445;Compte joint, Carte bancaire, Livret A, Assurance santé;Non;12710
C2006;22;Étudiant;710;Compte jeune, Carte bancaire, Paiement sans contact;Non;0
C2007;39;Fonctionnaire;3984;Compte joint, Carte premium, LDDS, Assurance santé;Non;33660
C2008;21;Sans emploi;1014;Compte de base, Carte bancaire, Compte sur livret;Non;520
C2009;82;Retraité;2151;Compte joint, Carte senior, Assurance vie;Non;12030
C2010;43;Employé;2945;Compte premium, Carte premium, LDDS;Oui (Crédit conso);13700
C2011;18;Étudiant;503;Compte, Carte Jeune, Livret A;Non;430
C2012;29;Employé;3597;Compte joint, Carte premium, Livret A;Non;18040
C2013;38;Fonctionnaire;3354;Compte premium, Carte bancaire, LDDS, Protection des moyens de paiement;Oui (Crédit conso);15790
C2014;46;Cadre;6882;Compte joint, Carte premium, Livret A;Non;21630
C2015;25;Étudiant;682;Compte d'épargne, Carte de retrait, Compte sur livret, Banque en ligne;Oui (Découvert autorisé);750
C2016;36;Indépendant;5705;Compte pro, Carte pro, Compte sur livret, Terminal de paiement;Non;42020
C2017;20;Étudiant;642;Compte d'épargne, Carte Jeune, Compte sur livret, Alerte SMS;Oui (Crédit conso);800
C2018;24;Étudiant;752;Compte courant, Carte de retrait, Compte sur livret, Paiement sans contact;Non;680
C2019;41;Fonctionnaire;2329;Compte joint, Visa Classic, Assurance vie, Assurance santé, Alerte SMS;Non;23460
C2020;43;Employé;3809;Compte premium, Mastercard, LDDS;Non;16980
C2021;43;Fonctionnaire;4186;Compte premium, Carte premium, Plan épargne logement, Alerte SMS;Non;46580
C2022;67;Retraité;1570;Compte joint, Carte senior, LDDS, Protection des moyens de paiement;Non;13500
C2023;50;Employé;2817;Compte courant, Mastercard, Plan épargne logement;Non;17360
C2024;18;Étudiant;869;Compte courant, Carte bancaire, Banque en ligne;Non;820
C2025;29;Fonctionnaire;2854;Compte courant, Carte bancaire, Plan épargne logement, Protection des moyens de paiement;Oui (Crédit conso);12220
C2026;40;Commerçant;4852;Compte, Carte pro, Compte sur livret, Virement instantané;Non;55050
C2027;27;Employé;2164;Compte, Mastercard, Livret A;Non;4780
C2028;34;Employé;1904;Compte joint, Visa Classic, Plan épargne logement;Non;7040
C2029;24;Étudiant;1006;Compte, Carte de retrait, Livret A, Banque en ligne;Oui (Crédit étudiant);1400
C2030;50;Entrepreneur local;7458;Compte professionnel, Carte pro, Compte à terme, Virement instantané;Non;46140
C2031;37;Employé;1972;Compte premium, Carte bancaire, Livret A;Non;4060
C2032;55;Sans emploi;824;Compte de base, Carte de retrait, Livret A;Non;680
C2033;22;Étudiant;634;Compte jeune, Carte Jeune, Compte sur livret, Alerte SMS;Oui (Crédit étudiant);820
C2034;36;Fonctionnaire;2556;Compte, Mastercard, Plan épargne logement, Assurance habitation;Non;32120
C2035;39;Entrepreneur local;5832;Compte pro, Mastercard Business, Compte sur livret, Banque en ligne;Oui (Micro-crédit);20490
C2036;21;Étudiant;809;Compte jeune, Carte Jeune;Non;570
C2037;57;Cadre;4721;Compte, Mastercard Gold, Livret A;Non;20900
C2038;48;Employé;2802;Compte courant, Visa Classic, Assurance vie, Assurance santé;Oui (Crédit immo);10100
C2039;48;Entrepreneur local;2906;Compte professionnel, Mastercard Business, Compte à terme, Virement instantané;Non;15560
C2040;45;Sans emploi;768;Compte courant, Carte de retrait, Banque en ligne;Non;1070
C2041;75;Retraité;1488;Compte senior, Carte bancaire, Livret A;Non;17840
C2042;47;Employé;2683;Compte courant, Carte bancaire, LDDS, Banque en ligne;Oui (Crédit conso);12360
C2043;54;Entrepreneur local;3694;Compte, Visa Business, PEA, Banque en ligne, Virement instantané;Oui (Crédit de trésorerie);13950
C2044;81;Retraité;2046;Compte senior, Carte senior, Livret A, Assurance santé, Alerte SMS;Oui (Crédit santé);15730
C2045;26;Étudiant;394;Compte d'épargne, Carte de retrait, Livret A;Non;110
C2046;47;Cadre;6841;Compte joint, Carte bancaire, Livret A, Protection des moyens de paiement;Oui (Crédit auto);75560
C2047;44;Employé;2908;Compte courant, Carte premium, Livret A, Assurance habitation;Oui (Crédit immo + Crédit auto);12660
C2048;32;Entrepreneur local;7195;Compte courant, Carte pro, Compte à terme, Banque en ligne;Oui (Micro-crédit);37150
C2049;47;Employé;2289;Compte courant, Carte bancaire, Plan épargne logement;Non;11380
C2050;49;Employé;2457;Compte, Carte premium, Plan épargne logement;Non;10990
C2051;45;Sans emploi;867;Compte, Carte de retrait, Livret A;Non;1080
C2052;44;Cadre;5442;Compte, Mastercard Gold, LDDS;Oui (Crédit auto);24010
C2053;47;Employé;3434;Compte joint, Mastercard, Assurance vie, Assurance santé, Alerte SMS;Non;12920
C2054;31;Employé;2324;Compte, Visa Classic, Livret A;Non;10310
C2055;51;Fonctionnaire;2964;Compte courant, Carte premium, Plan épargne logement;Oui (Crédit immo);15040
C2056;21;Étudiant;610;Compte d'épargne, Carte de retrait, Livret A, Banque en ligne, Paiement sans contact;Oui (Découvert autorisé);1020
C2057;38;Employé;1923;Compte courant, Carte premium, LDDS, Protection des moyens de paiement, Alerte SMS;Oui (Crédit conso);6760
C2058;21;Étudiant;815;Compte, Carte de retrait, Compte sur livret;Oui (Crédit étudiant);470
C2059;26;Employé;2487;Compte premium, Carte premium, LDDS, Protection des moyens de paiement;Oui (Crédit immo);6830
C2060;22;Étudiant;748;Compte jeune, Carte bancaire, Livret A;Non;470
C2061;46;Fonctionnaire;4511;Compte courant, Carte premium, Plan épargne logement, Assurance habitation;Oui (Crédit conso);12730
C2062;38;Employé;3960;Compte courant, Visa Classic, Assurance vie;Oui (Crédit auto + Crédit immo);4620
C2063;74;Retraité;2350;Compte joint, Carte de retrait, LDDS, Assurance vie;Non;31410
C2064;42;Fonctionnaire;2991;Compte premium, Carte premium, Livret A, Assurance habitation, Banque en ligne;Non;13310
C2065;73;Retraité;2494;Compte senior, Carte de retrait, Livret A;Non;5900
C2066;20;Étudiant;919;Compte, Carte bancaire, Alerte SMS, Banque en ligne;Non;560
C2067;53;Commerçant;4333;Compte courant, Carte pro, Compte sur livret, Virement instantané;Oui (Micro-crédit + Crédit de trésorerie);28490
C2068;78;Retraité;2681;Compte courant, Carte de retrait, Assurance vie, Banque en ligne;Oui (Crédit santé);23440
C2069;37;Entrepreneur local;6169;Compte pro, Visa Business, Assurance vie, Terminal de paiement;Oui (Crédit professionnel);7440
C2070;40;Artisan;4384;Compte professionnel, Visa Business, Compte à terme, Terminal de paiement;Oui (Crédit professionnel);29970
C2071;36;Fonctionnaire;3638;Compte, Visa Classic, Assurance vie, Paiement sans contact;Non;18470
C2072;51;Cadre;6898;Compte courant, Carte premium, Assurance vie;Oui (Crédit auto + Crédit immo);85150
C2073;32;Artisan;4673;Compte, Carte pro, PEA, Terminal de paiement;Oui (Micro-crédit);11000
C2074;47;Employé;2491;Compte, Visa Classic, Plan épargne logement;Oui (Crédit conso);11540
C2075;44;Fonctionnaire;3731;Compte premium, Mastercard, Plan épargne logement, Assurance santé;Non;10670
C2076;47;Indépendant;5773;Compte courant, Carte bancaire, Assurance vie, Carte pro;Non;37990
C2077;20;Étudiant;1079;Compte d'épargne, Carte bancaire, Livret A, Paiement sans contact;Non;0
C2078;41;Cadre;6017;Compte courant, Carte premium, Plan épargne logement;Non;44300
C2079;40;Fonctionnaire;4365;Compte joint, Mastercard, Livret A, Protection des moyens de paiement, Alerte SMS;Oui (Crédit immo);24860
C2080;46;Employé;3064;Compte courant, Carte bancaire, Assurance vie, Assurance santé, Paiement sans contact;Non;10980
C2081;45;Employé;3965;Compte, Mastercard, Assurance vie, Protection des moyens de paiement;Oui (Crédit immo);12280
C2082;43;Employé;3177;Compte joint, Mastercard, LDDS, Assurance santé;Oui (Crédit auto);14060
C2083;76;Retraité;2735;Compte, Carte bancaire, Compte sur livret, Protection des moyens de paiement;Oui (Crédit conso);31800
C2084;65;Retraité;1220;Compte courant, Carte senior, LDDS, Protection des moyens de paiement;Non;12410
C2085;32;Employé;2698;Compte, Carte bancaire, LDDS, Paiement sans contact;Oui (Crédit conso + Crédit immo);13160
C2086;37;Fonctionnaire;3057;Compte courant, Mastercard, Plan épargne logement;Non;16810
C2087;33;Employé;2600;Compte courant, Visa Classic, Plan épargne logement, Protection des moyens de paiement;Non;10850
C2088;83;Retraité;1229;Compte senior, Carte senior, Assurance vie, Protection des moyens de paiement;Non;20900
C2089;70;Retraité;1146;Compte senior, Carte bancaire, Compte sur livret, Protection des moyens de paiement;Non;19220
C2090;59;Fonctionnaire;3657;Compte joint, Carte bancaire, Plan épargne logement;Non;48000
C2091;34;Employé;3144;Compte premium, Carte premium, Assurance vie;Non;14220
C2092;24;Étudiant;917;Compte jeune, Carte de retrait, Compte sur livret, Alerte SMS;Non;1350
C2093;38;Employé;4086;Compte joint, Carte premium, Livret A;Non;20400
C2094;55;Artisan;3941;Compte, Carte pro, Assurance vie;Oui (Crédit professionnel);28840
C2095;56;Sans emploi;654;Compte courant, Carte bancaire, Compte sur livret, Alerte SMS, Paiement sans contact;Non;570
C2096;38;Sans emploi;991;Compte de base, Carte de retrait, Livret A;Non;1450
C2097;70;Retraité;1133;Compte senior, Carte senior, Livret A;Non;11340
C2098;49;Sans emploi;755;Compte, Carte de retrait, Compte sur livret;Non;600
C2099;43;Sans emploi;1177;Compte, Carte bancaire;Non;2090
C2100;37;Employé;3336;Compte courant, Carte premium, Assurance vie;Non;16470
C2101;36;Fonctionnaire;3724;Compte joint, Carte bancaire, LDDS, Assurance santé;Non;37360
C2102;24;Étudiant;956;Compte d'épargne, Carte de retrait, Livret A, Alerte SMS;Oui (Découvert autorisé);880
C2103;57;Artisan;4095;Compte, Carte pro, PEA, Virement instantané;Oui (Crédit professionnel);13330
C2104;36;Employé;3192;Compte premium, Visa Classic, Livret A, Banque en ligne;Oui (Crédit immo);10680
C2105;28;Sans emploi;1023;Compte, Carte bancaire;Non;660
C2106;57;Entrepreneur local;3814;Compte courant, Visa Business, Compte sur livret, Banque en ligne;Oui (Micro-crédit);12380
C2107;53;Entrepreneur local;4903;Compte professionnel, Mastercard Business, Assurance vie, Virement instantané;Oui (Crédit professionnel);20960
C2108;48;Employé;1694;Compte courant, Carte premium, Plan épargne logement;Non;5700
C2109;54;Employé;2944;Compte, Mastercard, Assurance vie, Assurance habitation, Alerte SMS;Non;16400
C2110;33;Sans emploi;967;Compte de base, Carte de retrait, Compte sur livret;Oui (Crédit conso);590
C2111;39;Entrepreneur local;4498;Compte professionnel, Mastercard Business, Compte à terme, Virement instantané;Oui (Micro-crédit);28810
C2112;38;Employé;4227;Compte, Carte bancaire, Livret A;Non;8710
C2113;20;Étudiant;666;Compte, Carte bancaire, Compte sur livret;Non;290
C2114;45;Artisan;4819;Compte professionnel, Carte bancaire, Compte à terme;Non;24540
C2115;23;Étudiant;826;Compte courant, Carte bancaire, Compte sur livret, Paiement sans contact;Non;1390
C2116;42;Employé;3406;Compte joint, Carte premium, Assurance vie, Protection des moyens de paiement;Non;11660
C2117;34;Employé;2442;Compte courant, Carte premium, Assurance vie;Non;14590
C2118;44;Sans emploi;864;Compte, Carte bancaire, Livret A, Alerte SMS;Non;630
C2119;50;Employé;2396;Compte, Mastercard, Assurance vie, Assurance santé;Non;8530
C2120;33;Employé;3152;Compte courant, Visa Classic, Plan épargne logement;Oui (Crédit auto);20250
C2121;83;Retraité;2330;Compte joint, Carte senior, LDDS, Banque en ligne;Non;41400
C2122;34;Cadre;6086;Compte premium, Mastercard Gold, PEA;Oui (Crédit auto);26580
C2123;43;Employé;3023;Compte courant, Carte bancaire, Assurance vie, Protection des moyens de paiement;Non;5560
C2124;69;Retraité;2363;Compte, Carte bancaire, LDDS, Protection des moyens de paiement;Non;42310
C2125;39;Employé;3444;Compte, Visa Classic, Livret A;Oui (Crédit immo);4980
C2126;20;Étudiant;769;Compte d'épargne, Carte Jeune, Livret A, Banque en ligne, Paiement sans contact;Non;1380
C2127;36;Fonctionnaire;3955;Compte, Visa Classic, Assurance vie, Assurance habitation;Oui (Crédit conso);47330
C2128;38;Employé;2352;Compte courant, Carte bancaire, Assurance vie, Assurance habitation, Alerte SMS;Oui (Crédit immo);7160
C2129;46;Entrepreneur local;6117;Compte courant, Visa Business, Compte à terme;Oui (Micro-crédit);26060
C2130;46;Fonctionnaire;2956;Compte premium, Mastercard, LDDS, Alerte SMS;Non;37470
C2131;47;Artisan;3666;Compte, Carte pro, Compte sur livret;Oui (Crédit professionnel);28540
C2132;43;Employé;1612;Compte courant, Visa Classic, LDDS, Paiement sans contact;Non;4180
C2133;54;Fonctionnaire;2725;Compte premium, Carte premium, Plan épargne logement;Oui (Crédit auto);17390
C2134;41;Employé;3197;Compte, Carte bancaire, LDDS, Protection des moyens de paiement;Non;21540
C2135;75;Retraité;1514;Compte joint, Carte bancaire, Assurance vie, Assurance santé;Oui (Crédit santé);16280
C2136;40;Cadre;5161;Compte premium, Mastercard Gold, Plan épargne logement, Virement instantané;Non;45080
C2137;33;Employé;3358;Compte, Visa Classic, Plan épargne logement, Assurance santé, Paiement sans contact;Oui (Crédit immo);4340
C2138;50;Fonctionnaire;3015;Compte premium, Mastercard, Assurance vie;Non;29530
C2139;70;Retraité;1248;Compte senior, Carte bancaire, Compte sur livret, Protection des moyens de paiement;Non;4550
C2140;40;Artisan;5163;Compte courant, Visa Business, PEA;Oui (Micro-crédit);22560
C2141;61;Indépendant;4942;Compte, Carte bancaire, Assurance vie, Virement instantané;Oui (Micro-crédit);47580
C2142;51;Fonctionnaire;3570;Compte joint, Mastercard, Plan épargne logement, Paiement sans contact;Oui (Crédit auto);28070
C2143;25;Employé;2662;Compte joint, Mastercard, LDDS;Non;9550
C2144;84;Retraité;1496;Compte, Carte senior, LDDS, Assurance santé;Non;23390
C2145;42;Commerçant;3523;Compte pro, Carte pro, PEA, Terminal de paiement;Oui (Crédit de trésorerie);24680
C2146;43;Employé;3423;Compte joint, Carte premium, LDDS, Paiement sans contact;Non;23140
C2147;65;Retraité;2649;Compte, Carte bancaire, Assurance vie, Assurance santé, Protection des moyens de paiement;Oui (Crédit conso);25190
C2148;51;Entrepreneur local;6161;Compte courant, Visa Business, Compte sur livret, Banque en ligne;Non;43210
C2149;55;Employé;3393;Compte premium, Mastercard, LDDS, Assurance habitation, Alerte SMS;Non;12410
C2150;47;Employé;2663;Compte premium, Mastercard, Plan épargne logement, Paiement sans contact;Non;5090
C2151;76;Retraité;1959;Compte courant, Carte senior, Livret A;Non;27740
C2152;73;Retraité;1765;Compte joint, Carte senior, Livret A;Non;18180
C2153;47;Artisan;3961;Compte pro, Visa Business, Compte sur livret, Virement instantané;Non;21800
C2154;49;Employé;2793;Compte premium, Visa Classic, Assurance vie, Protection des moyens de paiement;Oui (Crédit auto + Crédit immo);11000
C2155;37;Fonctionnaire;3754;Compte joint, Carte bancaire, Assurance vie, Protection des moyens de paiement, Banque en ligne;Oui (Crédit auto);34780
C2156;62;Artisan;3443;Compte pro, Carte bancaire, Compte sur livret;Non;13080
C2157;39;Fonctionnaire;4260;Compte joint, Carte bancaire, Assurance vie, Assurance santé;Non;30240
C2158;72;Retraité;1245;Compte joint, Carte senior;Non;16220
C2159;31;Entrepreneur local;4709;Compte professionnel, Mastercard Business, Compte sur livret, Virement instantané;Oui (Crédit de trésorerie);28670
C2160;39;Employé;3188;Compte joint, Carte bancaire, Livret A;Non;22720
C2161;51;Sans emploi;983;Compte de base, Carte de retrait;Non;1400
C2162;20;Étudiant;594;Compte, Carte bancaire, Compte sur livret, Alerte SMS, Paiement sans contact;Oui (Découvert autorisé);630
C2163;50;Fonctionnaire;2480;Compte, Carte bancaire, Assurance vie, Assurance habitation;Non;24190
C2164;47;Employé;3149;Compte premium, Mastercard, LDDS;Oui (Crédit auto);8850
C2165;38;Fonctionnaire;3593;Compte joint, Mastercard, Assurance vie, Banque en ligne;Oui (Crédit auto);22420
C2166;42;Employé;3228;Compte joint, Visa Classic, Plan épargne logement;Non;7340
C2167;53;Artisan;3050;Compte professionnel, Visa Business, Compte sur livret, Virement instantané;Oui (Micro-crédit);7600
C2168;42;Employé;2921;Compte, Carte bancaire, Assurance vie;Non;17850
C2169;44;Fonctionnaire;3017;Compte premium, Carte premium, Assurance vie;Non;25180
C2170;30;Employé;2689;Compte premium, Mastercard, Assurance vie;Non;8260
C2171;31;Sans emploi;1137;Compte courant, Carte bancaire, Compte sur livret;Non;1520
C2172;49;Entrepreneur local;5029;Compte professionnel, Mastercard Business, Assurance vie, Virement instantané, Banque en ligne;Oui (Crédit de trésorerie);25910
C2173;39;Commerçant;1870;Compte courant, Mastercard Business, Compte à terme;Oui (Crédit professionnel);11280
C2174;50;Sans emploi;1010;Compte, Carte bancaire, Compte sur livret;Non;560
C2175;46;Employé;1757;Compte courant, Carte premium, Livret A;Non;2610
C2176;51;Artisan;3955;Compte professionnel, Visa Business, PEA, Banque en ligne;Oui (Crédit professionnel);15100
C2177;39;Sans emploi;1016;Compte de base, Carte de retrait, Compte sur livret;Oui (Micro-crédit);610
C2178;67;Entrepreneur local;4874;Compte professionnel, Mastercard Business, PEA, Carte pro;Non;13170
C2179;68;Retraité;2475;Compte courant, Carte senior, Assurance vie, Banque en ligne;Non;10050
C2180;56;Entrepreneur local;3759;Compte pro, Visa Business, Assurance vie, Banque en ligne;Non;26900
C2181;24;Étudiant;763;Compte courant, Carte de retrait, Compte sur livret;Oui (Découvert autorisé);580
C2182;43;Fonctionnaire;2729;Compte courant, Mastercard, Plan épargne logement, Protection des moyens de paiement;Non;24550
C2183;47;Employé;1920;Compte premium, Carte premium, Livret A, Assurance habitation;Non;13360
C2184;34;Fonctionnaire;3019;Compte premium, Visa Classic, Livret A;Non;32280
C2185;85;Retraité;2974;Compte senior, Carte senior, Compte sur livret;Non;36400
C2186;38;Employé;2400;Compte, Carte bancaire, Assurance vie, Assurance santé;Oui (Crédit conso);6060
C2187;48;Commerçant;3194;Compte, Mastercard Business, PEA;Oui (Crédit de trésorerie);18050
C2188;42;Fonctionnaire;4314;Compte, Mastercard, LDDS, Assurance habitation;Non;36680
C2189;37;Employé;4159;Compte, Visa Classic, LDDS, Banque en ligne;Non;18570
C2190;42;Artisan;3501;Compte, Visa Business, PEA;Non;9870
C2191;84;Retraité;2063;Compte senior, Carte bancaire, LDDS, Alerte SMS;Oui (Crédit santé);12610
C2192;20;Étudiant;653;Compte d'épargne, Carte de retrait, Compte sur livret, Alerte SMS;Non;460
C2193;34;Fonctionnaire;4155;Compte joint, Mastercard, Plan épargne logement, Protection des moyens de paiement;Non;31480
C2194;51;Employé;3433;Compte, Carte premium, Assurance vie;Non;24240
C2195;48;Sans emploi;980;Compte, Carte bancaire, Livret A;Non;1070
C2196;25;Étudiant;781;Compte jeune, Carte de retrait, Livret A, Alerte SMS;Oui (Crédit conso);0
C2197;51;Employé;3382;Compte joint, Visa Classic, Livret A, Assurance habitation;Non;18300
C2198;43;Fonctionnaire;3495;Compte premium, Carte bancaire, LDDS, Assurance santé;Non;36210
C2199;34;Fonctionnaire;4139;Compte, Carte premium, LDDS;Non;16630
C2200;52;Employé;2758;Compte, Carte bancaire, Livret A, Assurance habitation, Paiement sans contact;Oui (Crédit immo);7750
C2201;21;Étudiant;760;Compte d'épargne, Carte de retrait, Livret A, Paiement sans contact;Non;810
C2202;50;Artisan;3126;Compte, Visa Business, Assurance vie, Banque en ligne, Virement instantané;Oui (Crédit véhicule);23350
C2203;48;Employé;3450;Compte joint, Visa Classic, Plan épargne logement, Paiement sans contact;Non;14650
C2204;41;Fonctionnaire;4213;Compte, Carte bancaire, LDDS, Protection des moyens de paiement;Non;52820
C2205;41;Fonctionnaire;3703;Compte, Carte premium, Livret A, Assurance habitation;Non;39660
C2206;47;Fonctionnaire;3394;Compte joint, Mastercard, Assurance vie, Assurance habitation;Non;22070
C2207;61;Retraité;2208;Compte joint, Carte de retrait, Livret A;Non;21560
C2208;54;Artisan;2993;Compte professionnel, Visa Business, Compte à terme;Oui (Crédit véhicule);7580
C2209;22;Étudiant;1148;Compte, Carte bancaire, Compte sur livret, Alerte SMS, Paiement sans contact;Non;1810
C2210;42;Employé;2591;Compte, Mastercard, Plan épargne logement;Oui (Crédit immo + Crédit auto);9110
C2211;39;Fonctionnaire;3626;Compte joint, Carte bancaire, LDDS;Non;29610
C2212;74;Retraité;2673;Compte joint, Carte de retrait, Livret A, Protection des moyens de paiement;Non;42320
C2213;38;Employé;2973;Compte premium, Carte bancaire, Livret A, Assurance santé;Non;22170
C2214;41;Employé;2837;Compte courant, Mastercard, LDDS, Assurance habitation, Banque en ligne;Oui (Crédit auto);7570
C2215;67;Retraité;1757;Compte joint, Carte de retrait;Non;16980
C2216;39;Indépendant;3765;Compte courant, Visa Business, Assurance vie, Banque en ligne;Non;21980
C2217;44;Fonctionnaire;2513;Compte courant, Carte premium, Livret A, Assurance santé;Non;15940
C2218;77;Retraité;1889;Compte senior, Carte bancaire, Livret A, Assurance vie;Non;16730
C2219;47;Employé;2651;Compte premium, Mastercard, Assurance vie, Assurance habitation;Non;16210
C2220;46;Cadre;5981;Compte joint, Carte premium, Livret A, Protection des moyens de paiement;Non;39040
C2221;29;Employé;2945;Compte, Mastercard, Plan épargne logement;Non;16540
C2222;42;Sans emploi;888;Compte courant, Carte de retrait, Paiement sans contact;Non;290
C2223;43;Fonctionnaire;4033;Compte joint, Carte premium, Livret A, Assurance habitation, Banque en ligne;Oui (Crédit immo);29900
C2224;45;Entrepreneur local;2274;Compte courant, Visa Business, Compte sur livret, Carte pro, Virement instantané;Oui (Micro-crédit);12600
C2225;20;Sans emploi;1029;Compte courant, Carte bancaire, Alerte SMS;Non;1040
C2226;26;Sans emploi;1164;Compte, Carte bancaire, Livret A;Non;880
C2227;40;Entrepreneur local;6897;Compte courant, Mastercard Business, Compte à terme, Virement instantané, Banque en ligne;Oui (Crédit de trésorerie);51540
C2228;45;Entrepreneur local;7426;Compte pro, Visa Business, Compte sur livret, Carte pro;Non;31900
C2229;35;Commerçant;3142;Compte professionnel, Mastercard Business, Compte à terme, Carte pro;Non;19750
C2230;18;Étudiant;536;Compte d'épargne, Carte de retrait, Livret A, Paiement sans contact, Banque en ligne;Non;920
C2231;37;Sans emploi;761;Compte de base, Carte bancaire, Compte sur livret;Non;910
C2232;48;Entrepreneur local;3286;Compte professionnel, Visa Business, Compte sur livret, Virement instantané;Non;19740
C2233;23;Étudiant;1098;Compte d'épargne, Carte bancaire, Compte sur livret, Banque en ligne;Non;2320
C2234;48;Employé;3606;Compte courant, Carte premium, Livret A;Non;18800
C2235;43;Employé;4032;Compte premium, Carte premium, Plan épargne logement;Non;11310
C2236;37;Fonctionnaire;3704;Compte premium, Carte premium, LDDS;Oui (Crédit auto);23120
C2237;51;Employé;3432;Compte courant, Carte bancaire, Livret A;Non;22830
C2238;45;Sans emploi;676;Compte courant, Carte de retrait, Livret A, Banque en ligne;Non;520
C2239;38;Employé;2574;Compte courant, Visa Classic, LDDS;Oui (Crédit conso);12420
C2240;42;Employé;1990;Compte, Carte bancaire, LDDS, Paiement sans contact;Non;4730
C2241;54;Entrepreneur local;5000;Compte professionnel, Visa Business, Compte à terme, Carte pro;Non;29710
C2242;64;Retraité;2759;Compte courant, Carte senior, Compte sur livret, Assurance vie, Protection des moyens de paiement;Non;31290
C2243;47;Employé;3452;Compte premium, Carte premium, Plan épargne logement;Non;7240
C2244;50;Employé;1635;Compte courant, Mastercard, LDDS, Assurance habitation, Banque en ligne;Oui (Crédit conso);3710
C2245;78;Retraité;1232;Compte, Carte senior, LDDS, Protection des moyens de paiement;Non;7860
C2246;39;Entrepreneur local;6423;Compte, Mastercard Business, Assurance vie, Carte pro;Oui (Crédit professionnel);28420
C2247;45;Employé;1887;Compte joint, Mastercard, LDDS;Non;5990
C2248;78;Retraité;1137;Compte courant, Carte de retrait, Assurance vie;Non;7830
C2249;50;Entrepreneur local;4716;Compte pro, Carte pro, Assurance vie, Virement instantané;Oui (Crédit de trésorerie + Micro-crédit);29270
C2250;33;Employé;2438;Compte premium, Mastercard, Assurance vie, Assurance santé, Banque en ligne;Oui (Crédit auto);6680
C2251;26;Étudiant;711;Compte, Carte Jeune, Compte sur livret;Oui (Crédit étudiant);530
C2252;54;Entrepreneur local;7945;Compte pro, Mastercard Business, Compte à terme;Oui (Crédit de trésorerie + Micro-crédit);13360
C2253;65;Retraité;1939;Compte, Carte bancaire, Livret A;Non;9440
C2254;20;Étudiant;1105;Compte, Carte Jeune, Livret A;Non;2320
C2255;47;Commerçant;5740;Compte professionnel, Visa Business, Compte sur livret;Oui (Crédit de trésorerie);41740
C2256;40;Employé;3229;Compte premium, Visa Classic, Plan épargne logement, Assurance santé, Banque en ligne;Non;16520
C2257;48;Artisan;5397;Compte pro, Carte bancaire, Compte sur livret, Carte pro;Non;23140
C2258;23;Étudiant;832;Compte, Carte de retrait, Compte sur livret, Banque en ligne;Non;1140
C2259;58;Entrepreneur local;5453;Compte, Carte pro, Compte à terme;Non;12530
C2260;20;Étudiant;570;Compte courant, Carte de retrait, Livret A, Alerte SMS;Non;520
C2261;73;Retraité;2919;Compte senior, Carte bancaire, Compte sur livret;Non;11720
C2262;27;Employé;3128;Compte courant, Carte premium, Livret A, Assurance habitation;Oui (Crédit conso);7350
C2263;23;Étudiant;779;Compte, Carte bancaire, Livret A;Non;610
C2264;45;Employé;3496;Compte courant, Carte bancaire, Plan épargne logement;Non;16820
C2265;78;Retraité;1939;Compte senior, Carte senior, Assurance vie, Assurance santé;Non;20880
C2266;73;Retraité;1950;Compte joint, Carte senior, Compte sur livret;Non;9910
C2267;39;Employé;2706;Compte joint, Carte premium, Assurance vie, Assurance habitation;Non;17700
C2268;33;Sans emploi;1216;Compte, Carte bancaire, Compte sur livret;Oui (Crédit conso);570
C2269;41;Sans emploi;763;Compte, Carte bancaire, Compte sur livret, Banque en ligne;Non;300
C2270;36;Entrepreneur local;7065;Compte professionnel, Visa Business, Compte sur livret;Oui (Crédit de trésorerie + Crédit professionnel);56580
C2271;52;Entrepreneur local;2562;Compte pro, Mastercard Business, PEA, Virement instantané;Non;13140
C2272;30;Employé;2399;Compte courant, Carte bancaire, Livret A, Assurance santé, Alerte SMS;Oui (Crédit conso);10050
C2273;25;Employé;3308;Compte, Carte premium, Plan épargne logement, Assurance santé;Non;13110
C2274;75;Retraité;2345;Compte joint, Carte bancaire, Assurance vie;Non;23350
C2275;19;Étudiant;460;Compte courant, Carte bancaire, Compte sur livret;Oui (Crédit conso);810
C2276;21;Étudiant;784;Compte courant, Carte de retrait, Paiement sans contact;Oui (Crédit conso);0
C2277;27;Employé;3048;Compte courant, Carte premium, Assurance vie;Oui (Crédit auto);12730
C2278;72;Retraité;2509;Compte senior, Carte bancaire, Compte sur livret;Non;38020
C2279;36;Employé;1589;Compte courant, Mastercard, Plan épargne logement, Assurance habitation;Oui (Crédit conso);5840
C2280;41;Entrepreneur local;2634;Compte, Mastercard Business, Assurance vie, Banque en ligne;Non;18680
C2281;51;Cadre;5890;Compte joint, Carte premium, PEA;Oui (Crédit conso);70710
C2282;83;Retraité;1501;Compte courant, Carte de retrait, LDDS;Oui (Crédit santé);8240
C2283;40;Employé;3076;Compte courant, Mastercard, Livret A, Assurance habitation;Non;9150
C2284;19;Étudiant;1051;Compte courant, Carte bancaire, Compte sur livret;Non;750
C2285;50;Employé;3264;Compte premium, Carte bancaire, Assurance vie;Oui (Crédit conso + Crédit immo);17890
C2286;41;Entrepreneur local;6851;Compte, Visa Business, Compte à terme;Oui (Micro-crédit + Crédit professionnel);24230
C2287;46;Employé;2906;Compte premium, Mastercard, Plan épargne logement, Banque en ligne;Non;17740
C2288;40;Cadre;5928;Compte joint, Carte premium, LDDS, Assurance habitation;Non;54380
C2289;47;Commerçant;2872;Compte courant, Visa Business, PEA, Virement instantané;Non;24780
C2290;53;Employé;3330;Compte joint, Carte premium, Plan épargne logement, Protection des moyens de paiement;Non;6940
C2291;47;Indépendant;4999;Compte pro, Carte bancaire, Compte à terme, Terminal de paiement;Oui (Micro-crédit);43760
C2292;42;Employé;3747;Compte joint, Mastercard, Plan épargne logement, Protection des moyens de paiement;Oui (Crédit immo);18540
C2293;19;Étudiant;993;Compte courant, Carte Jeune, Livret A;Non;1870
C2294;50;Fonctionnaire;4449;Compte, Carte bancaire, Livret A, Protection des moyens de paiement;Non;34500
C2295;18;Étudiant;809;Compte, Carte bancaire, Compte sur livret, Paiement sans contact;Oui (Crédit étudiant);540
C2296;41;Sans emploi;991;Compte de base, Carte bancaire, Livret A;Non;830
C2297;47;Fonctionnaire;3224;Compte, Mastercard, LDDS, Assurance santé;Non;18720
C2298;31;Employé;3405;Compte premium, Visa Classic, Plan épargne logement, Protection des moyens de paiement;Non;18910
C2299;31;Sans emploi;905;Compte, Carte de retrait, Compte sur livret;Non;620
C2300;33;Fonctionnaire;3443;Compte joint, Carte bancaire, Livret A;Non;22140
C2301;31;Employé;3460;Compte premium, Carte premium, Plan épargne logement, Assurance santé;Non;7850
C2302;54;Artisan;4022;Compte pro, Carte bancaire, Assurance vie;Oui (Crédit véhicule);14250
C2303;34;Employé;3130;Compte premium, Carte bancaire, Assurance vie;Non;11530
C2304;55;Entrepreneur local;4172;Compte professionnel, Mastercard Business, Compte sur livret;Non;19510
C2305;57;Fonctionnaire;3228;Compte, Mastercard, LDDS, Assurance habitation, Paiement sans contact;Oui (Crédit conso);11190
C2306;52;Commerçant;4949;Compte, Visa Business, PEA, Banque en ligne, Terminal de paiement;Non;41800
C2307;50;Commerçant;4828;Compte, Carte pro, Assurance vie, Terminal de paiement;Oui (Crédit professionnel);31090
C2308;42;Employé;1837;Compte premium, Carte premium, LDDS, Assurance santé;Non;8350
C2309;57;Entrepreneur local;8271;Compte pro, Mastercard Business, Compte à terme;Non;16250
C2310;57;Employé;3475;Compte courant, Visa Classic, LDDS;Non;25590
C2311;32;Fonctionnaire;3271;Compte courant, Carte bancaire, Plan épargne logement, Assurance habitation;Non;25700
C2312;40;Employé;2636;Compte, Carte premium, Plan épargne logement, Assurance habitation, Paiement sans contact;Non;13430
C2313;47;Sans emploi;988;Compte, Carte de retrait;Non;800
C2314;42;Employé;2911;Compte courant, Visa Classic, Plan épargne logement;Oui (Crédit immo);12880
C2315;54;Employé;3543;Compte premium, Carte premium, Livret A, Assurance habitation;Non;14640
C2316;24;Étudiant;439;Compte d'épargne, Carte Jeune, Compte sur livret;Non;580
C2317;53;Fonctionnaire;3822;Compte joint, Carte bancaire, Assurance vie;Oui (Crédit auto);8010
C2318;56;Fonctionnaire;4538;Compte, Carte premium, Plan épargne logement, Assurance habitation, Banque en ligne;Non;31360
C2319;41;Employé;1494;Compte joint, Carte premium, LDDS;Non;8560
C2320;48;Employé;4173;Compte joint, Mastercard, LDDS, Assurance santé;Non;8870
C2321;23;Étudiant;1130;Compte d'épargne, Carte Jeune, Compte sur livret, Alerte SMS;Non;1480
C2322;20;Étudiant;1056;Compte jeune, Carte Jeune, Livret A;Non;0
C2323;49;Cadre;5821;Compte premium, Carte bancaire, LDDS, Alerte SMS;Oui (Crédit auto);58720
C2324;66;Retraité;1392;Compte courant, Carte de retrait, Compte sur livret;Non;12980
C2325;40;Employé;1493;Compte, Mastercard, Plan épargne logement, Protection des moyens de paiement, Paiement sans contact;Non;7940
C2326;50;Entrepreneur local;6546;Compte pro, Mastercard Business, Compte à terme, Carte pro;Oui (Crédit professionnel);5760
C2327;55;Commerçant;2407;Compte professionnel, Mastercard Business, PEA, Virement instantané;Oui (Micro-crédit);3170
C2328;65;Entrepreneur local;3541;Compte pro, Carte pro, Assurance vie;Oui (Micro-crédit);23020
C2329;32;Sans emploi;881;Compte de base, Carte de retrait, Paiement sans contact;Non;180
C2330;50;Artisan;3244;Compte courant, Visa Business, Compte sur livret, Carte pro;Oui (Crédit professionnel);11780
C2331;53;Employé;2781;Compte joint, Carte premium, Assurance vie, Protection des moyens de paiement;Non;3950
C2332;43;Employé;2961;Compte courant, Carte bancaire, Assurance vie, Assurance santé, Banque en ligne;Oui (Crédit immo);12780
C2333;42;Commerçant;4677;Compte, Mastercard Business, Assurance vie, Virement instantané;Non;26680
C2334;46;Sans emploi;683;Compte de base, Carte de retrait, Livret A;Non;700
C2335;50;Cadre;7286;Compte courant, Carte bancaire, LDDS;Non;85270
C2336;61;Retraité;2463;Compte courant, Carte senior, LDDS;Oui (Crédit auto);27490
C2337;65;Retraité;1981;Compte joint, Carte senior, Livret A, Alerte SMS;Non;28400
C2338;85;Retraité;2115;Compte joint, Carte bancaire, LDDS, Assurance vie;Non;12910
C2339;67;Retraité;1935;Compte senior, Carte de retrait, Assurance vie, Protection des moyens de paiement;Non;22410
C2340;44;Entrepreneur local;5816;Compte, Carte pro, PEA;Non;20390
C2341;48;Sans emploi;886;Compte courant, Carte bancaire, Livret A, Alerte SMS, Paiement sans contact;Non;1560
C2342;46;Commerçant;5943;Compte pro, Carte pro, Assurance vie, Banque en ligne;Oui (Crédit professionnel);21890
C2343;50;Entrepreneur local;2975;Compte pro, Carte pro, PEA;Non;19730
C2344;43;Fonctionnaire;3938;Compte courant, Carte premium, Assurance vie;Non;48120
C2345;37;Artisan;4176;Compte professionnel, Carte pro, PEA;Non;28910
C2346;57;Fonctionnaire;3422;Compte, Carte bancaire, Plan épargne logement, Protection des moyens de paiement;Non;30560
C2347;85;Retraité;2830;Compte senior, Carte senior, Compte sur livret;Non;16080
C2348;43;Commerçant;4700;Compte courant, Carte pro, Compte à terme, Virement instantané;Non;29300
C2349;41;Employé;3304;Compte joint, Visa Classic, Assurance vie;Oui (Crédit immo);17280
C2350;41;Fonctionnaire;3653;Compte joint, Mastercard, Assurance vie;Non;45210
C2351;44;Entrepreneur local;8409;Compte courant, Visa Business, Assurance vie;Non;43600
C2352;37;Commerçant;6777;Compte, Mastercard Business, PEA, Banque en ligne;Non;49820
C2353;44;Employé;3215;Compte premium, Visa Classic, LDDS;Oui (Crédit immo);9590
C2354;33;Employé;3112;Compte courant, Mastercard, Livret A;Non;17310
C2355;57;Commerçant;4999;Compte pro, Visa Business, Compte à terme;Oui (Crédit professionnel);26640
C2356;44;Employé;2330;Compte courant, Mastercard, Livret A, Protection des moyens de paiement;Non;3530
C2357;37;Employé;2740;Compte, Visa Classic, Plan épargne logement, Assurance santé, Alerte SMS;Non;19710
C2358;53;Employé;2725;Compte, Visa Classic, LDDS;Oui (Crédit conso);16130
C2359;44;Employé;3439;Compte premium, Carte premium, LDDS, Assurance habitation;Oui (Crédit conso);13540
C2360;45;Employé;1686;Compte joint, Visa Classic, Assurance vie, Assurance santé;Oui (Crédit conso);5440
C2361;31;Employé;2816;Compte premium, Carte bancaire, Plan épargne logement;Non;14420
C2362;39;Cadre;6005;Compte premium, Carte premium, PEA, Protection des moyens de paiement, Virement instantané;Non;80270
C2363;38;Employé;3250;Compte courant, Carte premium, Livret A, Protection des moyens de paiement, Banque en ligne;Non;15210
C2364;37;Employé;1663;Compte, Carte bancaire, Banque en ligne;Oui (Crédit immo + Crédit conso);4370
C2365;38;Artisan;4410;Compte courant, Carte pro, PEA;Non;15880
C2366;44;Employé;2441;Compte, Visa Classic, Plan épargne logement;Non;5770
C2367;37;Artisan;4070;Compte pro, Carte pro, PEA, Terminal de paiement, Virement instantané;Oui (Crédit professionnel + Micro-crédit);15600
C2368;70;Retraité;2095;Compte joint, Carte bancaire, Assurance vie, Assurance santé, Protection des moyens de paiement;Non;26340
C2369;47;Fonctionnaire;2181;Compte joint, Carte bancaire, Assurance vie, Assurance santé;Oui (Crédit immo);16660
C2370;50;Employé;2963;Compte, Carte premium, Assurance vie, Protection des moyens de paiement;Oui (Crédit immo);16540
C2371;36;Indépendant;4518;Compte courant, Visa Business, PEA, Terminal de paiement, Virement instantané;Non;39040
C2372;35;Sans emploi;809;Compte, Carte bancaire, Compte sur livret, Alerte SMS;Non;380
C2373;33;Fonctionnaire;4032;Compte, Carte premium, Plan épargne logement, Assurance santé, Alerte SMS;Oui (Crédit auto);13620
C2374;73;Retraité;1211;Compte joint, Carte de retrait, Assurance vie, Protection des moyens de paiement;Non;10640
C2375;56;Entrepreneur local;6976;Compte pro, Visa Business, Assurance vie;Non;46880
C2376;35;Indépendant;5117;Compte professionnel, Carte pro, Compte sur livret;Oui (Crédit professionnel);30020
C2377;26;Employé;2874;Compte, Carte premium, Plan épargne logement;Non;11120
C2378;22;Étudiant;533;Compte d'épargne, Carte bancaire, Livret A, Paiement sans contact;Non;780
C2379;36;Entrepreneur local;7508;Compte, Carte pro, Compte sur livret, Banque en ligne, Virement instantané;Oui (Crédit de trésorerie + Micro-crédit);33340
C2380;27;Fonctionnaire;2797;Compte courant, Mastercard, Plan épargne logement, Protection des moyens de paiement;Non;27160
C2381;29;Employé;4283;Compte premium, Mastercard, Assurance vie;Oui (Crédit conso);15140
C2382;83;Retraité;3029;Compte senior, Carte bancaire, LDDS;Non;41810
C2383;43;Employé;1862;Compte premium, Mastercard, Assurance vie, Assurance habitation;Oui (Crédit conso + Crédit auto);10690
C2384;52;Indépendant;5783;Compte courant, Visa Business, PEA, Carte pro;Non;55320
C2385;25;Fonctionnaire;3528;Compte joint, Mastercard, Livret A;Oui (Crédit immo);27740
C2386;40;Employé;2545;Compte, Carte bancaire, Assurance vie, Paiement sans contact;Non;4280
C2387;35;Employé;2665;Compte premium, Visa Classic, Assurance vie;Non;19160
C2388;32;Fonctionnaire;4326;Compte premium, Carte bancaire, Assurance vie, Assurance santé;Oui (Crédit immo);33850
C2389;47;Sans emploi;952;Compte, Carte de retrait, Compte sur livret, Paiement sans contact;Non;770
C2390;46;Sans emploi;1128;Compte, Carte de retrait, Compte sur livret;Oui (Crédit conso);1640
C2391;30;Cadre;6708;Compte joint, Carte premium, LDDS;Oui (Crédit immo);75170
C2392;50;Entrepreneur local;5853;Compte courant, Visa Business, Compte à terme, Virement instantané;Non;50520
C2393;47;Entrepreneur local;4293;Compte, Visa Business, Compte à terme, Terminal de paiement;Oui (Micro-crédit + Crédit de trésorerie);10270
C2394;34;Fonctionnaire;3385;Compte joint, Carte premium, Plan épargne logement;Non;21940
C2395;74;Retraité;2442;Compte courant, Carte senior, Assurance vie;Non;31560
C2396;58;Employé;3881;Compte premium, Visa Classic, Assurance vie, Paiement sans contact;Non;18420
C2397;51;Employé;3005;Compte joint, Mastercard, LDDS, Protection des moyens de paiement;Oui (Crédit auto);6340
C2398;63;Artisan;3873;Compte pro, Visa Business, Assurance vie, Terminal de paiement;Non;6520
C2399;48;Entrepreneur local;5505;Compte pro, Carte pro, Assurance vie;Non;44860
C2400;28;Employé;3633;Compte courant, Carte premium, Plan épargne logement, Alerte SMS;Non;15470
C2401;43;Artisan;5252;Compte, Carte pro, Assurance vie;Non;39450
C2402;75;Retraité;2153;Compte joint, Carte senior, Compte sur livret, Protection des moyens de paiement;Non;21370
C2403;39;Employé;3341;Compte courant, Visa Classic, Livret A;Oui (Crédit immo);12960
C2404;73;Retraité;2205;Compte senior, Carte de retrait, Compte sur livret, Protection des moyens de paiement;Non;41840
C2405;59;Fonctionnaire;3390;Compte, Visa Classic, LDDS, Paiement sans contact;Oui (Crédit immo);25110
C2406;44;Artisan;4973;Compte pro, Carte pro, Compte sur livret, Banque en ligne;Non;27820
C2407;34;Commerçant;4315;Compte courant, Mastercard Business, PEA;Non;36090
C2408;32;Employé;2914;Compte courant, Carte bancaire, Plan épargne logement, Assurance habitation;Oui (Crédit auto);10460
C2409;24;Étudiant;714;Compte jeune, Carte Jeune, Compte sur livret;Non;1580
C2410;35;Employé;3790;Compte premium, Carte premium, Livret A, Assurance santé, Paiement sans contact;Oui (Crédit immo);12470
C2411;66;Retraité;1321;Compte courant, Carte de retrait, Assurance vie;Oui (Crédit auto);16280
C2412;32;Cadre;6191;Compte, Visa Gold, Assurance vie, Assurance santé;Non;75600
C2413;33;Sans emploi;943;Compte courant, Carte de retrait, Livret A;Non;850
C2414;42;Employé;3208;Compte premium, Carte premium, Plan épargne logement;Non;12060
C2415;69;Retraité;2907;Compte senior, Carte de retrait, LDDS, Protection des moyens de paiement;Non;20200
C2416;61;Artisan;2997;Compte professionnel, Carte bancaire, PEA, Banque en ligne;Non;11820
C2417;70;Retraité;2203;Compte senior, Carte bancaire, Livret A, Protection des moyens de paiement;Non;26180
C2418;29;Employé;3992;Compte, Carte bancaire, Plan épargne logement, Assurance santé, Banque en ligne;Oui (Crédit auto);11280
C2419;48;Entrepreneur local;4649;Compte, Carte pro, Compte sur livret;Non;16120
C2420;55;Entrepreneur local;3973;Compte courant, Visa Business, PEA, Terminal de paiement;Oui (Micro-crédit);15150
C2421;48;Entrepreneur local;5283;Compte professionnel, Visa Business, Compte à terme, Terminal de paiement;Non;6250
C2422;51;Employé;2463;Compte courant, Carte bancaire, Assurance vie;Non;17140
C2423;29;Employé;2424;Compte courant, Mastercard, Livret A;Oui (Crédit auto);11610
C2424;41;Sans emploi;1066;Compte courant, Carte de retrait;Oui (Découvert autorisé);330
C2425;36;Employé;2591;Compte premium, Carte premium, Assurance vie, Paiement sans contact;Oui (Crédit auto + Crédit conso);12420
C2426;54;Employé;2330;Compte courant, Visa Classic, Livret A;Non;8080
C2427;27;Indépendant;5170;Compte courant, Carte pro, Compte sur livret, Banque en ligne;Non;15710
C2428;61;Retraité;1926;Compte courant, Carte senior, Compte sur livret, Banque en ligne;Non;16350
C2429;44;Fonctionnaire;2993;Compte courant, Visa Classic, Plan épargne logement, Protection des moyens de paiement;Oui (Crédit conso);10680
C2430;33;Commerçant;5410;Compte pro, Visa Business, Compte à terme, Virement instantané, Banque en ligne;Non;39310
C2431;53;Sans emploi;867;Compte, Carte bancaire, Livret A, Banque en ligne;Non;870
C2432;41;Sans emploi;1345;Compte de base, Carte bancaire, Livret A;Oui (Micro-crédit);300
C2433;62;Retraité;2198;Compte senior, Carte senior, Livret A, Protection des moyens de paiement;Non;33820
C2434;20;Étudiant;838;Compte jeune, Carte Jeune, Livret A, Alerte SMS;Oui (Crédit conso);900
C2435;61;Indépendant;5199;Compte, Carte bancaire, Assurance vie;Non;16070
C2436;40;Employé;3454;Compte, Carte bancaire, LDDS, Banque en ligne;Oui (Crédit conso);10150
C2437;44;Fonctionnaire;3356;Compte, Mastercard, Plan épargne logement;Non;37210
C2438;42;Entrepreneur local;6260;Compte pro, Carte pro, Assurance vie;Oui (Crédit de trésorerie);32460
C2439;44;Commerçant;2789;Compte, Visa Business, PEA;Non;28860
C2440;43;Fonctionnaire;3261;Compte, Carte premium, Plan épargne logement, Assurance santé;Non;21210
C2441;53;Cadre;7399;Compte premium, Visa Gold, LDDS, Assurance santé, Alerte SMS;Non;40870
C2442;42;Sans emploi;510;Compte, Carte bancaire, Compte sur livret, Alerte SMS;Oui (Micro-crédit);0
C2443;38;Fonctionnaire;3535;Compte premium, Visa Classic, LDDS, Assurance santé;Non;6180
C2444;65;Retraité;1543;Compte senior, Carte de retrait, Assurance vie;Non;14180
C2445;36;Employé;3727;Compte premium, Carte bancaire, Assurance vie, Banque en ligne;Oui (Crédit auto);13260
C2446;66;Retraité;2162;Compte joint, Carte de retrait, Assurance vie, Assurance santé;Non;7660
C2447;39;Sans emploi;872;Compte courant, Carte bancaire;Non;730
C2448;20;Étudiant;896;Compte jeune, Carte Jeune, Compte sur livret;Oui (Crédit conso);0
C2449;40;Employé;1466;Compte joint, Carte bancaire, LDDS;Oui (Crédit immo);6640
C2450;53;Sans emploi;622;Compte, Carte de retrait, Livret A;Non;200
C2451;46;Employé;1653;Compte joint, Carte premium, Alerte SMS;Oui (Crédit conso);6290
C2452;40;Employé;2500;Compte courant, Carte premium, Assurance vie, Paiement sans contact;Non;8510
C2453;35;Sans emploi;820;Compte de base, Carte bancaire, Livret A, Banque en ligne;Non;300
C2454;30;Sans emploi;900;Compte, Carte bancaire, Compte sur livret;Non;990
C2455;48;Sans emploi;1043;Compte courant, Carte de retrait, Livret A;Non;1130
C2456;46;Commerçant;3699;Compte, Visa Business, Compte à terme, Carte pro, Terminal de paiement;Non;31740
C2457;51;Fonctionnaire;3934;Compte courant, Mastercard, Assurance vie, Paiement sans contact;Non;51730
C2458;28;Fonctionnaire;3807;Compte premium, Mastercard, Livret A, Assurance habitation;Oui (Crédit auto);23580
C2459;46;Employé;2852;Compte premium, Mastercard, LDDS, Banque en ligne;Oui (Crédit auto);17210
C2460;55;Employé;3411;Compte, Carte premium, Assurance vie;Non;11830
C2461;43;Fonctionnaire;2949;Compte joint, Visa Classic, LDDS, Protection des moyens de paiement;Non;24300
C2462;26;Étudiant;958;Compte courant, Carte bancaire, Livret A, Paiement sans contact;Oui (Crédit conso);1050
C2463;29;Employé;3402;Compte joint, Mastercard, Assurance vie, Protection des moyens de paiement;Oui (Crédit conso);17520
C2464;38;Fonctionnaire;3205;Compte courant, Visa Classic, Plan épargne logement;Oui (Crédit conso);26100
C2465;77;Retraité;1502;Compte courant, Carte senior, Protection des moyens de paiement;Non;19750
C2466;19;Étudiant;762;Compte courant, Carte de retrait;Oui (Découvert autorisé);880
C2467;62;Retraité;2799;Compte joint, Carte de retrait, Livret A, Alerte SMS;Non;46750
C2468;38;Employé;3229;Compte courant, Carte bancaire, Plan épargne logement, Assurance santé, Alerte SMS;Non;20050
C2469;61;Entrepreneur local;6826;Compte professionnel, Mastercard Business, PEA;Non;60390
C2470;83;Retraité;2101;Compte, Carte de retrait, Assurance vie, Assurance santé, Protection des moyens de paiement;Oui (Crédit auto);23940
C2471;60;Retraité;2166;Compte joint, Carte senior, Livret A;Oui (Crédit conso);18660
C2472;22;Étudiant;692;Compte jeune, Carte de retrait;Non;0
C2473;46;Employé;3264;Compte, Carte bancaire, Plan épargne logement, Protection des moyens de paiement;Oui (Crédit auto);20440
C2474;54;Entrepreneur local;5383;Compte courant, Mastercard Business, PEA;Non;18930
C2475;24;Étudiant;914;Compte jeune, Carte bancaire, Livret A;Non;970
C2476;43;Entrepreneur local;6172;Compte professionnel, Carte pro, Compte à terme;Non;26700
C2477;31;Employé;2929;Compte, Carte premium, Assurance vie;Oui (Crédit conso + Crédit auto);2270
C2478;33;Cadre;5056;Compte premium, Carte premium, LDDS, Assurance habitation, Banque en ligne;Non;68990
C2479;54;Employé;2500;Compte courant, Visa Classic, Livret A;Oui (Crédit conso);11990
C2480;46;Employé;3390;Compte joint, Visa Classic, Assurance vie;Oui (Crédit auto);11300
C2481;45;Employé;2362;Compte, Carte bancaire, Assurance vie;Non;9480
C2482;43;Cadre;7117;Compte premium, Mastercard Gold, Plan épargne logement;Oui (Crédit auto);39750
C2483;45;Cadre;5530;Compte premium, Carte bancaire, LDDS, Protection des moyens de paiement, Banque en ligne;Non;40960
C2484;40;Employé;3463;Compte, Carte bancaire, Assurance vie, Assurance habitation;Non;22090
C2485;39;Employé;2526;Compte courant, Mastercard, Livret A, Protection des moyens de paiement;Oui (Crédit auto);10000
C2486;40;Cadre;4736;Compte courant, Carte premium, PEA;Oui (Crédit conso);13340
C2487;47;Commerçant;3838;Compte professionnel, Visa Business, Assurance vie, Banque en ligne;Non;25960
C2488;43;Employé;2241;Compte courant, Carte premium, Plan épargne logement;Oui (Crédit conso);5850
C2489;30;Sans emploi;1337;Compte de base, Carte de retrait, Compte sur livret;Non;2040
C2490;66;Retraité;2324;Compte, Carte bancaire, Compte sur livret;Oui (Crédit auto);20210
C2491;37;Employé;1974;Compte, Visa Classic, Plan épargne logement, Protection des moyens de paiement;Non;7970
C2492;24;Sans emploi;981;Compte courant, Carte bancaire, Livret A;Non;930
C2493;41;Employé;2721;Compte, Visa Classic, LDDS, Assurance santé;Non;7280
C2494;41;Employé;2802;Compte premium, Mastercard, Plan épargne logement, Protection des moyens de paiement;Non;10450
C2495;60;Retraité;1665;Compte senior, Carte de retrait, Compte sur livret, Protection des moyens de paiement;Non;12120
C2496;46;Entrepreneur local;4092;Compte, Mastercard Business, PEA;Oui (Crédit de trésorerie);15820
C2497;59;Sans emploi;828;Compte courant, Carte de retrait, Livret A;Non;520
C2498;34;Employé;4194;Compte premium, Carte bancaire, Livret A, Assurance habitation;Non;18910
C2499;55;Employé;1659;Compte courant, Carte premium, Plan épargne logement;Non;7800
C2500;45;Sans emploi;909;Compte de base, Carte bancaire, Compte sur livret;Non;0
C2501;30;Employé;2829;Compte joint, Carte bancaire, Assurance vie;Non;15040
C2502;61;Entrepreneur local;6959;Compte pro, Mastercard Business, Compte sur livret;Oui (Crédit professionnel);49820
C2503;40;Employé;3097;Compte premium, Carte premium, Livret A;Non;17790
C2504;39;Employé;2014;Compte courant, Carte premium, Assurance vie, Protection des moyens de paiement;Non;8990
C2505;76;Retraité;1244;Compte, Carte bancaire, LDDS, Protection des moyens de paiement;Oui (Crédit auto);7250
C2506;41;Cadre;6814;Compte joint, Mastercard Gold, Livret A, Assurance habitation;Non;62220
C2507;42;Fonctionnaire;2398;Compte, Visa Classic, Assurance vie, Assurance santé;Non;3050
C2508;47;Employé;2393;Compte premium, Mastercard, Livret A;Non;9880
C2509;31;Employé;2680;Compte courant, Carte premium, Assurance vie;Non;11910
C2510;34;Cadre;5783;Compte, Mastercard Gold, Plan épargne logement, Alerte SMS;Non;34290
C2511;82;Retraité;2377;Compte, Carte bancaire, Compte sur livret;Non;7770
C2512;85;Retraité;2612;Compte, Carte bancaire, Livret A, Assurance vie;Non;39610
C2513;22;Étudiant;1012;Compte d'épargne, Carte de retrait;Non;1250
C2514;52;Employé;3186;Compte, Mastercard, Livret A;Non;15260
C2515;43;Fonctionnaire;3531;Compte joint, Carte bancaire, Livret A;Oui (Crédit auto);15350
C2516;50;Artisan;4827;Compte professionnel, Carte pro, Compte sur livret, Banque en ligne;Non;18360
C2517;30;Fonctionnaire;2847;Compte courant, Visa Classic, Assurance vie, Assurance habitation;Non;31580
C2518;50;Entrepreneur local;7724;Compte professionnel, Visa Business, PEA, Carte pro;Oui (Crédit professionnel);15870
C2519;54;Sans emploi;1305;Compte de base, Carte de retrait, Livret A;Non;1270
C2520;43;Cadre;5597;Compte, Carte premium, Livret A, Virement instantané;Oui (Crédit immo + Crédit conso);57750
C2521;52;Fonctionnaire;3667;Compte courant, Visa Classic, Assurance vie, Protection des moyens de paiement;Non;30460
C2522;30;Sans emploi;867;Compte, Carte bancaire, Compte sur livret;Non;950
C2523;53;Indépendant;5683;Compte courant, Visa Business, PEA, Terminal de paiement;Non;31900
C2524;30;Employé;2191;Compte, Carte bancaire, Assurance vie;Oui (Crédit auto);11830
C2525;36;Fonctionnaire;3921;Compte, Carte bancaire, Plan épargne logement;Non;42530
C2526;67;Retraité;1792;Compte senior, Carte senior, Compte sur livret, Assurance vie, Protection des moyens de paiement;Non;25920
C2527;50;Fonctionnaire;4362;Compte joint, Mastercard, Plan épargne logement;Oui (Crédit immo);34370
C2528;71;Retraité;2190;Compte courant, Carte de retrait, Livret A, Protection des moyens de paiement;Oui (Crédit auto);5480
C2529;74;Retraité;2792;Compte joint, Carte senior, Assurance vie;Non;23890
C2530;38;Employé;1994;Compte joint, Visa Classic, Plan épargne logement;Non;8800
C2531;80;Retraité;1980;Compte senior, Carte de retrait, Compte sur livret, Protection des moyens de paiement;Non;19350
C2532;74;Retraité;2881;Compte joint, Carte bancaire, LDDS, Assurance santé;Oui (Crédit auto);27580
C2533;53;Employé;3744;Compte premium, Carte premium, Livret A, Assurance santé, Alerte SMS;Non;20460
C2534;37;Fonctionnaire;2744;Compte joint, Visa Classic, LDDS, Assurance santé, Banque en ligne;Non;19360
C2535;46;Employé;3618;Compte joint, Carte premium, Plan épargne logement, Assurance santé;Oui (Crédit conso);5830
C2536;25;Fonctionnaire;3224;Compte courant, Mastercard, Livret A, Assurance habitation;Non;23630
C2537;37;Employé;4074;Compte joint, Visa Classic, LDDS;Non;3880
C2538;20;Étudiant;980;Compte jeune, Carte de retrait, Compte sur livret;Oui (Crédit conso);340
C2539;42;Fonctionnaire;4016;Compte premium, Visa Classic, Plan épargne logement;Non;41840
C2540;50;Employé;1804;Compte courant, Visa Classic, Plan épargne logement;Oui (Crédit auto);7960
C2541;30;Fonctionnaire;2584;Compte joint, Visa Classic, LDDS;Oui (Crédit immo);17910
C2542;48;Fonctionnaire;3366;Compte premium, Carte premium, Assurance vie;Oui (Crédit auto);33240
C2543;46;Employé;2601;Compte courant, Visa Classic, Plan épargne logement, Alerte SMS;Non;9160
C2544;43;Employé;2368;Compte courant, Carte bancaire, LDDS, Assurance santé;Oui (Crédit conso);10960
C2545;55;Employé;2246;Compte premium, Carte premium, Plan épargne logement;Non;10240
C2546;75;Retraité;1833;Compte joint, Carte bancaire, Assurance vie;Non;8780
C2547;35;Fonctionnaire;4361;Compte courant, Carte bancaire, LDDS, Assurance habitation;Non;12770
C2548;46;Fonctionnaire;4477;Compte courant, Carte bancaire, Livret A, Assurance santé, Alerte SMS;Oui (Crédit auto);27740
C2549;79;Retraité;1954;Compte joint, Carte senior, Assurance vie, Protection des moyens de paiement;Non;29440
C2550;19;Étudiant;957;Compte, Carte de retrait, Alerte SMS;Oui (Crédit étudiant);0
C2551;47;Fonctionnaire;4021;Compte premium, Carte premium, Assurance vie;Oui (Crédit auto);31910
C2552;42;Fonctionnaire;2521;Compte joint, Carte bancaire, LDDS, Protection des moyens de paiement;Non;21010
C2553;39;Employé;4179;Compte joint, Carte bancaire, LDDS, Assurance habitation, Banque en ligne;Oui (Crédit auto);22070
C2554;41;Employé;3930;Compte joint, Carte premium, Livret A;Non;24540
C2555;45;Artisan;4991;Compte professionnel, Carte bancaire, PEA, Banque en ligne, Terminal de paiement;Non;24310
C2556;63;Artisan;3704;Compte courant, Visa Business, Assurance vie, Virement instantané;Oui (Crédit véhicule);19640
C2557;42;Employé;3924;Compte premium, Visa Classic, Assurance vie, Alerte SMS;Non;20730
C2558;34;Employé;3670;Compte joint, Carte premium, Livret A;Non;25990
C2559;21;Étudiant;688;Compte jeune, Carte bancaire, Compte sur livret, Alerte SMS;Oui (Crédit étudiant);850
C2560;33;Indépendant;6387;Compte courant, Carte bancaire, Compte à terme, Carte pro;Non;51980
C2561;50;Entrepreneur local;5329;Compte professionnel, Mastercard Business, Assurance vie;Non;45270
C2562;23;Étudiant;870;Compte, Carte de retrait;Non;790
C2563;43;Employé;2977;Compte, Visa Classic, Plan épargne logement, Protection des moyens de paiement;Non;14070
C2564;38;Employé;2852;Compte premium, Mastercard, Assurance vie;Non;8670
C2565;31;Fonctionnaire;3003;Compte premium, Visa Classic, Livret A;Non;32420
C2566;47;Employé;3682;Compte premium, Carte premium, Livret A, Assurance habitation, Paiement sans contact;Oui (Crédit immo);7450
C2567;55;Employé;2617;Compte joint, Carte premium, Livret A, Protection des moyens de paiement;Oui (Crédit auto);4920
C2568;45;Artisan;3827;Compte courant, Carte bancaire, Compte sur livret, Carte pro;Non;30780
C2569;44;Employé;1688;Compte premium, Carte premium, Plan épargne logement;Non;8030
C2570;27;Employé;2310;Compte courant, Visa Classic, Plan épargne logement;Oui (Crédit auto);5450
C2571;37;Employé;4230;Compte premium, Visa Classic, Plan épargne logement, Paiement sans contact;Oui (Crédit immo);13560
C2572;28;Sans emploi;1268;Compte, Carte de retrait, Compte sur livret, Paiement sans contact;Non;880
C2573;52;Sans emploi;1006;Compte, Carte de retrait;Non;840
C2574;63;Entrepreneur local;5349;Compte professionnel, Carte pro, Assurance vie;Non;20670
C2575;36;Entrepreneur local;3992;Compte courant, Mastercard Business, Compte à terme, Terminal de paiement;Non;21310
C2576;38;Sans emploi;965;Compte de base, Carte bancaire;Non;1310
C2577;49;Employé;3846;Compte, Visa Classic, Assurance vie, Assurance santé, Paiement sans contact;Non;3520
C2578;46;Sans emploi;1046;Compte courant, Carte de retrait, Compte sur livret, Alerte SMS;Non;1350
C2579;61;Retraité;2465;Compte, Carte senior, Assurance vie, Protection des moyens de paiement;Non;24510
C2580;45;Employé;2125;Compte premium, Mastercard, Livret A;Non;12000
C2581;45;Entrepreneur local;2809;Compte professionnel, Carte pro, PEA, Terminal de paiement;Non;11680
C2582;24;Étudiant;564;Compte jeune, Carte de retrait, Compte sur livret, Alerte SMS;Non;580
C2583;56;Employé;3513;Compte premium, Carte bancaire, LDDS, Paiement sans contact;Non;17200
C2584;37;Employé;2209;Compte, Carte bancaire, Livret A, Assurance santé;Oui (Crédit immo);8280
C2585;81;Retraité;2652;Compte joint, Carte senior, Compte sur livret;Non;30770
C2586;46;Entrepreneur local;8676;Compte, Visa Business, Compte à terme, Terminal de paiement;Non;52590
C2587;53;Employé;3025;Compte courant, Carte premium, Plan épargne logement, Assurance santé;Oui (Crédit conso + Crédit immo);11210
C2588;45;Entrepreneur local;5357;Compte, Carte pro, Assurance vie;Non;12240
C2589;30;Employé;2328;Compte joint, Mastercard, Livret A;Non;15100
C2590;38;Employé;2979;Compte, Carte premium, Livret A;Oui (Crédit immo);15300
C2591;51;Employé;3586;Compte courant, Mastercard, Assurance vie, Banque en ligne;Oui (Crédit conso + Crédit immo);9790
C2592;84;Retraité;1911;Compte senior, Carte de retrait, Livret A;Non;23210
C2593;46;Entrepreneur local;5876;Compte pro, Mastercard Business, Compte à terme, Carte pro;Oui (Crédit professionnel);33000
C2594;43;Employé;3611;Compte joint, Carte bancaire, Assurance vie;Non;4910
C2595;61;Indépendant;2680;Compte professionnel, Carte bancaire, Compte à terme, Carte pro, Terminal de paiement;Non;10450
C2596;45;Fonctionnaire;4318;Compte joint, Carte premium, Livret A;Non;22540
C2597;49;Employé;2800;Compte, Carte premium, Livret A;Oui (Crédit auto);13680
C2598;20;Étudiant;738;Compte courant, Carte Jeune, Compte sur livret, Paiement sans contact;Non;0
C2599;29;Employé;4008;Compte premium, Visa Classic, Livret A, Assurance habitation;Oui (Crédit auto);5380
C2600;55;Employé;3854;Compte premium, Visa Classic, Assurance vie, Assurance santé;Oui (Crédit immo);20680
C2601;76;Retraité;2826;Compte senior, Carte de retrait, Assurance vie, Banque en ligne;Oui (Crédit santé);27370
C2602;56;Entrepreneur local;3910;Compte pro, Visa Business, Assurance vie, Carte pro;Non;12460
C2603;43;Employé;3296;Compte, Mastercard, Livret A, Protection des moyens de paiement, Alerte SMS;Non;17720
C2604;47;Artisan;5179;Compte, Visa Business, Compte sur livret;Oui (Crédit véhicule);24590
C2605;46;Employé;3771;Compte, Visa Classic, Assurance vie, Assurance santé, Alerte SMS;Non;5320
C2606;43;Cadre;7114;Compte courant, Visa Gold, Assurance vie, Banque en ligne;Non;72700
C2607;45;Sans emploi;876;Compte courant, Carte bancaire, Compte sur livret;Non;540
C2608;36;Employé;3340;Compte joint, Visa Classic, Plan épargne logement, Banque en ligne;Oui (Crédit immo);15120
C2609;57;Artisan;4378;Compte courant, Carte bancaire, Compte sur livret, Virement instantané, Banque en ligne;Oui (Crédit professionnel);17360
C2610;55;Entrepreneur local;3406;Compte, Carte pro, PEA;Oui (Crédit de trésorerie);7560
C2611;47;Employé;2228;Compte courant, Carte bancaire, Assurance vie;Oui (Crédit conso);5790
C2612;25;Étudiant;820;Compte, Carte bancaire, Livret A;Oui (Crédit conso);880
C2613;54;Fonctionnaire;4043;Compte joint, Visa Classic, Plan épargne logement;Non;31070
C2614;47;Entrepreneur local;6653;Compte, Carte pro, Compte sur livret;Oui (Micro-crédit);25530
C2615;40;Employé;2645;Compte premium, Visa Classic, Plan épargne logement;Oui (Crédit immo);11060
C2616;54;Commerçant;4952;Compte professionnel, Mastercard Business, Compte sur livret, Terminal de paiement;Non;33850
C2617;62;Retraité;1461;Compte courant, Carte bancaire, Compte sur livret, Protection des moyens de paiement;Non;18780
C2618;46;Fonctionnaire;4476;Compte joint, Carte bancaire, Livret A;Non;38730
C2619;76;Retraité;1602;Compte, Carte de retrait, Assurance vie;Non;27000
C2620;84;Retraité;2438;Compte joint, Carte senior, Compte sur livret;Non;32890
C2621;69;Retraité;2121;Compte courant, Carte de retrait, LDDS, Assurance vie, Alerte SMS;Oui (Crédit auto);16060
C2622;38;Artisan;4511;Compte courant, Visa Business, PEA, Terminal de paiement;Oui (Crédit véhicule);24720
C2623;74;Retraité;2554;Compte courant, Carte senior, LDDS;Non;43790
C2624;42;Employé;4218;Compte joint, Visa Classic, Assurance vie, Assurance santé;Non;21250
C2625;35;Employé;3981;Compte, Carte premium, Plan épargne logement, Protection des moyens de paiement;Non;17950
C2626;33;Commerçant;6585;Compte pro, Carte pro, Assurance vie, Banque en ligne, Virement instantané;Oui (Crédit professionnel);25840
C2627;40;Employé;3073;Compte, Visa Classic, Plan épargne logement;Oui (Crédit conso);19560
C2628;44;Commerçant;3644;Compte professionnel, Visa Business, Compte à terme;Non;21460
C2629;54;Fonctionnaire;4703;Compte joint, Carte premium, Livret A, Assurance santé;Non;53420
C2630;38;Employé;3424;Compte joint, Mastercard, Assurance vie, Assurance santé;Non;9460
C2631;22;Étudiant;638;Compte jeune, Carte bancaire, Livret A, Alerte SMS, Paiement sans contact;Non;700
C2632;34;Entrepreneur local;4877;Compte professionnel, Mastercard Business, Compte sur livret;Oui (Crédit professionnel + Micro-crédit);24480
C2633;36;Employé;3675;Compte courant, Visa Classic, Plan épargne logement;Oui (Crédit immo + Crédit conso);23900
C2634;40;Employé;3127;Compte joint, Visa Classic, Livret A, Assurance habitation;Non;17060
C2635;62;Entrepreneur local;6418;Compte, Visa Business, Compte sur livret, Terminal de paiement;Non;46880
C2636;54;Fonctionnaire;3609;Compte premium, Carte bancaire, LDDS;Non;25820
C2637;63;Retraité;2882;Compte courant, Carte senior, Assurance vie, Assurance santé;Non;30990
C2638;50;Artisan;2803;Compte pro, Carte pro, PEA, Virement instantané;Oui (Micro-crédit + Crédit professionnel);6920
C2639;39;Indépendant;5635;Compte courant, Carte bancaire, Compte sur livret, Banque en ligne;Oui (Micro-crédit + Crédit professionnel);28400
C2640;20;Étudiant;711;Compte, Carte bancaire, Compte sur livret;Non;600
C2641;60;Entrepreneur local;7364;Compte courant, Mastercard Business, Compte sur livret, Terminal de paiement, Virement instantané;Non;57200
C2642;46;Employé;3647;Compte premium, Carte premium, Livret A, Assurance habitation;Non;26080
C2643;22;Étudiant;955;Compte jeune, Carte Jeune, Banque en ligne;Non;680
C2644;43;Employé;2745;Compte joint, Carte bancaire, Plan épargne logement, Assurance habitation;Non;13030
C2645;49;Employé;3337;Compte premium, Mastercard, Assurance vie;Oui (Crédit auto);15490
C2646;64;Retraité;2385;Compte, Carte senior, Livret A, Protection des moyens de paiement;Non;18200
C2647;47;Employé;3371;Compte courant, Carte bancaire, Assurance vie, Paiement sans contact;Oui (Crédit conso);17800
C2648;25;Étudiant;1000;Compte jeune, Carte bancaire, Paiement sans contact, Alerte SMS;Oui (Crédit conso);130
C2649;28;Employé;3587;Compte courant, Visa Classic, Plan épargne logement, Protection des moyens de paiement;Oui (Crédit immo);14100
C2650;30;Employé;2760;Compte, Mastercard, Plan épargne logement;Non;14340
C2651;60;Retraité;2450;Compte senior, Carte de retrait, Livret A;Oui (Crédit conso);23980
C2652;43;Employé;2958;Compte premium, Carte bancaire, Assurance vie, Alerte SMS;Oui (Crédit conso);13320
C2653;37;Fonctionnaire;4817;Compte premium, Visa Classic, Assurance vie;Oui (Crédit immo);46830
C2654;55;Indépendant;2304;Compte courant, Visa Business, Compte à terme, Virement instantané;Oui (Micro-crédit);13800
C2655;40;Fonctionnaire;3949;Compte joint, Carte bancaire, Plan épargne logement;Non;40310
C2656;23;Étudiant;1045;Compte courant, Carte de retrait, Livret A, Alerte SMS;Oui (Crédit étudiant);290
C2657;45;Indépendant;4363;Compte courant, Carte bancaire, PEA, Banque en ligne;Oui (Micro-crédit);26300
C2658;38;Employé;2154;Compte, Mastercard, Plan épargne logement, Assurance habitation;Non;9110
C2659;79;Retraité;1926;Compte, Carte de retrait, Assurance vie, Assurance santé;Non;18400
C2660;52;Employé;3625;Compte premium, Mastercard, LDDS, Assurance habitation;Non;8370
C2661;40;Entrepreneur local;6810;Compte courant, Carte pro, Compte sur livret;Non;35590
C2662;69;Retraité;2105;Compte senior, Carte de retrait, Compte sur livret;Non;23840
C2663;42;Employé;3126;Compte courant, Mastercard, Livret A;Non;5880
C2664;35;Employé;3213;Compte, Carte bancaire, LDDS, Assurance habitation;Oui (Crédit conso);8530
C2665;24;Étudiant;745;Compte d'épargne, Carte de retrait, Compte sur livret, Banque en ligne;Oui (Crédit conso);540
C2666;31;Employé;3277;Compte premium, Mastercard, Livret A, Protection des moyens de paiement, Paiement sans contact;Non;19930
C2667;69;Retraité;2422;Compte courant, Carte bancaire, Assurance vie, Protection des moyens de paiement;Oui (Crédit conso);21300
C2668;25;Artisan;3333;Compte courant, Carte bancaire, Compte sur livret, Banque en ligne;Non;18190
C2669;55;Entrepreneur local;3062;Compte professionnel, Carte pro, Compte à terme, Virement instantané;Oui (Micro-crédit);16400
C2670;21;Étudiant;688;Compte jeune, Carte bancaire, Compte sur livret;Non;440
C2671;43;Artisan;3701;Compte pro, Visa Business, PEA;Oui (Crédit véhicule);28410
C2672;42;Fonctionnaire;3152;Compte premium, Visa Classic, Assurance vie, Assurance habitation, Paiement sans contact;Non;11650
C2673;49;Employé;3492;Compte joint, Visa Classic, LDDS, Assurance habitation, Paiement sans contact;Non;20070
C2674;56;Entrepreneur local;5878;Compte, Carte pro, Assurance vie, Terminal de paiement;Non;41000
C2675;31;Artisan;2607;Compte, Carte pro, Compte à terme;Non;19360
C2676;53;Employé;3299;Compte joint, Mastercard, LDDS, Assurance habitation;Oui (Crédit conso);16690
C2677;35;Employé;2781;Compte courant, Visa Classic, Assurance vie, Assurance habitation;Non;9060
C2678;35;Employé;2769;Compte joint, Carte premium, Livret A, Assurance habitation;Oui (Crédit immo);10760
C2679;31;Indépendant;4821;Compte, Carte bancaire, Assurance vie, Carte pro;Non;3290
C2680;36;Employé;2075;Compte, Mastercard, Livret A;Oui (Crédit auto);6660
C2681;34;Employé;2353;Compte courant, Mastercard, Livret A, Assurance santé;Oui (Crédit immo);12540
C2682;74;Retraité;2283;Compte joint, Carte de retrait, Livret A, Alerte SMS;Oui (Crédit auto);23170
C2683;48;Employé;3705;Compte, Mastercard, Assurance vie;Non;12840
C2684;35;Fonctionnaire;3500;Compte joint, Visa Classic, Assurance vie;Non;17750
C2685;54;Artisan;5080;Compte, Carte pro, Compte à terme;Oui (Crédit professionnel);39300
C2686;76;Retraité;1967;Compte senior, Carte de retrait, Assurance vie;Non;23480
C2687;38;Employé;3778;Compte premium, Mastercard, Livret A;Oui (Crédit immo);9610
C2688;31;Employé;3238;Compte, Visa Classic, Assurance vie, Alerte SMS;Non;13050
C2689;52;Artisan;5374;Compte, Visa Business, Compte à terme, Banque en ligne;Oui (Micro-crédit);11800
C2690;47;Employé;1538;Compte joint, Visa Classic, Plan épargne logement, Assurance habitation;Oui (Crédit auto);5720
C2691;24;Étudiant;811;Compte d'épargne, Carte de retrait, Compte sur livret;Non;660
C2692;53;Sans emploi;901;Compte, Carte de retrait, Compte sur livret;Non;0
C2693;46;Fonctionnaire;4264;Compte, Carte bancaire, Plan épargne logement, Alerte SMS;Non;46250
C2694;35;Employé;2860;Compte courant, Visa Classic, Plan épargne logement;Oui (Crédit auto);12930
C2695;41;Employé;3323;Compte courant, Carte premium, LDDS;Oui (Crédit immo + Crédit auto);14300
C2696;75;Retraité;2676;Compte, Carte senior, Assurance vie;Non;20800
C2697;79;Retraité;1934;Compte, Carte de retrait, Assurance vie;Non;17320
C2698;39;Employé;1867;Compte, Carte premium, Livret A;Oui (Crédit conso);8950
C2699;36;Employé;3105;Compte premium, Visa Classic, Plan épargne logement, Assurance santé;Non;12670
C2700;36;Fonctionnaire;4450;Compte premium, Carte bancaire, Assurance vie;Non;28810
C2701;51;Employé;3113;Compte courant, Carte bancaire, Livret A, Assurance habitation;Oui (Crédit auto);8190
C2702;29;Sans emploi;1046;Compte, Carte de retrait, Compte sur livret, Banque en ligne;Non;1840
C2703;43;Entrepreneur local;4816;Compte professionnel, Mastercard Business, Compte sur livret, Banque en ligne;Non;38230
C2704;35;Employé;2838;Compte premium, Carte bancaire, LDDS;Non;7980
C2705;77;Retraité;1471;Compte joint, Carte bancaire;Non;18390
C2706;67;Retraité;1914;Compte joint, Carte de retrait, Compte sur livret;Non;11260
C2707;43;Artisan;3588;Compte pro, Carte bancaire, Assurance vie, Terminal de paiement;Non;30970
C2708;57;Employé;3813;Compte premium, Visa Classic, Livret A;Non;14170
C2709;55;Commerçant;4968;Compte, Mastercard Business, Assurance vie;Oui (Crédit professionnel);43580
C2710;46;Sans emploi;1198;Compte de base, Carte de retrait, Compte sur livret, Banque en ligne;Non;520
C2711;44;Entrepreneur local;5626;Compte pro, Carte pro, Compte à terme, Banque en ligne;Non;41840
C2712;31;Employé;1641;Compte joint, Visa Classic, Assurance vie, Assurance habitation, Alerte SMS;Oui (Crédit conso);2800
C2713;18;Étudiant;951;Compte, Carte Jeune, Livret A, Alerte SMS;Oui (Crédit étudiant);820
C2714;22;Étudiant;1102;Compte jeune, Carte de retrait, Compte sur livret, Paiement sans contact;Oui (Découvert autorisé);1240
C2715;30;Fonctionnaire;3516;Compte joint, Carte premium, Plan épargne logement;Non;40600
C2716;40;Employé;3241;Compte, Visa Classic, LDDS, Protection des moyens de paiement;Oui (Crédit auto);4600
C2717;42;Employé;2641;Compte premium, Carte bancaire, Plan épargne logement;Non;6270
C2718;81;Retraité;1198;Compte joint, Carte senior, Livret A, Protection des moyens de paiement;Non;11150
C2719;41;Entrepreneur local;4702;Compte pro, Mastercard Business, Assurance vie, Terminal de paiement;Oui (Crédit de trésorerie + Crédit professionnel);23030
C2720;43;Fonctionnaire;3389;Compte premium, Mastercard, Plan épargne logement, Assurance santé;Non;40590
C2721;26;Étudiant;878;Compte courant, Carte bancaire, Compte sur livret, Paiement sans contact;Non;780
C2722;48;Sans emploi;998;Compte, Carte bancaire, Compte sur livret;Non;860
C2723;46;Commerçant;5752;Compte pro, Carte pro, Compte sur livret;Non;21220
C2724;55;Sans emploi;544;Compte courant, Carte bancaire, Livret A;Non;350
C2725;49;Entrepreneur local;5578;Compte professionnel, Mastercard Business, PEA, Banque en ligne;Oui (Crédit professionnel + Micro-crédit);18390
C2726;34;Commerçant;3825;Compte courant, Carte pro, PEA;Non;41690
C2727;45;Entrepreneur local;2153;Compte, Mastercard Business, Compte à terme, Carte pro;Oui (Crédit professionnel);4980
C2728;45;Fonctionnaire;3977;Compte joint, Mastercard, Livret A;Non;13840
C2729;35;Fonctionnaire;4717;Compte joint, Visa Classic, LDDS, Assurance habitation;Non;40280
C2730;26;Étudiant;600;Compte, Carte Jeune, Livret A;Oui (Crédit conso);700
C2731;24;Étudiant;582;Compte courant, Carte bancaire, Livret A, Alerte SMS;Non;840
C2732;53;Artisan;4039;Compte courant, Carte pro, Assurance vie;Oui (Crédit véhicule);14190
C2733;29;Sans emploi;1115;Compte de base, Carte de retrait, Livret A;Non;840
C2734;18;Étudiant;974;Compte, Carte bancaire, Compte sur livret;Oui (Découvert autorisé);1880
C2735;50;Fonctionnaire;3577;Compte premium, Carte premium, Plan épargne logement, Protection des moyens de paiement;Non;37350
C2736;79;Retraité;1851;Compte joint, Carte de retrait, Compte sur livret;Non;13790
C2737;60;Fonctionnaire;3136;Compte joint, Visa Classic, Assurance vie, Assurance habitation;Non;28700
C2738;45;Fonctionnaire;4613;Compte courant, Visa Classic, Assurance vie;Oui (Crédit immo);33350
C2739;57;Sans emploi;1039;Compte de base, Carte de retrait, Livret A;Non;0
C2740;49;Entrepreneur local;3150;Compte courant, Carte pro, Compte à terme;Non;12370
C2741;41;Sans emploi;893;Compte courant, Carte bancaire, Livret A, Alerte SMS;Non;240
C2742;41;Employé;2997;Compte courant, Carte premium, Assurance vie;Oui (Crédit conso);12310
C2743;50;Fonctionnaire;3580;Compte premium, Carte premium, Livret A, Assurance habitation;Non;22320
C2744;56;Entrepreneur local;4299;Compte pro, Mastercard Business, Compte sur livret, Banque en ligne;Non;31990
C2745;33;Fonctionnaire;3698;Compte joint, Visa Classic, LDDS, Assurance habitation;Oui (Crédit immo);21250
C2746;38;Employé;1865;Compte courant, Mastercard, Assurance vie;Oui (Crédit auto);6840
C2747;64;Retraité;2335;Compte, Carte senior, Compte sur livret;Non;21410
C2748;44;Fonctionnaire;3923;Compte premium, Carte premium, Livret A, Protection des moyens de paiement, Banque en ligne;Oui (Crédit conso);27930
C2749;49;Artisan;5259;Compte courant, Visa Business, Assurance vie, Virement instantané;Non;22230
C2750;20;Étudiant;1082;Compte jeune, Carte bancaire, Compte sur livret, Alerte SMS;Non;1650
C2751;24;Étudiant;706;Compte courant, Carte Jeune, Compte sur livret, Banque en ligne;Non;1500
C2752;49;Cadre;6518;Compte premium, Carte premium, Assurance vie;Non;57400
C2753;54;Fonctionnaire;4677;Compte joint, Carte premium, Assurance vie, Protection des moyens de paiement, Paiement sans contact;Non;29670
C2754;39;Cadre;5984;Compte premium, Visa Gold, Plan épargne logement;Non;75930
C2755;62;Retraité;2554;Compte, Carte bancaire, Livret A;Non;11920
C2756;43;Employé;2490;Compte premium, Carte premium, Assurance vie, Assurance santé, Alerte SMS;Non;10800
C2757;26;Employé;2311;Compte courant, Carte bancaire, LDDS, Protection des moyens de paiement;Non;4080
C2758;67;Retraité;2066;Compte courant, Carte bancaire, LDDS;Non;17340
C2759;21;Étudiant;682;Compte jeune, Carte de retrait, Compte sur livret;Non;950
C2760;45;Employé;1338;Compte premium, Carte bancaire, Paiement sans contact;Oui (Crédit auto);6870
C2761;40;Commerçant;3647;Compte professionnel, Mastercard Business, Compte sur livret, Virement instantané, Terminal de paiement;Non;31520
C2762;57;Artisan;4164;Compte professionnel, Carte pro, PEA, Virement instantané;Non;15090
C2763;43;Fonctionnaire;3541;Compte, Mastercard, Plan épargne logement, Assurance habitation;Non;35970
C2764;34;Employé;1668;Compte premium, Carte premium, Plan épargne logement, Protection des moyens de paiement;Non;11460
C2765;21;Étudiant;887;Compte courant, Carte bancaire, Compte sur livret, Banque en ligne;Non;1120
C2766;33;Employé;2855;Compte joint, Visa Classic, LDDS;Oui (Crédit immo);12400
C2767;48;Cadre;6129;Compte premium, Carte premium, PEA, Assurance habitation;Non;67670
C2768;42;Employé;2570;Compte premium, Carte premium, Livret A, Protection des moyens de paiement;Non;16020
C2769;46;Entrepreneur local;6950;Compte professionnel, Mastercard Business, Compte à terme, Carte pro, Banque en ligne;Non;49230
C2770;49;Entrepreneur local;8259;Compte pro, Mastercard Business, Compte à terme, Banque en ligne, Virement instantané;Oui (Micro-crédit);27490
C2771;49;Employé;2858;Compte courant, Mastercard, Plan épargne logement;Oui (Crédit immo);2130
C2772;23;Étudiant;606;Compte d'épargne, Carte bancaire, Livret A;Non;1130
C2773;26;Étudiant;903;Compte jeune, Carte bancaire;Non;460
C2774;64;Artisan;6148;Compte courant, Visa Business, Compte à terme, Virement instantané;Oui (Micro-crédit + Crédit véhicule);16810
C2775;37;Employé;2779;Compte, Mastercard, LDDS, Protection des moyens de paiement, Banque en ligne;Oui (Crédit immo);3670
C2776;38;Artisan;5082;Compte courant, Carte bancaire, Assurance vie, Terminal de paiement;Non;42640
C2777;51;Employé;3146;Compte premium, Carte bancaire, Livret A, Assurance habitation;Non;21250
C2778;21;Étudiant;629;Compte courant, Carte Jeune, Livret A;Non;1460
C2779;38;Employé;2870;Compte premium, Visa Classic, Plan épargne logement, Assurance habitation;Non;18220
C2780;49;Sans emploi;1112;Compte courant, Carte bancaire, Compte sur livret;Non;710
C2781;32;Entrepreneur local;3796;Compte pro, Mastercard Business, Compte sur livret;Non;19920
C2782;34;Employé;2506;Compte, Visa Classic, LDDS;Non;14420
C2783;53;Artisan;2980;Compte pro, Carte pro, Compte sur livret, Terminal de paiement;Oui (Micro-crédit + Crédit professionnel);10480
C2784;40;Fonctionnaire;4407;Compte premium, Mastercard, Plan épargne logement;Non;8250
C2785;41;Employé;3636;Compte, Carte premium, Assurance vie, Protection des moyens de paiement;Non;23930
C2786;55;Fonctionnaire;3931;Compte premium, Carte premium, Plan épargne logement, Assurance santé;Non;29550
C2787;64;Retraité;1057;Compte senior, Carte de retrait, LDDS, Assurance vie;Non;5020
C2788;36;Employé;3182;Compte courant, Carte premium, Plan épargne logement, Protection des moyens de paiement;Non;8820
C2789;50;Entrepreneur local;5640;Compte courant, Mastercard Business, PEA;Non;30340
C2790;37;Fonctionnaire;2390;Compte courant, Mastercard, Plan épargne logement, Assurance habitation;Non;25820
C2791;20;Étudiant;601;Compte jeune, Carte de retrait, Livret A, Banque en ligne;Non;290
C2792;38;Artisan;2043;Compte professionnel, Visa Business, Compte à terme, Terminal de paiement;Oui (Crédit véhicule);10170
C2793;19;Étudiant;600;Compte, Carte bancaire, Livret A, Alerte SMS;Non;1080
C2794;51;Entrepreneur local;3159;Compte courant, Mastercard Business, Assurance vie, Banque en ligne;Oui (Crédit professionnel);17190
C2795;82;Retraité;2677;Compte senior, Carte bancaire, Assurance vie, Protection des moyens de paiement;Non;10760
C2796;43;Employé;3114;Compte joint, Carte premium, Assurance vie;Oui (Crédit immo);18200
C2797;72;Retraité;2513;Compte senior, Carte bancaire, Compte sur livret;Non;29750
C2798;40;Employé;3378;Compte, Carte bancaire, Livret A, Assurance santé;Non;16370
C2799;24;Étudiant;811;Compte jeune, Carte Jeune, Compte sur livret, Banque en ligne, Alerte SMS;Non;1040
C2800;71;Retraité;2400;Compte senior, Carte de retrait, Assurance vie, Assurance santé;Non;24450
C2801;47;Employé;3145;Compte joint, Carte bancaire, Assurance vie, Assurance habitation;Non;11520
C2802;28;Sans emploi;785;Compte de base, Carte bancaire, Compte sur livret, Alerte SMS;Non;230
C2803;66;Retraité;2433;Compte joint, Carte senior, Assurance vie;Non;17140
C2804;23;Étudiant;1046;Compte d'épargne, Carte Jeune, Compte sur livret, Banque en ligne, Paiement sans contact;Non;170
C2805;32;Sans emploi;1000;Compte, Carte de retrait, Compte sur livret;Non;850
C2806;38;Employé;2870;Compte premium, Visa Classic, Assurance vie, Alerte SMS;Non;19350
C2807;38;Employé;2853;Compte courant, Visa Classic, LDDS, Banque en ligne;Oui (Crédit immo);17040
C2808;53;Employé;2044;Compte courant, Visa Classic, Plan épargne logement, Protection des moyens de paiement;Non;9370
C2809;70;Retraité;2111;Compte joint, Carte senior, Livret A;Non;25280
C2810;22;Étudiant;541;Compte jeune, Carte bancaire, Livret A;Non;450
C2811;21;Étudiant;592;Compte courant, Carte bancaire, Banque en ligne, Paiement sans contact;Non;550
C2812;43;Sans emploi;586;Compte courant, Carte de retrait, Livret A;Non;320
C2813;49;Fonctionnaire;3335;Compte courant, Carte bancaire, Plan épargne logement, Alerte SMS;Oui (Crédit immo);21670
C2814;41;Entrepreneur local;5280;Compte courant, Mastercard Business, PEA, Virement instantané, Terminal de paiement;Oui (Crédit de trésorerie);15540
C2815;23;Étudiant;1000;Compte jeune, Carte de retrait, Paiement sans contact;Non;1300
C2816;41;Entrepreneur local;5029;Compte, Visa Business, Compte à terme;Non;18320
C2817;39;Employé;2404;Compte joint, Carte premium, Assurance vie;Oui (Crédit conso);7700
C2818;47;Fonctionnaire;3169;Compte joint, Visa Classic, Livret A;Non;13990
C2819;59;Fonctionnaire;3293;Compte premium, Mastercard, Plan épargne logement, Assurance santé, Paiement sans contact;Non;40730
C2820;39;Cadre;4735;Compte premium, Visa Gold, PEA;Non;53670
C2821;23;Étudiant;595;Compte, Carte Jeune, Compte sur livret, Paiement sans contact;Non;1010
C2822;34;Sans emploi;851;Compte courant, Carte de retrait, Paiement sans contact;Oui (Crédit conso);0
C2823;24;Étudiant;575;Compte jeune, Carte Jeune, Livret A, Banque en ligne;Non;1270
C2824;42;Employé;2742;Compte joint, Carte premium, Assurance vie, Assurance santé;Oui (Crédit immo);11960
C2825;35;Fonctionnaire;2354;Compte courant, Mastercard, Plan épargne logement;Non;7840
C2826;44;Commerçant;3891;Compte professionnel, Mastercard Business, PEA;Oui (Micro-crédit);25370
C2827;69;Retraité;1682;Compte courant, Carte de retrait, Livret A;Non;11760
C2828;40;Fonctionnaire;3594;Compte joint, Carte premium, LDDS, Assurance habitation;Non;36520
C2829;35;Employé;3999;Compte premium, Visa Classic, Livret A;Non;11350
C2830;46;Fonctionnaire;2994;Compte joint, Carte premium, Assurance vie, Assurance santé;Oui (Crédit auto);26220
C2831;18;Étudiant;701;Compte jeune, Carte de retrait, Compte sur livret;Non;970
C2832;47;Cadre;4526;Compte courant, Carte premium, Plan épargne logement, Protection des moyens de paiement;Non;50650
C2833;47;Employé;2437;Compte courant, Visa Classic, LDDS, Paiement sans contact;Oui (Crédit auto);11330
C2834;39;Employé;1919;Compte premium, Visa Classic, Livret A, Protection des moyens de paiement;Oui (Crédit auto);4540
C2835;30;Fonctionnaire;2901;Compte premium, Visa Classic, LDDS, Assurance habitation;Non;16910
C2836;40;Cadre;6601;Compte premium, Carte premium, Livret A, Banque en ligne;Non;66160
C2837;31;Employé;3134;Compte courant, Carte bancaire, LDDS;Non;20030
C2838;35;Cadre;6403;Compte courant, Carte bancaire, Livret A, Assurance habitation;Non;73700
C2839;48;Sans emploi;629;Compte courant, Carte de retrait, Livret A;Non;560
C2840;50;Employé;3855;Compte joint, Carte bancaire, Plan épargne logement, Protection des moyens de paiement, Alerte SMS;Non;27860
C2841;24;Étudiant;778;Compte jeune, Carte de retrait;Oui (Crédit conso);230
C2842;47;Sans emploi;912;Compte de base, Carte de retrait, Livret A, Banque en ligne;Non;670
C2843;25;Étudiant;973;Compte courant, Carte de retrait, Compte sur livret, Alerte SMS;Oui (Crédit conso);740
C2844;20;Étudiant;618;Compte, Carte de retrait, Livret A, Alerte SMS;Oui (Crédit conso);130
C2845;22;Étudiant;540;Compte d'épargne, Carte de retrait, Livret A, Alerte SMS;Non;250
C2846;35;Employé;2276;Compte, Visa Classic, Assurance vie, Protection des moyens de paiement;Non;15470
C2847;49;Employé;2562;Compte joint, Visa Classic, Assurance vie, Alerte SMS;Non;3640
C2848;36;Employé;3024;Compte courant, Mastercard, Plan épargne logement, Assurance habitation;Non;13460
C2849;48;Entrepreneur local;2738;Compte, Mastercard Business, Compte à terme;Oui (Crédit de trésorerie);10060
C2850;70;Retraité;1876;Compte, Carte senior, LDDS, Protection des moyens de paiement;Non;19460
C2851;37;Cadre;4605;Compte premium, Visa Gold, Livret A, Assurance habitation, Banque en ligne;Oui (Crédit conso);30740
C2852;37;Entrepreneur local;4944;Compte professionnel, Carte pro, Compte sur livret, Terminal de paiement;Oui (Crédit de trésorerie);25060
C2853;51;Fonctionnaire;3435;Compte joint, Carte bancaire, Assurance vie;Oui (Crédit immo);33590
C2854;76;Retraité;2172;Compte, Carte bancaire, Compte sur livret;Non;27300
C2855;23;Étudiant;774;Compte courant, Carte de retrait, Livret A, Alerte SMS;Oui (Crédit étudiant);560
C2856;40;Fonctionnaire;3372;Compte premium, Visa Classic, Plan épargne logement, Banque en ligne;Non;29770
C2857;41;Fonctionnaire;3114;Compte joint, Carte bancaire, LDDS;Oui (Crédit auto);16720
C2858;60;Indépendant;4049;Compte pro, Carte bancaire, Assurance vie, Virement instantané;Non;10440
C2859;47;Cadre;6000;Compte joint, Visa Gold, Plan épargne logement;Oui (Crédit auto);80320
C2860;66;Retraité;1691;Compte joint, Carte de retrait, Assurance vie;Non;26810
C2861;78;Retraité;2110;Compte courant, Carte de retrait, Compte sur livret;Non;18010
C2862;39;Employé;3118;Compte joint, Visa Classic, Livret A;Oui (Crédit immo);13540
C2863;47;Employé;2236;Compte joint, Carte bancaire, LDDS, Assurance habitation;Oui (Crédit auto);5720
C2864;28;Employé;2514;Compte, Mastercard, LDDS, Protection des moyens de paiement;Non;7140
C2865;37;Artisan;3035;Compte courant, Carte pro, Assurance vie;Non;12550
C2866;45;Employé;3406;Compte joint, Visa Classic, Assurance vie, Banque en ligne;Non;14650
C2867;42;Employé;2585;Compte premium, Mastercard, Livret A;Non;9160
C2868;52;Artisan;3782;Compte professionnel, Carte pro, Compte sur livret, Banque en ligne;Non;20560
C2869;68;Retraité;2301;Compte joint, Carte bancaire, Assurance vie, Protection des moyens de paiement;Non;27900
C2870;41;Artisan;4502;Compte professionnel, Carte pro, Compte sur livret;Non;41120
C2871;49;Sans emploi;749;Compte de base, Carte de retrait, Alerte SMS;Non;980
C2872;46;Employé;4396;Compte premium, Mastercard, LDDS;Oui (Crédit immo + Crédit conso);19390
C2873;58;Commerçant;3883;Compte, Visa Business, Compte sur livret, Banque en ligne, Virement instantané;Non;22290
C2874;48;Artisan;3325;Compte professionnel, Visa Business, Assurance vie;Non;18540
C2875;61;Entrepreneur local;5935;Compte professionnel, Visa Business, Compte sur livret, Virement instantané;Oui (Micro-crédit);13940
C2876;32;Indépendant;2779;Compte, Carte pro, PEA, Banque en ligne;Non;29180
C2877;67;Retraité;2273;Compte, Carte de retrait, Livret A, Protection des moyens de paiement;Oui (Crédit conso);16930
C2878;49;Employé;3174;Compte premium, Mastercard, Livret A;Non;10900
C2879;35;Employé;1579;Compte premium, Visa Classic, Plan épargne logement, Assurance santé;Non;4410
C2880;51;Sans emploi;1041;Compte de base, Carte bancaire, Compte sur livret;Non;570
C2881;52;Entrepreneur local;5448;Compte, Visa Business, PEA, Virement instantané;Non;26630
C2882;51;Entrepreneur local;3256;Compte, Visa Business, Compte à terme;Oui (Micro-crédit);4840
C2883;55;Employé;2863;Compte premium, Carte premium, Livret A;Oui (Crédit auto);9430
C2884;54;Sans emploi;849;Compte courant, Carte de retrait, Livret A, Paiement sans contact;Non;630
C2885;49;Employé;2569;Compte courant, Mastercard, Assurance vie, Assurance santé;Oui (Crédit auto);10660
C2886;38;Employé;2464;Compte premium, Carte premium, Assurance vie, Assurance santé;Oui (Crédit conso);8670
C2887;38;Sans emploi;1065;Compte, Carte bancaire;Non;1360
C2888;37;Cadre;4023;Compte courant, Carte bancaire, Plan épargne logement, Virement instantané;Oui (Crédit auto);34910
C2889;33;Employé;2243;Compte courant, Mastercard, Plan épargne logement, Assurance habitation, Paiement sans contact;Non;8990
C2890;50;Employé;4021;Compte, Visa Classic, LDDS;Non;6370
C2891;23;Étudiant;891;Compte courant, Carte Jeune, Compte sur livret;Non;1630
C2892;37;Sans emploi;1019;Compte de base, Carte bancaire, Livret A;Non;780
C2893;48;Sans emploi;544;Compte, Carte de retrait, Livret A;Oui (Micro-crédit);150
C2894;45;Entrepreneur local;5226;Compte courant, Visa Business, Assurance vie;Non;7850
C2895;26;Étudiant;496;Compte courant, Carte Jeune, Livret A, Alerte SMS;Oui (Crédit conso);180
C2896;43;Employé;3711;Compte courant, Carte bancaire, Livret A;Oui (Crédit auto);6340
C2897;73;Retraité;2089;Compte joint, Carte senior, LDDS;Non;19300
C2898;42;Cadre;5216;Compte premium, Mastercard Gold, Plan épargne logement, Assurance santé;Oui (Crédit conso);53170
C2899;47;Employé;3368;Compte courant, Mastercard, LDDS;Oui (Crédit auto);15530
C2900;44;Employé;2331;Compte, Visa Classic, Livret A, Protection des moyens de paiement;Non;8680
C2901;41;Fonctionnaire;2698;Compte courant, Carte premium, Plan épargne logement, Assurance habitation;Oui (Crédit auto);33750
C2902;37;Fonctionnaire;4077;Compte courant, Carte bancaire, Plan épargne logement;Non;25020
C2903;49;Indépendant;4496;Compte courant, Carte pro, Compte à terme, Terminal de paiement;Non;44030
C2904;44;Employé;2242;Compte joint, Visa Classic, Livret A, Protection des moyens de paiement, Alerte SMS;Non;10210
C2905;44;Fonctionnaire;2490;Compte premium, Mastercard, Plan épargne logement;Non;22240
C2906;46;Fonctionnaire;3047;Compte joint, Mastercard, Plan épargne logement, Assurance santé, Paiement sans contact;Non;5480
C2907;55;Employé;2278;Compte premium, Carte premium, Assurance vie, Assurance habitation;Non;10120
C2908;45;Entrepreneur local;6187;Compte, Mastercard Business, PEA;Non;36150
C2909;40;Fonctionnaire;2698;Compte premium, Carte bancaire, Livret A, Protection des moyens de paiement;Non;10460
C2910;51;Entrepreneur local;6917;Compte professionnel, Mastercard Business, Compte sur livret, Virement instantané;Non;24150
C2911;46;Employé;3121;Compte premium, Mastercard, Assurance vie;Oui (Crédit immo);9390
C2912;40;Employé;3899;Compte courant, Carte premium, Assurance vie;Non;20100
C2913;57;Entrepreneur local;5515;Compte professionnel, Visa Business, Compte sur livret;Non;26380
C2914;49;Employé;2828;Compte joint, Carte bancaire, Plan épargne logement;Non;9290
C2915;37;Sans emploi;1159;Compte de base, Carte bancaire, Livret A;Non;890
C2916;51;Employé;3937;Compte joint, Carte premium, Livret A, Banque en ligne;Non;19630
C2917;47;Entrepreneur local;7023;Compte courant, Mastercard Business, Compte à terme, Banque en ligne;Non;15210
C2918;38;Entrepreneur local;4779;Compte, Visa Business, PEA, Virement instantané, Terminal de paiement;Non;33950
C2919;40;Fonctionnaire;2666;Compte courant, Carte premium, Livret A, Assurance santé, Banque en ligne;Oui (Crédit immo);23550
C2920;25;Étudiant;966;Compte courant, Carte de retrait, Compte sur livret, Alerte SMS, Banque en ligne;Oui (Découvert autorisé);0
C2921;38;Employé;2377;Compte premium, Carte premium, Assurance vie, Protection des moyens de paiement;Non;13670
C2922;21;Étudiant;402;Compte courant, Carte Jeune, Banque en ligne;Non;330
C2923;36;Sans emploi;1011;Compte de base, Carte bancaire, Livret A;Non;340
C2924;31;Sans emploi;1269;Compte de base, Carte de retrait, Compte sur livret;Non;1460
C2925;39;Sans emploi;687;Compte, Carte de retrait, Livret A, Banque en ligne;Oui (Micro-crédit);480
C2926;26;Étudiant;820;Compte d'épargne, Carte Jeune, Compte sur livret;Non;1070
C2927;41;Cadre;5662;Compte joint, Carte premium, Plan épargne logement, Assurance habitation;Oui (Crédit immo);49080
C2928;43;Employé;2356;Compte courant, Visa Classic, Assurance vie, Protection des moyens de paiement;Non;12230
C2929;48;Employé;3112;Compte joint, Carte premium, Livret A, Paiement sans contact;Oui (Crédit immo);16210
C2930;32;Employé;3666;Compte, Mastercard, LDDS;Non;23770
C2931;31;Artisan;2789;Compte courant, Carte bancaire, Compte sur livret, Carte pro;Non;13050
C2932;37;Employé;2992;Compte courant, Carte premium, Assurance vie;Non;13990
C2933;52;Fonctionnaire;4555;Compte premium, Mastercard, Assurance vie;Non;37330
C2934;40;Fonctionnaire;3292;Compte courant, Carte premium, Assurance vie, Protection des moyens de paiement;Non;40400
C2935;43;Sans emploi;642;Compte courant, Carte bancaire, Livret A, Banque en ligne;Non;670
C2936;56;Fonctionnaire;3941;Compte joint, Carte bancaire, Assurance vie, Protection des moyens de paiement;Non;30300
C2937;24;Étudiant;839;Compte d'épargne, Carte de retrait, Compte sur livret, Paiement sans contact, Banque en ligne;Non;1640
C2938;77;Retraité;1440;Compte joint, Carte senior, Assurance santé;Oui (Crédit conso);20830
C2939;39;Employé;2589;Compte premium, Mastercard, Livret A, Paiement sans contact;Oui (Crédit auto);11580
C2940;44;Employé;2655;Compte courant, Carte premium, Livret A, Assurance santé;Non;7950
C2941;38;Employé;3376;Compte joint, Carte premium, Plan épargne logement;Oui (Crédit immo);14650
C2942;42;Fonctionnaire;3482;Compte, Visa Classic, Livret A, Protection des moyens de paiement;Non;26980
C2943;33;Artisan;3434;Compte, Visa Business, Compte à terme, Terminal de paiement, Virement instantané;Non;24070
C2944;48;Employé;3157;Compte, Carte bancaire, Livret A;Non;13370
C2945;70;Retraité;1766;Compte courant, Carte de retrait, LDDS, Assurance vie;Non;13750
C2946;61;Retraité;2170;Compte courant, Carte bancaire, Compte sur livret;Non;10120
C2947;30;Employé;4066;Compte joint, Visa Classic, Livret A, Protection des moyens de paiement;Oui (Crédit auto);10450
C2948;36;Employé;3422;Compte courant, Mastercard, LDDS, Assurance santé;Non;18570
C2949;83;Retraité;2332;Compte courant, Carte bancaire, LDDS;Non;22830
C2950;65;Entrepreneur local;4961;Compte professionnel, Carte pro, Compte à terme, Virement instantané;Oui (Crédit de trésorerie);30100
C2951;38;Entrepreneur local;5277;Compte, Mastercard Business, Assurance vie, Virement instantané;Oui (Crédit de trésorerie);25090
C2952;43;Employé;3293;Compte, Visa Classic, Plan épargne logement, Assurance habitation;Non;14230
C2953;36;Employé;1971;Compte, Carte bancaire, Plan épargne logement, Assurance santé;Oui (Crédit auto);6850
C2954;32;Entrepreneur local;3556;Compte pro, Carte pro, Compte sur livret;Non;32410
C2955;54;Entrepreneur local;4389;Compte pro, Carte pro, Compte sur livret;Oui (Crédit de trésorerie);19340
C2956;48;Entrepreneur local;5996;Compte pro, Visa Business, PEA, Banque en ligne;Oui (Crédit de trésorerie);37360
C2957;39;Entrepreneur local;4853;Compte professionnel, Visa Business, Compte à terme;Non;31280
C2958;39;Commerçant;5454;Compte pro, Visa Business, PEA;Non;37970
C2959;19;Étudiant;764;Compte courant, Carte Jeune, Compte sur livret;Non;540
C2960;22;Étudiant;655;Compte courant, Carte de retrait, Compte sur livret;Non;730
C2961;76;Retraité;2406;Compte courant, Carte senior, Livret A, Assurance vie;Non;41480
C2962;26;Étudiant;662;Compte, Carte bancaire, Livret A;Non;790
C2963;71;Retraité;1535;Compte joint, Carte bancaire, Compte sur livret;Non;20390
C2964;59;Artisan;4482;Compte pro, Carte pro, Assurance vie, Banque en ligne;Oui (Crédit véhicule);26010
C2965;32;Employé;3931;Compte premium, Carte premium, Assurance vie;Non;11240
C2966;37;Artisan;4041;Compte professionnel, Carte bancaire, PEA;Oui (Crédit véhicule);17430
C2967;26;Étudiant;598;Compte jeune, Carte Jeune, Compte sur livret, Paiement sans contact;Oui (Découvert autorisé);1010
C2968;46;Employé;1374;Compte premium, Visa Classic, Assurance vie, Paiement sans contact;Non;5280
C2969;35;Employé;3650;Compte joint, Visa Classic, Livret A, Assurance habitation;Non;11450
C2970;52;Employé;2987;Compte courant, Mastercard, Livret A, Assurance santé;Non;16460
C2971;42;Cadre;4174;Compte joint, Visa Gold, LDDS;Non;18740
C2972;49;Employé;2815;Compte premium, Mastercard, LDDS, Assurance santé, Paiement sans contact;Non;12740
C2973;45;Artisan;3203;Compte professionnel, Visa Business, Compte à terme, Virement instantané;Non;7900
C2974;25;Employé;3067;Compte premium, Visa Classic, Livret A, Assurance habitation;Oui (Crédit auto);10660
C2975;76;Retraité;2555;Compte joint, Carte senior, Livret A, Assurance santé;Non;31890
C2976;59;Employé;1741;Compte, Carte bancaire, LDDS;Non;12850
C2977;45;Commerçant;4068;Compte, Mastercard Business, PEA, Banque en ligne;Oui (Crédit professionnel);19400
C2978;31;Fonctionnaire;1902;Compte, Carte bancaire, Plan épargne logement;Oui (Crédit auto);17390
C2979;38;Employé;1486;Compte, Carte bancaire, Assurance vie, Protection des moyens de paiement;Non;9630
C2980;53;Sans emploi;683;Compte, Carte de retrait, Compte sur livret;Non;1240
C2981;48;Employé;3853;Compte, Visa Classic, Assurance vie, Assurance habitation;Non;18140
C2982;46;Employé;3661;Compte, Carte premium, Assurance vie, Assurance habitation;Oui (Crédit auto);4560
C2983;53;Employé;1714;Compte premium, Carte bancaire, Assurance vie, Assurance habitation;Non;9630
C2984;33;Entrepreneur local;5252;Compte professionnel, Visa Business, Compte sur livret, Virement instantané;Non;35200
C2985;24;Employé;3500;Compte, Mastercard, LDDS, Protection des moyens de paiement;Non;18040
C2986;49;Employé;3735;Compte, Visa Classic, Plan épargne logement, Assurance habitation;Non;20660
C2987;39;Entrepreneur local;6302;Compte pro, Carte pro, Assurance vie, Virement instantané;Oui (Crédit de trésorerie + Crédit professionnel);30850
C2988;49;Fonctionnaire;2962;Compte premium, Carte bancaire, LDDS;Oui (Crédit auto);16040
C2989;78;Retraité;1780;Compte senior, Carte de retrait, Assurance vie, Assurance santé;Non;22000
C2990;37;Fonctionnaire;3322;Compte, Mastercard, Assurance vie;Oui (Crédit immo);18430
C2991;52;Sans emploi;990;Compte, Carte bancaire, Livret A;Non;0
C2992;21;Étudiant;639;Compte jeune, Carte de retrait, Livret A;Non;470
C2993;24;Étudiant;690;Compte, Carte de retrait, Compte sur livret;Non;1070
C2994;53;Employé;2879;Compte joint, Carte premium, LDDS, Assurance habitation;Oui (Crédit conso);7350
C2995;66;Retraité;2107;Compte senior, Carte bancaire, Assurance vie, Banque en ligne;Oui (Crédit conso);11350
C2996;82;Retraité;1878;Compte senior, Carte bancaire, LDDS, Assurance vie;Non;31470
C2997;46;Employé;2851;Compte, Carte premium, Assurance vie;Non;9330
C2998;38;Employé;2528;Compte courant, Visa Classic, Assurance vie, Assurance santé, Paiement sans contact;Non;15860
C2999;41;Employé;3040;Compte premium, Visa Classic, Livret A, Assurance santé;Oui (Crédit auto);12570
C3000;37;Fonctionnaire;4684;Compte courant, Carte premium, Livret A, Protection des moyens de paiement;Oui (Crédit auto);12830
C3001;44;Indépendant;2966;Compte professionnel, Visa Business, PEA, Banque en ligne, Virement instantané;Oui (Crédit professionnel);19060
C3002;36;Fonctionnaire;3190;Compte, Carte bancaire, Livret A, Assurance habitation;Oui (Crédit auto);22780
C3003;43;Artisan;4485;Compte, Carte bancaire, Assurance vie;Non;24650
C3004;41;Fonctionnaire;3399;Compte joint, Carte bancaire, Plan épargne logement, Assurance santé;Oui (Crédit conso);30300
C3005;35;Employé;3694;Compte premium, Carte premium, Livret A;Non;21430
C3006;42;Sans emploi;615;Compte de base, Carte de retrait, Compte sur livret;Non;840
C3007;38;Cadre;5820;Compte, Carte bancaire, Plan épargne logement, Protection des moyens de paiement;Non;68170
C3008;70;Retraité;2656;Compte courant, Carte bancaire, Compte sur livret, Assurance vie, Protection des moyens de paiement;Non;23860
C3009;75;Retraité;1152;Compte joint, Carte de retrait, Compte sur livret;Non;6170
C3010;24;Fonctionnaire;2377;Compte, Carte premium, Livret A, Assurance habitation, Alerte SMS;Non;16170
C3011;40;Fonctionnaire;4806;Compte joint, Visa Classic, Assurance vie;Non;38410
C3012;35;Employé;4347;Compte courant, Mastercard, Plan épargne logement;Non;17620
C3013;38;Fonctionnaire;3046;Compte premium, Carte premium, LDDS;Non;11230
C3014;24;Étudiant;597;Compte jeune, Carte bancaire, Livret A;Non;640
C3015;45;Employé;1407;Compte premium, Mastercard;Non;9900
C3016;38;Employé;3524;Compte, Carte premium, Plan épargne logement, Banque en ligne;Oui (Crédit auto);12660
C3017;56;Indépendant;4815;Compte courant, Carte pro, Assurance vie;Non;28720
C3018;37;Fonctionnaire;4956;Compte, Mastercard, Livret A;Non;39930
C3019;50;Employé;3664;Compte courant, Mastercard, Livret A, Assurance habitation;Non;13340
C3020;39;Employé;3775;Compte premium, Carte premium, LDDS, Banque en ligne;Oui (Crédit conso + Crédit immo);13530
C3021;24;Étudiant;537;Compte, Carte Jeune, Livret A, Banque en ligne;Non;140
C3022;38;Indépendant;5768;Compte courant, Carte bancaire, Compte à terme, Carte pro;Oui (Crédit conso + Crédit professionnel);39540
C3023;32;Employé;4138;Compte joint, Visa Classic, LDDS;Oui (Crédit conso);14810
C3024;23;Étudiant;413;Compte courant, Carte Jeune;Non;420
C3025;47;Employé;2881;Compte premium, Mastercard, Assurance vie, Assurance habitation;Non;4220
C3026;24;Étudiant;835;Compte courant, Carte bancaire, Alerte SMS;Non;940
C3027;30;Employé;3476;Compte premium, Visa Classic, Assurance vie;Oui (Crédit immo);18430
C3028;39;Employé;1744;Compte joint, Mastercard, Livret A;Non;8320
C3029;46;Fonctionnaire;3230;Compte courant, Carte premium, Assurance vie, Banque en ligne;Non;25840
C3030;46;Employé;2489;Compte, Carte bancaire, Plan épargne logement, Assurance habitation, Alerte SMS;Non;10180
C3031;21;Étudiant;700;Compte d'épargne, Carte bancaire, Livret A, Paiement sans contact;Non;1310
C3032;23;Étudiant;526;Compte courant, Carte bancaire, Livret A, Paiement sans contact;Non;660
C3033;25;Étudiant;802;Compte, Carte Jeune, Compte sur livret;Non;1410
C3034;32;Fonctionnaire;2674;Compte, Carte premium, LDDS, Assurance habitation;Non;6410
C3035;85;Retraité;2215;Compte senior, Carte de retrait, Livret A;Non;15910
C3036;49;Employé;2684;Compte joint, Carte premium, LDDS, Protection des moyens de paiement;Oui (Crédit immo + Crédit auto);13490
C3037;53;Entrepreneur local;5780;Compte, Carte pro, Compte sur livret, Banque en ligne;Non;27720
C3038;61;Artisan;2516;Compte professionnel, Carte bancaire, PEA, Virement instantané;Non;8100
C3039;47;Sans emploi;936;Compte courant, Carte de retrait, Compte sur livret;Non;1170
C3040;50;Artisan;4376;Compte courant, Carte pro, Assurance vie, Virement instantané, Terminal de paiement;Non;29680
C3041;55;Employé;2712;Compte, Carte premium, Plan épargne logement;Non;13420
C3042;36;Employé;3100;Compte premium, Mastercard, Plan épargne logement, Assurance habitation;Oui (Crédit auto);7050
C3043;56;Sans emploi;1153;Compte, Carte de retrait, Livret A, Alerte SMS;Non;1700
C3044;75;Retraité;1959;Compte joint, Carte bancaire, Compte sur livret;Oui (Crédit conso);15960
C3045;41;Employé;2117;Compte joint, Visa Classic, Assurance vie, Banque en ligne;Non;8210
C3046;68;Retraité;2584;Compte joint, Carte de retrait, Livret A, Protection des moyens de paiement;Non;25120
C3047;33;Employé;2744;Compte premium, Visa Classic, Plan épargne logement, Alerte SMS;Non;12580
C3048;20;Étudiant;683;Compte courant, Carte de retrait, Compte sur livret;Non;710
C3049;56;Fonctionnaire;2752;Compte courant, Carte bancaire, Plan épargne logement;Non;7420
C3050;36;Employé;3719;Compte joint, Mastercard, Assurance vie;Oui (Crédit immo);24070
C3051;37;Fonctionnaire;2979;Compte courant, Visa Classic, Livret A;Oui (Crédit conso);24350
C3052;45;Entrepreneur local;5713;Compte courant, Mastercard Business, PEA, Virement instantané;Oui (Crédit professionnel);31090
C3053;23;Étudiant;491;Compte, Carte Jeune, Livret A, Banque en ligne;Oui (Crédit étudiant);420
C3054;48;Fonctionnaire;3720;Compte premium, Visa Classic, LDDS;Oui (Crédit conso);15390
C3055;37;Employé;3458;Compte courant, Carte premium, Assurance vie, Assurance santé, Banque en ligne;Non;17500
C3056;71;Retraité;1637;Compte senior, Carte senior, Assurance vie, Banque en ligne;Oui (Crédit auto);16480
C3057;46;Employé;2960;Compte joint, Visa Classic, Livret A;Non;10280
C3058;44;Employé;3309;Compte courant, Mastercard, Assurance vie, Assurance santé, Alerte SMS;Non;15630
C3059;52;Cadre;6110;Compte, Visa Gold, Assurance vie, Assurance habitation;Oui (Crédit auto);63160
C3060;40;Sans emploi;1243;Compte courant, Carte bancaire, Livret A;Non;1090
C3061;48;Sans emploi;628;Compte de base, Carte bancaire, Compte sur livret;Non;790
C3062;33;Commerçant;4642;Compte pro, Carte pro, Compte à terme, Banque en ligne;Non;23300
C3063;40;Employé;2843;Compte courant, Carte premium, Assurance vie, Protection des moyens de paiement;Non;17740
C3064;43;Sans emploi;1019;Compte de base, Carte de retrait, Livret A, Paiement sans contact;Non;420
C3065;21;Étudiant;756;Compte d'épargne, Carte de retrait, Livret A, Alerte SMS;Non;910
C3066;52;Artisan;4861;Compte courant, Carte bancaire, Compte sur livret, Banque en ligne;Non;20070
C3067;45;Cadre;5579;Compte joint, Mastercard Gold, Plan épargne logement;Oui (Crédit immo);57250
C3068;36;Employé;3005;Compte joint, Carte bancaire, Plan épargne logement, Assurance santé, Paiement sans contact;Non;9290
C3069;39;Cadre;7199;Compte joint, Carte bancaire, LDDS, Protection des moyens de paiement;Oui (Crédit auto);37370
C3070;48;Fonctionnaire;3531;Compte, Visa Classic, Livret A, Protection des moyens de paiement;Non;31970
C3071;39;Employé;2940;Compte courant, Carte bancaire, Plan épargne logement, Protection des moyens de paiement;Non;14120
C3072;40;Entrepreneur local;4993;Compte courant, Mastercard Business, Compte à terme, Carte pro;Non;33210
C3073;46;Employé;2740;Compte courant, Carte bancaire, Assurance vie;Non;20470
C3074;42;Cadre;4409;Compte joint, Carte bancaire, Assurance vie;Non;47000
C3075;19;Étudiant;754;Compte jeune, Carte de retrait, Compte sur livret;Non;1090
C3076;31;Commerçant;4988;Compte pro, Mastercard Business, Assurance vie, Banque en ligne, Terminal de paiement;Oui (Crédit de trésorerie);23220
C3077;34;Sans emploi;943;Compte de base, Carte bancaire, Compte sur livret;Non;0
C3078;33;Sans emploi;693;Compte, Carte bancaire, Compte sur livret;Non;570
C3079;49;Commerçant;4891;Compte, Carte pro, Compte à terme;Non;20880
C3080;49;Cadre;6318;Compte premium, Carte bancaire, LDDS;Non;40710
C3081;38;Fonctionnaire;3925;Compte joint, Carte premium, Assurance vie, Protection des moyens de paiement;Non;39170
C3082;19;Étudiant;593;Compte d'épargne, Carte de retrait, Livret A, Paiement sans contact;Non;1290
C3083;23;Étudiant;789;Compte courant, Carte Jeune, Paiement sans contact, Alerte SMS;Oui (Découvert autorisé);650
C3084;46;Employé;3653;Compte, Visa Classic, Livret A, Paiement sans contact;Oui (Crédit conso);15660
C3085;23;Étudiant;916;Compte d'épargne, Carte bancaire, Compte sur livret, Paiement sans contact, Banque en ligne;Non;1270
C3086;41;Employé;3070;Compte premium, Visa Classic, LDDS;Non;18990
C3087;52;Employé;3534;Compte premium, Carte premium, LDDS, Protection des moyens de paiement;Oui (Crédit auto);10820
C3088;43;Cadre;6056;Compte joint, Mastercard Gold, Assurance vie, Assurance santé;Non;87480
C3089;46;Employé;3906;Compte, Carte bancaire, Plan épargne logement, Protection des moyens de paiement;Oui (Crédit immo);22370
C3090;26;Employé;3281;Compte, Mastercard, Livret A, Protection des moyens de paiement;Non;16920
C3091;48;Entrepreneur local;6771;Compte pro, Visa Business, PEA, Banque en ligne;Oui (Crédit professionnel);23210
C3092;36;Fonctionnaire;2911;Compte joint, Mastercard, Plan épargne logement, Alerte SMS;Oui (Crédit auto);22200
C3093;35;Artisan;5269;Compte pro, Visa Business, Compte sur livret, Virement instantané, Terminal de paiement;Non;19510
C3094;44;Artisan;3491;Compte, Visa Business, Compte à terme, Terminal de paiement;Oui (Crédit professionnel);9230
C3095;43;Employé;3709;Compte premium, Visa Classic, Assurance vie, Protection des moyens de paiement;Non;11880
C3096;41;Commerçant;4674;Compte professionnel, Mastercard Business, Compte sur livret, Terminal de paiement;Non;37030
C3097;37;Employé;3166;Compte joint, Carte premium, Assurance vie;Non;13430
C3098;47;Employé;3163;Compte premium, Carte bancaire, LDDS;Oui (Crédit conso);10180
C3099;40;Employé;2551;Compte courant, Carte bancaire, Assurance vie;Non;10060
C3100;49;Fonctionnaire;4383;Compte joint, Mastercard, LDDS, Assurance habitation;Oui (Crédit conso);12070
C3101;54;Fonctionnaire;3150;Compte premium, Carte bancaire, Plan épargne logement, Assurance santé;Oui (Crédit auto);18740
C3102;78;Retraité;1708;Compte courant, Carte senior, LDDS, Assurance santé, Banque en ligne;Non;13670
C3103;29;Artisan;6014;Compte pro, Visa Business, PEA, Carte pro;Oui (Micro-crédit);49520
C3104;33;Employé;3332;Compte, Carte premium, Assurance vie;Non;20370
C3105;45;Employé;2937;Compte premium, Carte premium, LDDS;Oui (Crédit conso);10280
C3106;81;Retraité;2188;Compte senior, Carte senior, Livret A;Non;41990
C3107;40;Sans emploi;689;Compte de base, Carte de retrait, Livret A;Non;780
C3108;37;Employé;2890;Compte, Mastercard, Livret A;Oui (Crédit conso);6140
C3109;41;Entrepreneur local;5755;Compte courant, Carte pro, Compte à terme, Banque en ligne;Non;52400
C3110;36;Sans emploi;899;Compte, Carte de retrait, Compte sur livret;Non;400
C3111;60;Artisan;2176;Compte, Carte bancaire, Assurance vie;Non;10970
C3112;47;Employé;3035;Compte premium, Carte bancaire, LDDS;Oui (Crédit immo);17420
C3113;42;Employé;3575;Compte, Mastercard, LDDS, Assurance habitation;Non;15560
C3114;25;Étudiant;848;Compte, Carte de retrait, Compte sur livret;Non;910
C3115;59;Entrepreneur local;5495;Compte courant, Visa Business, PEA, Banque en ligne;Oui (Crédit professionnel);21110
C3116;46;Cadre;5484;Compte, Mastercard Gold, PEA;Oui (Crédit auto);41610
C3117;18;Étudiant;677;Compte courant, Carte Jeune, Compte sur livret;Non;390
C3118;52;Entrepreneur local;6663;Compte, Mastercard Business, Compte à terme, Terminal de paiement;Non;14460
C3119;22;Étudiant;1059;Compte jeune, Carte Jeune, Livret A, Paiement sans contact;Non;0
C3120;80;Retraité;1955;Compte courant, Carte de retrait, Compte sur livret, Protection des moyens de paiement;Non;7610
C3121;40;Artisan;4255;Compte pro, Carte pro, Compte sur livret;Oui (Crédit véhicule);17780
C3122;69;Retraité;2254;Compte senior, Carte de retrait, Livret A;Non;28220
C3123;34;Employé;2584;Compte joint, Carte bancaire, LDDS, Assurance habitation;Oui (Crédit auto);12370
C3124;49;Artisan;3393;Compte courant, Carte bancaire, Compte sur livret;Non;13880
C3125;51;Employé;3344;Compte premium, Carte premium, Assurance vie, Assurance habitation;Oui (Crédit immo);11260
C3126;29;Fonctionnaire;3608;Compte courant, Carte bancaire, Livret A;Non;16350
C3127;38;Employé;3033;Compte courant, Carte bancaire, Assurance vie, Assurance habitation;Non;14020
C3128;30;Employé;2492;Compte courant, Mastercard, Livret A, Assurance santé, Banque en ligne;Oui (Crédit conso);5400
C3129;40;Employé;2791;Compte courant, Mastercard, Assurance vie;Non;12960
C3130;80;Retraité;2113;Compte, Carte senior, Assurance vie;Non;11240
C3131;57;Entrepreneur local;3810;Compte, Visa Business, Compte à terme, Banque en ligne;Non;28140
C3132;30;Employé;2322;Compte courant, Carte premium, Assurance vie;Oui (Crédit conso);4350
C3133;43;Sans emploi;1160;Compte de base, Carte bancaire, Compte sur livret;Non;0
C3134;41;Employé;2341;Compte courant, Mastercard, Plan épargne logement, Alerte SMS;Oui (Crédit conso);6970
C3135;36;Sans emploi;776;Compte courant, Carte de retrait, Compte sur livret, Banque en ligne;Non;490
C3136;29;Employé;2355;Compte premium, Visa Classic, LDDS;Non;14460
C3137;29;Employé;1524;Compte joint, Visa Classic;Non;9390
C3138;37;Employé;3830;Compte, Mastercard, LDDS;Non;16530
C3139;33;Employé;2615;Compte courant, Visa Classic, Livret A;Non;10580
C3140;35;Employé;2233;Compte premium, Carte premium, Plan épargne logement, Assurance santé;Non;8310
C3141;46;Entrepreneur local;3456;Compte professionnel, Visa Business, PEA, Banque en ligne;Non;19600
C3142;42;Employé;2530;Compte, Visa Classic, Assurance vie;Non;18860
C3143;48;Fonctionnaire;3307;Compte, Mastercard, Plan épargne logement;Non;19010
C3144;33;Employé;2795;Compte courant, Carte bancaire, Livret A, Assurance santé, Banque en ligne;Non;12980
C3145;66;Retraité;1662;Compte, Carte de retrait, LDDS, Protection des moyens de paiement;Non;10960
C3146;46;Entrepreneur local;7177;Compte pro, Mastercard Business, Compte à terme, Terminal de paiement;Non;27960
C3147;57;Artisan;4284;Compte, Carte bancaire, Compte à terme;Non;25140
C3148;23;Étudiant;901;Compte jeune, Carte Jeune, Compte sur livret, Alerte SMS, Banque en ligne;Oui (Crédit conso);730
C3149;32;Employé;3705;Compte courant, Visa Classic, Assurance vie, Protection des moyens de paiement;Non;9740
C3150;42;Commerçant;4870;Compte pro, Visa Business, PEA, Carte pro;Non;10000
C3151;40;Employé;3166;Compte, Carte premium, Livret A, Protection des moyens de paiement;Non;12060
C3152;43;Artisan;3832;Compte, Visa Business, Compte sur livret;Non;27660
C3153;36;Cadre;3760;Compte joint, Visa Gold, PEA, Assurance santé;Non;40660
C3154;25;Employé;3800;Compte premium, Visa Classic, Livret A;Oui (Crédit auto);23870
C3155;45;Cadre;5658;Compte premium, Carte premium, PEA, Assurance habitation;Oui (Crédit conso);73660
C3156;47;Employé;2380;Compte courant, Mastercard, Livret A, Protection des moyens de paiement;Oui (Crédit conso);6740
C3157;51;Sans emploi;797;Compte courant, Carte bancaire, Livret A;Non;530
C3158;31;Entrepreneur local;5336;Compte pro, Mastercard Business, PEA, Banque en ligne;Non;38860
C3159;49;Employé;2723;Compte joint, Carte bancaire, Assurance vie;Non;10460
C3160;24;Étudiant;883;Compte courant, Carte de retrait, Compte sur livret, Banque en ligne;Non;1400
C3161;50;Indépendant;2180;Compte courant, Visa Business, Compte sur livret, Carte pro;Oui (Micro-crédit + Crédit conso);3850
C3162;49;Artisan;6148;Compte professionnel, Carte pro, PEA, Virement instantané;Non;29890
C3163;33;Sans emploi;1328;Compte, Carte bancaire, Livret A;Non;850
C3164;38;Cadre;3328;Compte joint, Carte premium, Plan épargne logement, Assurance santé;Non;25360
C3165;30;Employé;3259;Compte, Carte bancaire, Livret A, Assurance santé;Non;13670
C3166;45;Fonctionnaire;2741;Compte courant, Mastercard, Livret A;Non;19850
C3167;34;Employé;3998;Compte premium, Carte premium, Livret A, Assurance santé;Oui (Crédit auto);4750
C3168;32;Employé;2343;Compte premium, Carte premium, Assurance vie;Non;4980
C3169;32;Employé;3351;Compte premium, Mastercard, Livret A, Assurance santé;Non;15150
C3170;51;Sans emploi;914;Compte, Carte bancaire, Livret A, Banque en ligne;Non;0
C3171;45;Employé;2108;Compte joint, Mastercard, Plan épargne logement, Protection des moyens de paiement;Oui (Crédit immo);7610
C3172;44;Cadre;6665;Compte, Carte premium, PEA;Non;102500
C3173;42;Sans emploi;890;Compte, Carte bancaire, Livret A;Non;1410
C3174;44;Artisan;3807;Compte courant, Carte pro, Compte sur livret;Oui (Micro-crédit + Crédit professionnel);23890
C3175;20;Étudiant;1042;Compte d'épargne, Carte de retrait, Compte sur livret, Banque en ligne;Non;1390
C3176;55;Cadre;5000;Compte joint, Visa Gold, Livret A, Assurance santé, Virement instantané;Oui (Crédit auto);28760
C3177;49;Commerçant;5588;Compte professionnel, Visa Business, Compte à terme;Non;20910
C3178;45;Cadre;4321;Compte, Carte bancaire, Assurance vie, Assurance habitation;Non;40860
C3179;72;Retraité;1299;Compte senior, Carte bancaire, Compte sur livret;Non;21280
C3180;41;Entrepreneur local;2914;Compte professionnel, Visa Business, Assurance vie;Non;24620
C3181;37;Fonctionnaire;4022;Compte premium, Mastercard, LDDS;Oui (Crédit immo);32610
C3182;47;Cadre;4999;Compte premium, Carte premium, Livret A;Non;68400
C3183;22;Étudiant;723;Compte, Carte bancaire, Livret A, Paiement sans contact;Non;120
C3184;44;Sans emploi;1272;Compte courant, Carte bancaire, Livret A;Non;920
C3185;44;Sans emploi;768;Compte courant, Carte de retrait, Compte sur livret;Non;1040
C3186;44;Employé;3646;Compte joint, Carte bancaire, Livret A, Banque en ligne;Non;7650
C3187;42;Fonctionnaire;3679;Compte joint, Mastercard, Assurance vie, Assurance habitation;Non;39270
C3188;32;Cadre;5194;Compte premium, Carte premium, PEA;Non;52970
C3189;34;Employé;3753;Compte courant, Mastercard, Livret A, Assurance santé;Non;5800
C3190;47;Sans emploi;1176;Compte courant, Carte de retrait, Livret A;Non;1380
C3191;47;Employé;2008;Compte premium, Mastercard, LDDS;Oui (Crédit immo);5300
C3192;36;Commerçant;4155;Compte professionnel, Carte pro, Assurance vie, Terminal de paiement;Non;39320
C3193;33;Employé;2910;Compte courant, Carte premium, Plan épargne logement, Assurance habitation;Oui (Crédit conso + Crédit immo);10990
C3194;52;Sans emploi;720;Compte de base, Carte bancaire, Livret A, Alerte SMS;Non;700
C3195;37;Employé;2992;Compte courant, Mastercard, Assurance vie, Alerte SMS;Oui (Crédit immo);8140
C3196;48;Artisan;5477;Compte professionnel, Carte bancaire, PEA, Virement instantané;Non;34760
C3197;34;Employé;3117;Compte courant, Carte bancaire, Livret A, Assurance habitation, Alerte SMS;Non;7140
C3198;44;Sans emploi;762;Compte, Carte de retrait, Livret A;Non;190
C3199;42;Employé;4043;Compte joint, Carte bancaire, LDDS, Banque en ligne;Non;24630
C3200;46;Artisan;4946;Compte professionnel, Visa Business, PEA, Terminal de paiement, Virement instantané;Non;19850
C3201;22;Étudiant;689;Compte jeune, Carte bancaire, Livret A, Banque en ligne;Non;1400
C3202;43;Employé;3005;Compte courant, Carte premium, Livret A, Alerte SMS;Non;18040
C3203;45;Employé;3051;Compte courant, Carte bancaire, Assurance vie;Non;16590
C3204;31;Employé;2422;Compte joint, Carte premium, Assurance vie, Assurance habitation;Oui (Crédit auto);9120
C3205;28;Indépendant;6015;Compte professionnel, Visa Business, Assurance vie;Non;41110
C3206;19;Étudiant;759;Compte jeune, Carte de retrait, Livret A;Non;1220
C3207;40;Cadre;5572;Compte premium, Mastercard Gold, Assurance vie, Assurance habitation;Non;52870
C3208;36;Employé;3668;Compte courant, Carte bancaire, Livret A, Assurance santé;Non;16160
C3209;45;Sans emploi;854;Compte, Carte de retrait, Livret A;Non;1660
C3210;70;Retraité;2419;Compte joint, Carte bancaire, Assurance vie, Assurance santé;Oui (Crédit conso);22570
C3211;22;Étudiant;900;Compte jeune, Carte Jeune, Livret A;Oui (Découvert autorisé);610
C3212;61;Retraité;2078;Compte joint, Carte bancaire, LDDS;Non;18080
C3213;75;Retraité;1742;Compte senior, Carte bancaire, Compte sur livret;Non;20900
C3214;51;Employé;2772;Compte premium, Carte bancaire, Plan épargne logement;Non;15180
C3215;21;Étudiant;777;Compte courant, Carte Jeune, Compte sur livret, Paiement sans contact;Non;1160
C3216;45;Artisan;5003;Compte professionnel, Carte bancaire, Compte à terme;Non;48240
C3217;42;Sans emploi;630;Compte courant, Carte bancaire, Alerte SMS;Non;980
C3218;62;Artisan;5559;Compte professionnel, Carte bancaire, Compte à terme, Virement instantané, Banque en ligne;Non;27350
C3219;41;Entrepreneur local;6417;Compte, Carte pro, Compte à terme, Virement instantané;Non;28120
C3220;61;Retraité;1962;Compte, Carte senior, Compte sur livret;Non;21880
C3221;18;Étudiant;464;Compte courant, Carte bancaire, Compte sur livret;Non;470
C3222;45;Employé;3037;Compte courant, Mastercard, Assurance vie;Non;14690
C3223;42;Artisan;2860;Compte, Carte pro, Compte sur livret;Non;19280
C3224;22;Étudiant;586;Compte d'épargne, Carte bancaire, Compte sur livret, Paiement sans contact;Non;0
C3225;37;Employé;1648;Compte, Carte premium, Plan épargne logement;Non;9510
C3226;62;Artisan;4548;Compte, Visa Business, Assurance vie, Virement instantané;Non;13450
C3227;45;Entrepreneur local;3740;Compte professionnel, Visa Business, PEA, Virement instantané;Oui (Crédit professionnel + Crédit de trésorerie);13090
C3228;45;Cadre;4596;Compte, Carte premium, LDDS;Non;36220
C3229;46;Fonctionnaire;3965;Compte courant, Carte premium, Assurance vie, Alerte SMS;Non;48650
C3230;41;Employé;3896;Compte, Carte bancaire, Assurance vie, Protection des moyens de paiement;Non;15740
C3231;53;Artisan;2958;Compte courant, Visa Business, PEA;Non;18690
C3232;40;Sans emploi;1087;Compte courant, Carte de retrait, Livret A;Non;500
C3233;22;Étudiant;550;Compte d'épargne, Carte bancaire, Compte sur livret, Paiement sans contact;Oui (Découvert autorisé);700
C3234;19;Étudiant;598;Compte d'épargne, Carte bancaire, Livret A, Alerte SMS;Non;640
C3235;24;Étudiant;720;Compte, Carte de retrait, Compte sur livret;Non;1130
C3236;45;Fonctionnaire;4100;Compte, Mastercard, Plan épargne logement;Non;45390
C3237;27;Employé;3552;Compte premium, Carte bancaire, Assurance vie;Non;18580
C3238;55;Employé;2501;Compte joint, Carte premium, LDDS, Protection des moyens de paiement, Alerte SMS;Oui (Crédit immo);14640
C3239;46;Employé;2531;Compte premium, Carte premium, Plan épargne logement, Assurance santé;Oui (Crédit conso);15410
C3240;25;Étudiant;680;Compte, Carte Jeune, Compte sur livret, Paiement sans contact;Non;760
C3241;41;Fonctionnaire;3595;Compte joint, Carte bancaire, Assurance vie;Non;36560
C3242;39;Sans emploi;855;Compte courant, Carte de retrait, Livret A;Non;1220
C3243;51;Employé;3142;Compte joint, Visa Classic, Livret A, Assurance santé;Non;12600
C3244;21;Étudiant;745;Compte d'épargne, Carte de retrait, Livret A, Banque en ligne;Non;590
C3245;72;Retraité;1649;Compte senior, Carte bancaire;Non;15260
C3246;27;Employé;2779;Compte, Carte premium, LDDS, Assurance santé;Oui (Crédit conso);3280
C3247;20;Étudiant;956;Compte courant, Carte Jeune, Compte sur livret, Banque en ligne;Non;940
C3248;47;Employé;3183;Compte joint, Carte bancaire, LDDS;Oui (Crédit auto + Crédit immo);17410
C3249;19;Étudiant;536;Compte courant, Carte bancaire, Compte sur livret, Banque en ligne;Oui (Crédit conso);0
C3250;34;Employé;3573;Compte, Mastercard, Plan épargne logement;Non;17890
C3251;34;Employé;4008;Compte courant, Carte premium, Assurance vie;Oui (Crédit auto);12260
C3252;45;Employé;2466;Compte joint, Carte bancaire, Livret A;Non;15330
C3253;35;Entrepreneur local;6710;Compte pro, Carte pro, Compte à terme, Terminal de paiement;Non;19780
C3254;48;Entrepreneur local;4432;Compte professionnel, Mastercard Business, Assurance vie, Banque en ligne;Non;28550
C3255;41;Fonctionnaire;4272;Compte premium, Carte bancaire, Plan épargne logement, Protection des moyens de paiement;Non;26760
C3256;39;Fonctionnaire;3671;Compte joint, Carte premium, LDDS;Oui (Crédit immo);40820
C3257;33;Employé;3425;Compte, Carte bancaire, Assurance vie, Assurance habitation;Oui (Crédit conso);3140
C3258;43;Fonctionnaire;2671;Compte premium, Visa Classic, LDDS;Non;14440
C3259;41;Employé;2049;Compte courant, Mastercard, Livret A;Non;13180
C3260;24;Sans emploi;665;Compte courant, Carte bancaire, Livret A, Banque en ligne;Non;560
C3261;47;Sans emploi;1320;Compte courant, Carte de retrait, Compte sur livret;Non;1690
C3262;26;Étudiant;858;Compte d'épargne, Carte Jeune, Livret A;Non;0
C3263;52;Fonctionnaire;2542;Compte premium, Visa Classic, Livret A;Non;23350
C3264;50;Employé;4017;Compte joint, Carte bancaire, Plan épargne logement, Protection des moyens de paiement;Non;13620
C3265;39;Sans emploi;854;Compte de base, Carte bancaire;Non;590
C3266;50;Fonctionnaire;2486;Compte, Carte bancaire, Assurance vie, Assurance santé;Non;30800
C3267;43;Sans emploi;815;Compte de base, Carte bancaire, Livret A;Non;420
C3268;53;Artisan;6040;Compte courant, Visa Business, Compte sur livret;Non;33180
C3269;42;Artisan;3587;Compte professionnel, Carte bancaire, Compte sur livret, Terminal de paiement;Oui (Crédit professionnel);19810
C3270;30;Employé;3382;Compte joint, Carte bancaire, LDDS;Non;19320
C3271;41;Employé;3513;Compte, Carte bancaire, Assurance vie, Assurance santé, Banque en ligne;Oui (Crédit conso);12160
C3272;39;Fonctionnaire;4557;Compte premium, Mastercard, Livret A;Non;29550
C3273;55;Employé;2511;Compte, Carte bancaire, Livret A, Assurance habitation;Oui (Crédit conso);10970
C3274;59;Sans emploi;1158;Compte courant, Carte bancaire, Livret A;Non;1080
C3275;50;Employé;3920;Compte premium, Carte bancaire, Livret A, Protection des moyens de paiement, Alerte SMS;Non;12190
C3276;40;Employé;3270;Compte premium, Carte premium, Livret A;Oui (Crédit immo);6960
C3277;33;Entrepreneur local;2581;Compte courant, Carte pro, PEA;Non;14020
C3278;25;Étudiant;1014;Compte jeune, Carte de retrait, Compte sur livret, Alerte SMS, Paiement sans contact;Non;990
C3279;40;Fonctionnaire;3458;Compte courant, Visa Classic, LDDS, Assurance habitation;Non;7170
C3280;85;Retraité;1563;Compte joint, Carte bancaire, LDDS, Alerte SMS;Non;25340
C3281;44;Employé;3805;Compte, Visa Classic, Livret A, Protection des moyens de paiement;Non;22060
C3282;44;Sans emploi;1065;Compte de base, Carte de retrait, Livret A;Non;450
C3283;46;Employé;3696;Compte courant, Mastercard, Livret A;Non;22990
C3284;28;Employé;3237;Compte premium, Carte bancaire, Assurance vie;Non;20370
C3285;70;Retraité;1499;Compte joint, Carte bancaire, LDDS, Protection des moyens de paiement;Non;21550
C3286;49;Employé;3907;Compte premium, Carte bancaire, Assurance vie, Assurance santé;Non;11380
C3287;28;Employé;2214;Compte, Carte premium, Livret A;Oui (Crédit conso);12600
C3288;50;Fonctionnaire;4342;Compte joint, Carte bancaire, LDDS;Non;19780
C3289;19;Étudiant;388;Compte, Carte de retrait, Livret A;Non;610
C3290;18;Étudiant;724;Compte d'épargne, Carte Jeune, Compte sur livret;Oui (Crédit conso);720
C3291;38;Employé;3532;Compte, Mastercard, LDDS, Assurance santé, Alerte SMS;Oui (Crédit conso);15250
C3292;65;Retraité;2600;Compte senior, Carte bancaire, Livret A;Non;23340
C3293;61;Retraité;2705;Compte senior, Carte senior, LDDS, Protection des moyens de paiement;Oui (Crédit santé);3200
C3294;40;Employé;1670;Compte, Carte premium, Assurance vie, Assurance habitation;Oui (Crédit auto);3760
C3295;62;Retraité;1864;Compte, Carte bancaire, Assurance vie, Assurance santé, Alerte SMS;Non;21390
C3296;52;Entrepreneur local;6612;Compte, Mastercard Business, Compte sur livret, Terminal de paiement;Oui (Crédit professionnel);40280
C3297;18;Étudiant;862;Compte d'épargne, Carte bancaire, Livret A;Non;780
C3298;66;Retraité;1693;Compte joint, Carte senior, Assurance vie;Non;19740
C3299;40;Cadre;4763;Compte premium, Carte premium, LDDS, Banque en ligne;Non;52500
C3300;28;Employé;2825;Compte, Carte premium, Assurance vie;Non;8500
C3301;49;Employé;3169;Compte, Visa Classic, Plan épargne logement;Oui (Crédit conso);11300
C3302;39;Employé;3282;Compte joint, Mastercard, Plan épargne logement, Banque en ligne;Oui (Crédit immo);15440
C3303;63;Retraité;2753;Compte courant, Carte de retrait, Livret A;Non;32290
C3304;52;Artisan;3316;Compte, Carte pro, Compte à terme, Virement instantané;Non;12670
C3305;80;Retraité;2442;Compte joint, Carte bancaire, Compte sur livret, Protection des moyens de paiement;Oui (Crédit santé);13800
C3306;18;Étudiant;903;Compte d'épargne, Carte bancaire, Compte sur livret;Oui (Découvert autorisé);1010
C3307;41;Fonctionnaire;3438;Compte joint, Carte premium, Livret A, Assurance santé, Banque en ligne;Non;38780
C3308;58;Fonctionnaire;2711;Compte joint, Carte bancaire, LDDS, Assurance santé, Paiement sans contact;Oui (Crédit immo);18850
C3309;24;Étudiant;709;Compte d'épargne, Carte Jeune, Livret A;Oui (Découvert autorisé);1080
C3310;60;Retraité;1100;Compte joint, Carte de retrait, Livret A, Protection des moyens de paiement;Non;4460
C3311;31;Sans emploi;714;Compte courant, Carte bancaire, Livret A;Non;770
C3312;36;Employé;3259;Compte premium, Carte premium, Livret A, Assurance habitation;Non;10950
C3313;44;Sans emploi;1194;Compte de base, Carte bancaire, Compte sur livret, Alerte SMS;Non;1770
C3314;38;Employé;3530;Compte premium, Visa Classic, LDDS, Assurance habitation;Non;15710
C3315;24;Étudiant;883;Compte courant, Carte bancaire;Non;1130
C3316;42;Sans emploi;1030;Compte, Carte bancaire, Compte sur livret;Oui (Découvert autorisé);690
C3317;52;Fonctionnaire;3524;Compte premium, Mastercard, Livret A, Protection des moyens de paiement;Oui (Crédit immo);30090
C3318;32;Employé;4131;Compte joint, Carte premium, Assurance vie;Non;29190
C3319;33;Employé;2091;Compte courant, Carte premium, Livret A, Protection des moyens de paiement;Non;8710
C3320;21;Étudiant;418;Compte, Carte de retrait, Banque en ligne;Non;360
C3321;38;Employé;2111;Compte premium, Mastercard, Assurance vie;Non;7940
C3322;34;Artisan;3643;Compte courant, Carte bancaire, Assurance vie, Carte pro;Non;12150
C3323;43;Indépendant;4921;Compte professionnel, Carte pro, Assurance vie, Virement instantané;Oui (Crédit conso + Crédit professionnel);31820
C3324;67;Retraité;2244;Compte joint, Carte bancaire, Compte sur livret, Protection des moyens de paiement;Non;15910
C3325;39;Employé;1999;Compte joint, Carte bancaire, Assurance vie, Protection des moyens de paiement;Oui (Crédit conso);9010
C3326;43;Fonctionnaire;3320;Compte premium, Carte bancaire, Livret A, Assurance habitation, Alerte SMS;Non;25460
C3327;38;Employé;3610;Compte premium, Carte bancaire, Livret A;Non;3410
C3328;73;Retraité;1968;Compte senior, Carte senior, Compte sur livret;Non;8450
C3329;46;Entrepreneur local;4384;Compte courant, Mastercard Business, Assurance vie, Banque en ligne;Oui (Crédit de trésorerie);15500
C3330;32;Fonctionnaire;3758;Compte joint, Visa Classic, LDDS, Assurance santé;Non;27600
C3331;40;Fonctionnaire;4277;Compte, Carte premium, Livret A;Oui (Crédit auto);15660
C3332;34;Sans emploi;977;Compte, Carte bancaire, Livret A;Non;1480
C3333;42;Employé;2614;Compte joint, Visa Classic, Assurance vie, Assurance santé;Non;9060
C3334;49;Artisan;3403;Compte professionnel, Carte pro, PEA, Banque en ligne;Oui (Crédit professionnel + Crédit véhicule);16860
C3335;29;Fonctionnaire;3872;Compte premium, Visa Classic, LDDS, Banque en ligne;Non;29280
C3336;49;Cadre;3531;Compte premium, Carte bancaire, Assurance vie, Assurance santé;Non;45050
C3337;46;Commerçant;3885;Compte courant, Visa Business, Compte à terme, Terminal de paiement;Non;39470
C3338;43;Employé;3458;Compte premium, Visa Classic, LDDS;Non;16160
C3339;22;Étudiant;999;Compte courant, Carte Jeune, Compte sur livret;Non;620
C3340;67;Retraité;1338;Compte courant, Carte bancaire, Assurance vie, Protection des moyens de paiement;Non;16030
C3341;30;Commerçant;5993;Compte professionnel, Mastercard Business, Compte sur livret, Terminal de paiement;Non;41700
C3342;24;Étudiant;939;Compte jeune, Carte bancaire, Compte sur livret;Non;480
C3343;37;Fonctionnaire;4390;Compte joint, Carte bancaire, Livret A, Protection des moyens de paiement, Paiement sans contact;Oui (Crédit conso);23100
C3344;43;Employé;2459;Compte joint, Mastercard, Plan épargne logement, Protection des moyens de paiement;Non;6040
C3345;62;Retraité;2271;Compte courant, Carte senior, Assurance vie, Protection des moyens de paiement;Non;20350
C3346;40;Employé;3066;Compte premium, Carte premium, Livret A, Assurance habitation;Non;15040
C3347;49;Cadre;5983;Compte joint, Visa Gold, PEA, Assurance santé;Non;84140
C3348;36;Artisan;3924;Compte, Carte bancaire, Compte sur livret, Banque en ligne;Non;23860
C3349;51;Fonctionnaire;2967;Compte joint, Carte premium, LDDS;Non;27340
C3350;66;Retraité;1964;Compte senior, Carte senior, Livret A;Non;22400
C3351;40;Employé;2728;Compte courant, Visa Classic, LDDS, Alerte SMS;Non;15740
C3352;36;Employé;3371;Compte premium, Carte premium, Assurance vie;Oui (Crédit conso);8610
C3353;56;Employé;2885;Compte courant, Carte bancaire, LDDS;Non;10650
C3354;28;Employé;3620;Compte premium, Carte premium, Livret A, Assurance habitation;Non;20530
C3355;41;Employé;2616;Compte joint, Carte premium, Livret A, Protection des moyens de paiement, Alerte SMS;Non;8240
C3356;29;Artisan;4515;Compte, Carte bancaire, PEA;Oui (Micro-crédit);23020
C3357;41;Employé;3201;Compte courant, Carte premium, Plan épargne logement, Paiement sans contact;Non;16450
C3358;37;Entrepreneur local;3041;Compte pro, Mastercard Business, Assurance vie, Virement instantané;Non;3660
C3359;42;Employé;3391;Compte joint, Carte bancaire, Plan épargne logement;Oui (Crédit immo);14930
C3360;50;Commerçant;4902;Compte professionnel, Carte pro, Assurance vie;Oui (Micro-crédit);31530
C3361;41;Fonctionnaire;4406;Compte joint, Mastercard, Plan épargne logement, Protection des moyens de paiement, Paiement sans contact;Non;22480
C3362;25;Étudiant;911;Compte courant, Carte de retrait, Compte sur livret, Banque en ligne;Non;1090
C3363;39;Fonctionnaire;3356;Compte joint, Carte premium, Plan épargne logement;Non;33660
C3364;21;Étudiant;647;Compte courant, Carte Jeune, Compte sur livret, Alerte SMS;Oui (Crédit étudiant);560
C3365;48;Sans emploi;1211;Compte courant, Carte de retrait, Compte sur livret;Non;1470
C3366;41;Entrepreneur local;2306;Compte pro, Carte pro, Compte à terme;Non;14620
C3367;45;Employé;3206;Compte, Carte premium, Assurance vie, Assurance santé, Banque en ligne;Non;11720
C3368;52;Fonctionnaire;2764;Compte joint, Carte bancaire, Plan épargne logement, Assurance habitation, Paiement sans contact;Non;29940
C3369;37;Employé;1862;Compte, Carte premium, LDDS, Assurance santé, Paiement sans contact;Oui (Crédit auto);3040
C3370;39;Employé;3641;Compte premium, Carte premium, LDDS, Protection des moyens de paiement;Non;14830
C3371;26;Étudiant;705;Compte, Carte de retrait, Livret A, Paiement sans contact;Oui (Crédit conso);420
C3372;42;Fonctionnaire;3123;Compte courant, Mastercard, Plan épargne logement, Assurance santé;Non;31910
C3373;73;Retraité;3105;Compte senior, Carte de retrait, Assurance vie, Assurance santé;Non;32140
C3374;38;Artisan;5055;Compte professionnel, Carte pro, Assurance vie;Non;19080
C3375;36;Entrepreneur local;6057;Compte, Visa Business, Assurance vie, Terminal de paiement;Oui (Crédit professionnel);34300
C3376;53;Employé;3217;Compte, Visa Classic, Plan épargne logement, Alerte SMS;Non;16440
C3377;48;Employé;2405;Compte courant, Carte premium, Livret A, Paiement sans contact;Oui (Crédit immo);12160
C3378;19;Étudiant;871;Compte d'épargne, Carte de retrait, Livret A, Alerte SMS;Non;710
C3379;35;Employé;3470;Compte, Mastercard, LDDS;Non;15310
C3380;62;Retraité;3171;Compte, Carte de retrait, Assurance vie, Protection des moyens de paiement;Non;9660
C3381;65;Entrepreneur local;7959;Compte, Visa Business, Compte sur livret, Banque en ligne;Oui (Crédit professionnel);31280
C3382;24;Étudiant;846;Compte, Carte Jeune, Alerte SMS, Banque en ligne;Non;730
C3383;45;Commerçant;3780;Compte professionnel, Mastercard Business, PEA;Non;29450
C3384;32;Sans emploi;1372;Compte, Carte de retrait, Compte sur livret, Alerte SMS;Oui (Crédit conso);1160
C3385;36;Employé;2608;Compte premium, Mastercard, Livret A;Non;15660
C3386;59;Artisan;3078;Compte, Carte pro, PEA, Terminal de paiement;Oui (Crédit véhicule);19450
C3387;44;Indépendant;5329;Compte courant, Carte pro, Compte à terme, Banque en ligne;Non;21530
C3388;83;Retraité;1924;Compte courant, Carte de retrait, Assurance vie, Protection des moyens de paiement;Non;11200
C3389;49;Employé;2940;Compte, Mastercard, Livret A, Protection des moyens de paiement;Non;11320
C3390;56;Employé;2241;Compte premium, Mastercard, LDDS;Non;9600
C3391;53;Artisan;2934;Compte pro, Carte pro, Compte à terme, Virement instantané;Non;17060
C3392;41;Fonctionnaire;3602;Compte joint, Visa Classic, Plan épargne logement, Assurance habitation;Non;7750
C3393;52;Sans emploi;814;Compte de base, Carte de retrait;Non;810
C3394;50;Entrepreneur local;3720;Compte courant, Mastercard Business, Assurance vie;Oui (Crédit professionnel);3580
C3395;52;Entrepreneur local;5940;Compte pro, Visa Business, Compte sur livret, Virement instantané;Oui (Crédit de trésorerie);13800
C3396;33;Employé;3338;Compte joint, Carte bancaire, Assurance vie, Assurance habitation;Oui (Crédit conso);12120
C3397;24;Étudiant;944;Compte, Carte bancaire, Compte sur livret;Non;1080
C3398;51;Entrepreneur local;3166;Compte courant, Carte pro, Compte à terme, Virement instantané;Non;17950
C3399;30;Fonctionnaire;2795;Compte joint, Mastercard, Assurance vie;Oui (Crédit immo);19790
C3400;37;Fonctionnaire;3074;Compte premium, Carte premium, LDDS, Protection des moyens de paiement;Oui (Crédit conso);25000
C3401;48;Fonctionnaire;4118;Compte courant, Carte premium, Livret A, Protection des moyens de paiement;Non;52510
C3402;24;Étudiant;787;Compte jeune, Carte de retrait, Compte sur livret, Alerte SMS;Non;880
C3403;32;Employé;2765;Compte premium, Carte bancaire, LDDS;Non;12210
C3404;48;Fonctionnaire;2976;Compte, Mastercard, Assurance vie;Non;22880
C3405;43;Employé;3298;Compte joint, Visa Classic, Livret A;Oui (Crédit conso + Crédit auto);17800
C3406;42;Fonctionnaire;3270;Compte, Carte bancaire, Assurance vie, Banque en ligne;Oui (Crédit immo);27670
C3407;24;Étudiant;717;Compte, Carte de retrait, Compte sur livret, Alerte SMS;Oui (Découvert autorisé);330
C3408;39;Employé;3517;Compte premium, Carte premium, LDDS, Paiement sans contact;Non;7150
C3409;33;Cadre;5046;Compte courant, Visa Gold, Plan épargne logement;Non;50710
C3410;41;Commerçant;5105;Compte, Carte pro, PEA, Virement instantané;Oui (Crédit professionnel);34290
C3411;34;Sans emploi;674;Compte courant, Carte bancaire, Livret A, Banque en ligne;Non;0
C3412;74;Retraité;2487;Compte courant, Carte bancaire, Compte sur livret;Oui (Crédit conso);32760
C3413;79;Retraité;2531;Compte, Carte senior, Compte sur livret, Assurance vie, Alerte SMS;Oui (Crédit conso);11510
C3414;32;Artisan;4313;Compte courant, Visa Business, Assurance vie, Terminal de paiement;Oui (Micro-crédit + Crédit professionnel);28230
C3415;33;Employé;3234;Compte, Visa Classic, Livret A;Oui (Crédit immo);5750
C3416;40;Cadre;5922;Compte joint, Carte premium, PEA, Assurance santé, Virement instantané;Oui (Crédit conso);62810
C3417;44;Employé;3095;Compte premium, Visa Classic, Assurance vie, Assurance habitation;Non;7310
C3418;33;Employé;2162;Compte, Mastercard, Assurance vie, Assurance habitation;Non;3350
C3419;49;Artisan;5039;Compte, Carte pro, Assurance vie, Banque en ligne;Non;10850
C3420;47;Artisan;5657;Compte professionnel, Carte pro, Compte sur livret, Virement instantané;Non;34690
C3421;42;Entrepreneur local;4205;Compte professionnel, Visa Business, Assurance vie, Terminal de paiement;Oui (Crédit professionnel);3700
C3422;24;Étudiant;661;Compte d'épargne, Carte bancaire, Livret A;Non;480
C3423;24;Employé;3616;Compte joint, Mastercard, Assurance vie, Protection des moyens de paiement;Oui (Crédit immo);8590
C3424;19;Étudiant;825;Compte jeune, Carte Jeune, Livret A, Alerte SMS, Paiement sans contact;Non;940
C3425;25;Employé;3132;Compte joint, Carte bancaire, Assurance vie, Protection des moyens de paiement;Non;8570
C3426;41;Fonctionnaire;3701;Compte premium, Carte premium, Plan épargne logement;Non;35660
C3427;48;Artisan;3475;Compte professionnel, Carte bancaire, PEA, Virement instantané;Oui (Crédit véhicule);23300
C3428;55;Employé;3069;Compte, Visa Classic, Assurance vie, Assurance santé;Non;10810
C3429;47;Employé;3369;Compte premium, Carte bancaire, Plan épargne logement;Non;6440
C3430;42;Employé;2714;Compte, Carte bancaire, Livret A;Non;10290
C3431;62;Entrepreneur local;5125;Compte pro, Visa Business, Compte à terme, Carte pro, Banque en ligne;Non;5990
C3432;65;Retraité;1772;Compte, Carte senior, Compte sur livret, Assurance santé;Oui (Crédit santé);15370
C3433;34;Entrepreneur local;2854;Compte pro, Visa Business, Assurance vie, Terminal de paiement;Oui (Micro-crédit);16010
C3434;37;Entrepreneur local;3903;Compte, Visa Business, Compte sur livret, Virement instantané;Oui (Crédit de trésorerie);16490
C3435;24;Étudiant;645;Compte d'épargne, Carte Jeune, Livret A;Oui (Crédit étudiant);520
C3436;24;Étudiant;1073;Compte jeune, Carte de retrait, Compte sur livret, Banque en ligne;Non;1670
C3437;35;Employé;2817;Compte premium, Carte premium, Assurance vie, Assurance santé;Non;13080
C3438;34;Cadre;6104;Compte courant, Visa Gold, Plan épargne logement, Alerte SMS;Non;86740
C3439;46;Artisan;3032;Compte professionnel, Visa Business, Compte sur livret, Virement instantané;Oui (Micro-crédit);11900
C3440;20;Étudiant;1028;Compte d'épargne, Carte bancaire, Livret A;Non;1800
C3441;28;Artisan;3690;Compte pro, Visa Business, Compte sur livret;Non;5040
C3442;38;Entrepreneur local;2181;Compte pro, Carte pro, Compte à terme, Banque en ligne;Non;11020
C3443;32;Employé;3302;Compte, Mastercard, Plan épargne logement;Oui (Crédit immo);4540
C3444;40;Employé;4138;Compte joint, Mastercard, Plan épargne logement;Non;9920
C3445;40;Employé;3536;Compte joint, Visa Classic, Assurance vie;Non;15610
C3446;79;Retraité;2749;Compte joint, Carte bancaire, Assurance vie, Alerte SMS;Non;46970
C3447;30;Entrepreneur local;6138;Compte, Mastercard Business, Compte sur livret, Banque en ligne;Non;38210
C3448;57;Commerçant;3726;Compte professionnel, Carte pro, PEA, Virement instantané, Banque en ligne;Non;31240
C3449;54;Entrepreneur local;5615;Compte courant, Carte pro, Compte sur livret, Banque en ligne;Non;16660
C3450;50;Employé;2852;Compte courant, Carte premium, Livret A, Assurance habitation;Oui (Crédit conso);8260
C3451;33;Employé;3695;Compte, Carte premium, LDDS, Assurance habitation, Alerte SMS;Non;15810
C3452;38;Cadre;5474;Compte premium, Mastercard Gold, Assurance vie;Oui (Crédit conso);41310
C3453;54;Cadre;5493;Compte premium, Carte premium, PEA;Non;36450
C3454;40;Employé;3377;Compte joint, Visa Classic, Livret A, Protection des moyens de paiement;Oui (Crédit immo);12550
C3455;52;Fonctionnaire;3310;Compte, Carte bancaire, Assurance vie;Non;30510
C3456;45;Fonctionnaire;3059;Compte courant, Visa Classic, Plan épargne logement, Protection des moyens de paiement;Non;38150
C3457;41;Fonctionnaire;3957;Compte courant, Carte bancaire, LDDS;Non;21860
C3458;50;Cadre;5851;Compte courant, Mastercard Gold, LDDS, Protection des moyens de paiement;Oui (Crédit conso);61820
C3459;31;Employé;1975;Compte courant, Carte premium, Plan épargne logement, Banque en ligne;Oui (Crédit conso);11160
C3460;35;Entrepreneur local;6238;Compte, Mastercard Business, Compte à terme;Non;19920
C3461;42;Sans emploi;568;Compte, Carte bancaire, Compte sur livret, Banque en ligne;Non;380
C3462;46;Entrepreneur local;5034;Compte, Visa Business, Compte à terme, Carte pro, Banque en ligne;Oui (Crédit professionnel);5520
C3463;73;Retraité;2083;Compte courant, Carte senior, Assurance vie;Oui (Crédit santé);28550
C3464;84;Retraité;3097;Compte courant, Carte bancaire, Livret A, Protection des moyens de paiement;Non;36780
C3465;47;Employé;3126;Compte courant, Visa Classic, LDDS;Non;12760
C3466;31;Artisan;3937;Compte pro, Carte pro, PEA, Banque en ligne;Non;16630
C3467;65;Entrepreneur local;4427;Compte pro, Mastercard Business, Compte sur livret, Banque en ligne, Virement instantané;Non;6330
C3468;84;Retraité;2005;Compte joint, Carte senior, LDDS, Assurance vie;Non;36070
C3469;32;Entrepreneur local;7638;Compte pro, Visa Business, PEA, Banque en ligne;Non;24580
C3470;49;Artisan;4489;Compte courant, Visa Business, Compte sur livret, Banque en ligne;Non;29170
C3471;68;Retraité;2280;Compte joint, Carte senior, Assurance vie;Non;33770
C3472;47;Employé;3843;Compte joint, Visa Classic, Plan épargne logement;Non;17400
C3473;82;Retraité;2236;Compte courant, Carte senior, Assurance vie;Non;25940
C3474;46;Employé;3777;Compte joint, Mastercard, Assurance vie;Oui (Crédit conso);16110
C3475;57;Employé;3569;Compte, Carte premium, Livret A;Oui (Crédit conso);12480
C3476;43;Fonctionnaire;1920;Compte, Mastercard, Assurance vie, Assurance habitation;Non;22870
C3477;60;Retraité;2121;Compte senior, Carte bancaire, LDDS, Protection des moyens de paiement;Non;22450
C3478;54;Commerçant;5614;Compte pro, Mastercard Business, Compte sur livret, Terminal de paiement, Banque en ligne;Non;35660
C3479;36;Employé;2722;Compte joint, Mastercard, Assurance vie, Banque en ligne;Oui (Crédit conso);10840
C3480;48;Commerçant;4946;Compte, Visa Business, Compte à terme;Non;32990
C3481;69;Retraité;1480;Compte, Carte bancaire, LDDS;Non;26550
C3482;26;Sans emploi;823;Compte courant, Carte bancaire, Livret A;Non;600
C3483;76;Retraité;1396;Compte joint, Carte de retrait, Assurance vie;Non;13230
C3484;25;Employé;3071;Compte joint, Visa Classic, LDDS;Oui (Crédit auto);13830
C3485;46;Cadre;5277;Compte, Carte bancaire, Plan épargne logement;Oui (Crédit conso);36960
C3486;22;Étudiant;619;Compte d'épargne, Carte bancaire, Livret A;Non;1170
C3487;47;Artisan;5272;Compte pro, Carte pro, Compte à terme;Oui (Crédit véhicule);11740
C3488;58;Employé;3350;Compte, Carte bancaire, Assurance vie, Protection des moyens de paiement;Oui (Crédit conso);19270
C3489;23;Étudiant;1047;Compte jeune, Carte bancaire, Compte sur livret, Banque en ligne;Non;750
C3490;43;Entrepreneur local;5380;Compte pro, Mastercard Business, Assurance vie, Banque en ligne;Oui (Crédit de trésorerie);23200
C3491;75;Retraité;1855;Compte, Carte bancaire, Compte sur livret, Protection des moyens de paiement, Banque en ligne;Non;21030
C3492;82;Retraité;1799;Compte courant, Carte senior, LDDS, Assurance vie;Non;14100
C3493;40;Employé;3463;Compte premium, Carte bancaire, Plan épargne logement;Non;22560
C3494;40;Indépendant;4723;Compte, Visa Business, Compte à terme, Terminal de paiement, Virement instantané;Oui (Crédit conso + Crédit professionnel);25220
C3495;35;Employé;3377;Compte premium, Carte bancaire, Assurance vie, Protection des moyens de paiement, Alerte SMS;Non;11580
C3496;21;Étudiant;521;Compte courant, Carte bancaire, Livret A, Paiement sans contact;Non;0
C3497;41;Employé;3140;Compte, Mastercard, Plan épargne logement;Non;13540
C3498;20;Étudiant;829;Compte jeune, Carte bancaire, Compte sur livret;Non;2050
C3499;48;Fonctionnaire;4064;Compte, Carte premium, Livret A, Alerte SMS;Non;41170
C3500;51;Fonctionnaire;3322;Compte courant, Visa Classic, Plan épargne logement, Protection des moyens de paiement, Banque en ligne;Non;42090
C3501;47;Employé;2155;Compte premium, Mastercard, Assurance vie, Assurance santé;Non;7380
C3502;29;Entrepreneur local;4611;Compte pro, Visa Business, Compte à terme, Virement instantané, Terminal de paiement;Oui (Crédit professionnel);17920
C3503;22;Étudiant;451;Compte jeune, Carte bancaire, Banque en ligne;Oui (Crédit étudiant);600
C3504;39;Fonctionnaire;4192;Compte premium, Carte premium, Plan épargne logement, Banque en ligne;Oui (Crédit auto);32580
C3505;36;Artisan;4947;Compte, Carte bancaire, Compte à terme, Terminal de paiement;Oui (Crédit professionnel + Crédit véhicule);13660
C3506;44;Entrepreneur local;7023;Compte pro, Visa Business, Assurance vie;Non;50750
C3507;55;Entrepreneur local;4600;Compte professionnel, Visa Business, PEA, Virement instantané;Oui (Micro-crédit);28650
C3508;51;Cadre;3854;Compte, Carte premium, Plan épargne logement, Protection des moyens de paiement;Non;54480
C3509;39;Entrepreneur local;3864;Compte courant, Visa Business, Compte à terme, Carte pro, Banque en ligne;Oui (Micro-crédit);23000
C3510;46;Employé;2557;Compte premium, Visa Classic, Assurance vie, Paiement sans contact;Non;17400
C3511;44;Fonctionnaire;3835;Compte, Mastercard, Assurance vie;Non;42050
C3512;33;Employé;3194;Compte premium, Visa Classic, Plan épargne logement;Non;14120
C3513;33;Indépendant;5352;Compte professionnel, Visa Business, Compte à terme;Non;44200
C3514;41;Fonctionnaire;3040;Compte premium, Carte bancaire, LDDS, Alerte SMS;Oui (Crédit conso);25030
C3515;35;Employé;3349;Compte, Carte premium, Assurance vie;Oui (Crédit auto);14270
C3516;34;Employé;1377;Compte joint, Visa Classic;Oui (Crédit immo);7450
C3517;43;Fonctionnaire;3801;Compte, Visa Classic, LDDS, Assurance santé;Oui (Crédit immo);11040
C3518;45;Entrepreneur local;2183;Compte pro, Mastercard Business, Compte sur livret, Terminal de paiement;Non;14710
C3519;33;Employé;3182;Compte courant, Carte bancaire, Assurance vie;Non;12000
C3520;61;Cadre;6573;Compte courant, Carte bancaire, Assurance vie;Non;77900
C3521;49;Fonctionnaire;3633;Compte premium, Visa Classic, Assurance vie, Protection des moyens de paiement;Non;26060
C3522;44;Entrepreneur local;7587;Compte, Mastercard Business, Compte à terme, Virement instantané;Non;40510
C3523;25;Étudiant;782;Compte, Carte de retrait, Compte sur livret, Paiement sans contact;Non;150
C3524;50;Employé;2241;Compte premium, Carte bancaire, LDDS, Protection des moyens de paiement;Oui (Crédit immo);8580
C3525;39;Employé;2660;Compte, Visa Classic, Assurance vie;Non;6600
C3526;47;Employé;3118;Compte courant, Carte bancaire, Assurance vie;Oui (Crédit conso);20330
C3527;32;Employé;2216;Compte joint, Mastercard, Plan épargne logement, Assurance habitation;Non;4610
C3528;79;Retraité;2427;Compte courant, Carte bancaire, LDDS, Protection des moyens de paiement;Oui (Crédit conso);36780
C3529;22;Étudiant;922;Compte d'épargne, Carte Jeune;Oui (Crédit étudiant);1040
C3530;18;Étudiant;852;Compte d'épargne, Carte bancaire, Livret A;Oui (Crédit étudiant);820
C3531;53;Sans emploi;1049;Compte, Carte bancaire, Livret A;Oui (Crédit conso);1630
C3532;26;Étudiant;660;Compte d'épargne, Carte bancaire, Compte sur livret, Banque en ligne;Non;150
C3533;81;Retraité;1727;Compte courant, Carte bancaire, Compte sur livret, Protection des moyens de paiement;Non;14620
C3534;38;Employé;3518;Compte courant, Carte premium, LDDS, Assurance habitation;Oui (Crédit conso);5020
C3535;54;Entrepreneur local;2387;Compte courant, Mastercard Business, Compte sur livret;Non;11960
C3536;48;Fonctionnaire;3036;Compte joint, Mastercard, Assurance vie;Non;27340
C3537;53;Artisan;3259;Compte professionnel, Visa Business, Compte à terme;Non;29450
C3538;27;Fonctionnaire;3614;Compte courant, Carte premium, Plan épargne logement, Assurance habitation;Non;31140
C3539;49;Employé;2344;Compte, Mastercard, LDDS, Assurance santé;Non;1780
C3540;54;Employé;2925;Compte premium, Mastercard, Livret A, Banque en ligne;Oui (Crédit conso);9450
C3541;25;Étudiant;564;Compte jeune, Carte Jeune, Compte sur livret, Banque en ligne;Non;1260
C3542;52;Sans emploi;924;Compte de base, Carte bancaire, Livret A;Non;1050
C3543;20;Étudiant;696;Compte jeune, Carte Jeune, Compte sur livret;Oui (Crédit conso);1150
C3544;22;Étudiant;856;Compte courant, Carte de retrait, Livret A;Non;1520
C3545;62;Artisan;5510;Compte courant, Carte bancaire, PEA, Carte pro;Oui (Crédit professionnel);5400
C3546;38;Employé;3221;Compte, Mastercard, LDDS, Protection des moyens de paiement;Oui (Crédit immo);11450
C3547;66;Retraité;2269;Compte courant, Carte senior, LDDS, Assurance vie;Non;33620
C3548;41;Sans emploi;893;Compte de base, Carte bancaire, Compte sur livret, Paiement sans contact;Non;940
C3549;28;Fonctionnaire;3022;Compte premium, Carte bancaire, Livret A, Assurance habitation;Non;38730
C3550;44;Fonctionnaire;2919;Compte premium, Carte premium, LDDS, Protection des moyens de paiement;Oui (Crédit conso);24660
C3551;55;Employé;3157;Compte courant, Visa Classic, Assurance vie, Assurance habitation;Non;23520
C3552;46;Fonctionnaire;4351;Compte joint, Visa Classic, Livret A, Protection des moyens de paiement;Non;32840
C3553;49;Sans emploi;730;Compte de base, Carte de retrait, Livret A, Banque en ligne;Non;450
C3554;36;Employé;3024;Compte premium, Carte premium, LDDS, Assurance habitation;Non;15880
C3555;22;Étudiant;705;Compte d'épargne, Carte de retrait, Livret A;Oui (Découvert autorisé);490
C3556;38;Employé;2454;Compte joint, Carte bancaire, LDDS;Oui (Crédit conso + Crédit auto);9780
C3557;41;Employé;2232;Compte courant, Carte bancaire, LDDS, Assurance habitation, Paiement sans contact;Oui (Crédit conso);12370
C3558;38;Employé;2524;Compte joint, Mastercard, Plan épargne logement, Protection des moyens de paiement, Banque en ligne;Oui (Crédit auto);7760
C3559;40;Fonctionnaire;4036;Compte, Carte premium, Livret A, Banque en ligne;Non;24880
C3560;30;Sans emploi;929;Compte de base, Carte bancaire, Compte sur livret, Banque en ligne;Non;1350
C3561;41;Employé;1795;Compte joint, Carte premium, Livret A, Protection des moyens de paiement;Non;5120
C3562;45;Entrepreneur local;6603;Compte pro, Mastercard Business, Assurance vie;Oui (Crédit de trésorerie);22300
C3563;50;Cadre;5717;Compte, Visa Gold, LDDS, Assurance santé;Non;76790
C3564;30;Employé;2515;Compte, Carte bancaire, Plan épargne logement;Oui (Crédit immo);10910
C3565;48;Artisan;5110;Compte pro, Carte bancaire, Compte à terme, Carte pro;Non;15770
C3566;35;Entrepreneur local;5200;Compte, Visa Business, Compte à terme, Carte pro;Non;11960
C3567;40;Entrepreneur local;5701;Compte, Mastercard Business, Assurance vie, Virement instantané, Banque en ligne;Non;8940
C3568;48;Employé;3151;Compte joint, Mastercard, LDDS;Non;7820
C3569;36;Employé;2897;Compte courant, Carte premium, LDDS, Banque en ligne;Oui (Crédit auto);11530
C3570;41;Employé;3265;Compte, Carte bancaire, Livret A, Assurance habitation;Oui (Crédit immo);7620
C3571;54;Commerçant;5174;Compte pro, Carte pro, Assurance vie, Banque en ligne;Non;13620
C3572;43;Fonctionnaire;2779;Compte joint, Carte premium, Plan épargne logement, Assurance santé;Oui (Crédit conso);17070
C3573;31;Commerçant;4692;Compte courant, Carte pro, Assurance vie, Virement instantané;Non;18680
C3574;44;Fonctionnaire;4166;Compte joint, Visa Classic, LDDS, Assurance habitation;Non;31190
C3575;84;Retraité;2702;Compte joint, Carte de retrait, Compte sur livret, Assurance santé, Banque en ligne;Non;37570
C3576;55;Fonctionnaire;3223;Compte premium, Carte premium, LDDS;Non;20370
C3577;45;Sans emploi;1098;Compte, Carte de retrait, Compte sur livret, Paiement sans contact;Oui (Micro-crédit);430
C3578;42;Employé;3265;Compte joint, Carte bancaire, Assurance vie, Banque en ligne;Oui (Crédit immo);8230
C3579;76;Retraité;2243;Compte, Carte senior, Compte sur livret, Banque en ligne;Non;25950
C3580;63;Retraité;2073;Compte senior, Carte de retrait, LDDS, Assurance vie, Banque en ligne;Oui (Crédit auto);20760
C3581;33;Employé;3861;Compte premium, Mastercard, Livret A;Non;11180
C3582;19;Étudiant;821;Compte courant, Carte Jeune, Compte sur livret, Banque en ligne;Oui (Crédit conso);920
C3583;50;Entrepreneur local;6056;Compte professionnel, Visa Business, Compte à terme;Non;7030
C3584;35;Sans emploi;1099;Compte, Carte de retrait, Livret A, Banque en ligne;Non;510
C3585;43;Employé;3292;Compte, Carte bancaire, Assurance vie, Protection des moyens de paiement, Paiement sans contact;Non;13910
C3586;44;Employé;3496;Compte premium, Carte premium, Assurance vie;Oui (Crédit conso);12800
C3587;51;Employé;1853;Compte courant, Mastercard, Livret A, Paiement sans contact;Non;3380
C3588;51;Sans emploi;769;Compte courant, Carte de retrait, Compte sur livret, Paiement sans contact;Non;360
C3589;50;Employé;2939;Compte premium, Visa Classic, Plan épargne logement, Assurance santé;Oui (Crédit auto);9680
C3590;40;Employé;3072;Compte joint, Carte bancaire, Plan épargne logement;Non;21800
C3591;36;Entrepreneur local;5022;Compte courant, Carte pro, Compte sur livret, Terminal de paiement;Non;23710
C3592;49;Employé;2459;Compte joint, Visa Classic, Assurance vie, Assurance habitation;Non;5930
C3593;38;Sans emploi;816;Compte, Carte de retrait, Compte sur livret;Non;0
C3594;22;Étudiant;548;Compte d'épargne, Carte bancaire, Compte sur livret, Alerte SMS, Paiement sans contact;Non;610
C3595;50;Employé;3226;Compte premium, Carte premium, Livret A;Oui (Crédit immo);14640
C3596;44;Employé;2911;Compte courant, Carte premium, Assurance vie;Non;17930
C3597;79;Retraité;1572;Compte courant, Carte de retrait, Compte sur livret;Oui (Crédit auto);10030
C3598;84;Retraité;2082;Compte courant, Carte de retrait, Livret A, Protection des moyens de paiement;Non;26290
C3599;39;Fonctionnaire;4613;Compte, Mastercard, Plan épargne logement, Banque en ligne;Oui (Crédit conso);47620
C3600;47;Entrepreneur local;2559;Compte professionnel, Carte pro, Assurance vie, Terminal de paiement;Non;16140
C3601;32;Entrepreneur local;7463;Compte professionnel, Visa Business, PEA, Terminal de paiement;Non;56650
C3602;20;Étudiant;761;Compte jeune, Carte bancaire, Paiement sans contact;Oui (Crédit conso);470
C3603;33;Employé;2453;Compte joint, Mastercard, LDDS, Assurance santé;Non;4450
C3604;37;Fonctionnaire;3141;Compte, Carte premium, Plan épargne logement, Assurance habitation;Non;38280
C3605;31;Employé;3593;Compte courant, Visa Classic, Assurance vie;Oui (Crédit conso);7840
C3606;29;Fonctionnaire;3264;Compte joint, Carte premium, Assurance vie, Assurance habitation;Non;25100
C3607;60;Employé;3777;Compte joint, Carte premium, Plan épargne logement;Oui (Crédit auto);14940
C3608;33;Cadre;4534;Compte, Mastercard Gold, LDDS;Oui (Crédit auto);21130
C3609;33;Employé;2765;Compte, Mastercard, Assurance vie, Banque en ligne;Non;13700
C3610;50;Fonctionnaire;4804;Compte joint, Visa Classic, Assurance vie, Assurance santé;Oui (Crédit conso);51440
C3611;53;Fonctionnaire;2306;Compte, Carte bancaire, Livret A, Assurance santé;Non;28190
C3612;37;Employé;3202;Compte, Mastercard, LDDS, Assurance santé;Oui (Crédit auto);11080
C3613;78;Retraité;2171;Compte courant, Carte de retrait, Assurance vie;Non;18840
C3614;43;Fonctionnaire;2288;Compte premium, Carte premium, LDDS;Non;27780
C3615;23;Étudiant;875;Compte d'épargne, Carte Jeune, Compte sur livret, Alerte SMS;Oui (Découvert autorisé);0
C3616;41;Entrepreneur local;4710;Compte courant, Visa Business, Compte sur livret, Terminal de paiement;Non;22010
C3617;85;Retraité;2427;Compte courant, Carte bancaire, Assurance vie, Assurance santé, Alerte SMS;Non;19150
C3618;19;Étudiant;460;Compte d'épargne, Carte Jeune, Livret A, Banque en ligne;Non;190
C3619;51;Fonctionnaire;4712;Compte courant, Carte premium, LDDS, Protection des moyens de paiement;Oui (Crédit immo);46000
C3620;33;Commerçant;1875;Compte professionnel, Visa Business, Assurance vie, Virement instantané;Non;3330
C3621;31;Employé;3329;Compte premium, Visa Classic, LDDS, Assurance habitation;Oui (Crédit auto);14200
C3622;43;Fonctionnaire;3852;Compte courant, Mastercard, Livret A;Oui (Crédit immo);25370
C3623;83;Retraité;2350;Compte joint, Carte senior, LDDS;Non;17720
C3624;21;Étudiant;778;Compte courant, Carte de retrait, Livret A;Oui (Crédit conso);230
C3625;31;Employé;4126;Compte courant, Carte premium, LDDS, Protection des moyens de paiement, Alerte SMS;Non;24000
C3626;43;Sans emploi;1019;Compte, Carte de retrait, Livret A, Alerte SMS;Non;800
C3627;57;Employé;4002;Compte courant, Carte bancaire, Assurance vie, Assurance habitation, Paiement sans contact;Non;30510
C3628;40;Employé;1693;Compte joint, Carte bancaire;Non;6000
C3629;37;Employé;2250;Compte courant, Mastercard, Plan épargne logement, Assurance habitation;Non;13250
C3630;78;Retraité;2364;Compte senior, Carte bancaire, Assurance vie;Non;16850
C3631;40;Sans emploi;664;Compte courant, Carte de retrait, Compte sur livret;Non;480
C3632;49;Fonctionnaire;3658;Compte premium, Mastercard, Assurance vie, Paiement sans contact;Oui (Crédit immo);43950
C3633;52;Employé;2153;Compte, Carte bancaire, Plan épargne logement, Alerte SMS;Oui (Crédit immo);8910
C3634;48;Employé;2789;Compte premium, Mastercard, Livret A, Assurance habitation;Non;19310
C3635;37;Employé;3070;Compte courant, Visa Classic, Livret A;Non;7700
C3636;50;Sans emploi;974;Compte de base, Carte de retrait, Livret A;Non;690
C3637;59;Sans emploi;691;Compte courant, Carte bancaire;Non;1100
C3638;50;Cadre;5797;Compte joint, Mastercard Gold, Assurance vie;Oui (Crédit immo);35140
C3639;23;Sans emploi;811;Compte de base, Carte de retrait, Compte sur livret;Non;450
C3640;54;Sans emploi;1119;Compte, Carte bancaire, Livret A;Non;580
C3641;70;Retraité;2322;Compte courant, Carte de retrait, Compte sur livret, Assurance santé;Non;16450
C3642;36;Indépendant;5745;Compte courant, Carte bancaire, PEA, Banque en ligne;Non;43400
C3643;32;Employé;2826;Compte courant, Carte bancaire, Livret A, Banque en ligne;Non;15240
C3644;32;Fonctionnaire;3087;Compte premium, Carte bancaire, Assurance vie, Paiement sans contact;Non;25960
C3645;42;Employé;1633;Compte, Carte premium, LDDS;Oui (Crédit immo + Crédit auto);8060
C3646;38;Cadre;3650;Compte premium, Carte premium, PEA, Assurance santé, Banque en ligne;Non;16320
C3647;25;Étudiant;846;Compte, Carte bancaire, Livret A, Paiement sans contact;Oui (Crédit étudiant);730
C3648;25;Employé;2857;Compte joint, Carte bancaire, Assurance vie;Non;5690
C3649;41;Employé;2124;Compte premium, Carte premium, LDDS, Assurance habitation;Non;5070
C3650;33;Commerçant;2807;Compte pro, Mastercard Business, Compte sur livret, Terminal de paiement;Non;13690
C3651;19;Étudiant;962;Compte courant, Carte de retrait, Compte sur livret, Alerte SMS;Non;500
C3652;45;Entrepreneur local;3017;Compte, Mastercard Business, Compte à terme, Virement instantané;Oui (Crédit professionnel);2690
C3653;83;Retraité;2495;Compte joint, Carte de retrait, Compte sur livret;Non;19530
C3654;23;Étudiant;1025;Compte jeune, Carte Jeune, Livret A;Non;0
C3655;44;Fonctionnaire;3487;Compte joint, Carte bancaire, LDDS;Oui (Crédit conso);28040
C3656;74;Retraité;2618;Compte, Carte senior, Compte sur livret;Non;21600
C3657;45;Employé;3591;Compte courant, Carte premium, Plan épargne logement;Oui (Crédit conso);18340
C3658;46;Artisan;5332;Compte pro, Visa Business, Assurance vie;Oui (Micro-crédit);33160
C3659;46;Employé;2966;Compte courant, Carte premium, Livret A, Assurance habitation;Non;18800
C3660;28;Employé;3159;Compte courant, Carte bancaire, Plan épargne logement, Banque en ligne;Oui (Crédit conso + Crédit auto);13830
C3661;39;Fonctionnaire;4111;Compte courant, Carte bancaire, LDDS;Non;41730
C3662;38;Sans emploi;1121;Compte de base, Carte bancaire, Banque en ligne;Non;0
C3663;44;Employé;3185;Compte courant, Carte premium, Plan épargne logement, Assurance santé, Paiement sans contact;Non;13040
C3664;36;Artisan;5062;Compte professionnel, Carte pro, PEA, Banque en ligne;Non;35910
C3665;26;Employé;3222;Compte joint, Carte bancaire, Livret A, Paiement sans contact;Non;15810
C3666;44;Employé;3126;Compte, Mastercard, Assurance vie;Non;11270
C3667;23;Étudiant;656;Compte, Carte Jeune, Compte sur livret, Banque en ligne;Oui (Crédit étudiant);680
C3668;61;Retraité;2032;Compte, Carte de retrait, Compte sur livret;Oui (Crédit conso);17530
C3669;79;Retraité;1104;Compte joint, Carte senior, Livret A;Oui (Crédit conso);9750
C3670;26;Employé;3311;Compte, Mastercard, Plan épargne logement, Assurance habitation;Non;7630
C3671;39;Fonctionnaire;4473;Compte courant, Mastercard, LDDS;Non;54300
C3672;34;Cadre;5416;Compte courant, Carte bancaire, Assurance vie;Oui (Crédit auto);39720
C3673;21;Étudiant;640;Compte d'épargne, Carte bancaire, Livret A;Non;390
C3674;25;Étudiant;442;Compte courant, Carte Jeune, Livret A;Non;50
C3675;51;Employé;3571;Compte, Carte premium, Assurance vie, Assurance santé;Non;16680
C3676;43;Entrepreneur local;4609;Compte, Visa Business, Compte à terme;Non;35690
C3677;39;Sans emploi;981;Compte, Carte bancaire, Compte sur livret, Banque en ligne, Alerte SMS;Non;1220
C3678;38;Cadre;5291;Compte premium, Mastercard Gold, PEA, Assurance santé;Non;76980
C3679;43;Sans emploi;844;Compte courant, Carte bancaire;Non;1160
C3680;40;Entrepreneur local;3926;Compte, Mastercard Business, Assurance vie, Banque en ligne;Non;27040
C3681;35;Employé;3389;Compte premium, Visa Classic, Livret A;Non;15180
C3682;38;Entrepreneur local;6426;Compte courant, Visa Business, Compte sur livret, Virement instantané;Non;20200
C3683;60;Retraité;1579;Compte courant, Carte de retrait, Compte sur livret, Assurance santé;Non;21020
C3684;36;Sans emploi;1077;Compte, Carte de retrait, Compte sur livret;Non;1420
C3685;30;Employé;2759;Compte joint, Carte premium, LDDS, Alerte SMS;Non;16650
C3686;31;Employé;3103;Compte joint, Mastercard, Livret A;Non;10920
C3687;44;Employé;3760;Compte courant, Visa Classic, Plan épargne logement;Non;18160
C3688;19;Étudiant;639;Compte d'épargne, Carte Jeune, Compte sur livret;Non;400
C3689;55;Artisan;3677;Compte, Carte bancaire, Compte sur livret, Terminal de paiement;Non;23850
C3690;60;Retraité;1369;Compte courant, Carte bancaire, Assurance vie, Protection des moyens de paiement;Oui (Crédit santé);13170
C3691;80;Retraité;2419;Compte, Carte de retrait, LDDS, Protection des moyens de paiement;Non;26310
C3692;40;Artisan;5355;Compte pro, Carte pro, Compte à terme, Banque en ligne;Oui (Crédit professionnel);32750
C3693;44;Entrepreneur local;5216;Compte pro, Mastercard Business, PEA;Oui (Micro-crédit + Crédit de trésorerie);20600
C3694;38;Entrepreneur local;4969;Compte, Visa Business, Compte sur livret;Oui (Crédit professionnel);12120
C3695;38;Employé;1902;Compte joint, Visa Classic, Assurance vie, Protection des moyens de paiement, Alerte SMS;Oui (Crédit immo);8400
C3696;41;Fonctionnaire;2382;Compte premium, Carte premium, Plan épargne logement;Non;21500
C3697;51;Employé;1882;Compte courant, Mastercard, LDDS;Non;12500
C3698;39;Sans emploi;677;Compte de base, Carte bancaire, Compte sur livret, Banque en ligne;Non;440
C3699;37;Fonctionnaire;2603;Compte, Visa Classic, LDDS, Assurance santé;Oui (Crédit auto);20960
C3700;42;Entrepreneur local;5701;Compte courant, Visa Business, Assurance vie, Terminal de paiement;Non;41010
C3701;24;Étudiant;793;Compte jeune, Carte de retrait, Compte sur livret, Alerte SMS;Non;1010
C3702;52;Sans emploi;776;Compte courant, Carte bancaire;Oui (Micro-crédit);740
C3703;49;Commerçant;6352;Compte courant, Visa Business, Assurance vie, Virement instantané;Oui (Crédit de trésorerie);35850
C3704;45;Employé;3715;Compte, Mastercard, LDDS, Protection des moyens de paiement;Non;11650
C3705;42;Employé;3303;Compte courant, Mastercard, LDDS, Paiement sans contact;Non;21090
C3706;50;Fonctionnaire;3537;Compte joint, Carte premium, Livret A;Oui (Crédit conso);17300
C3707;38;Artisan;4536;Compte professionnel, Carte bancaire, Compte sur livret, Banque en ligne;Non;16330
C3708;42;Fonctionnaire;3187;Compte joint, Visa Classic, Plan épargne logement, Assurance santé;Non;19210
C3709;75;Retraité;1658;Compte courant, Carte bancaire, Livret A, Assurance vie;Non;21940
C3710;41;Entrepreneur local;6129;Compte courant, Visa Business, PEA, Carte pro;Oui (Crédit de trésorerie);16400
C3711;62;Entrepreneur local;5940;Compte courant, Visa Business, PEA, Banque en ligne, Terminal de paiement;Oui (Crédit professionnel);26970
C3712;74;Retraité;2236;Compte senior, Carte de retrait, Compte sur livret;Non;9640
C3713;52;Indépendant;3613;Compte pro, Carte bancaire, Compte à terme, Terminal de paiement;Non;33380
C3714;57;Fonctionnaire;3196;Compte courant, Carte bancaire, Assurance vie, Assurance habitation;Oui (Crédit immo);36240
C3715;29;Entrepreneur local;5257;Compte pro, Carte pro, PEA;Non;19250
C3716;38;Employé;2591;Compte joint, Visa Classic, LDDS, Banque en ligne;Oui (Crédit auto);6140
C3717;49;Cadre;5491;Compte, Mastercard Gold, Plan épargne logement, Protection des moyens de paiement;Non;68850
C3718;39;Entrepreneur local;6258;Compte professionnel, Visa Business, Assurance vie, Virement instantané;Non;49240
C3719;35;Fonctionnaire;3114;Compte courant, Carte premium, LDDS, Assurance santé;Non;28990
C3720;58;Fonctionnaire;3125;Compte, Carte bancaire, LDDS;Oui (Crédit conso);30610
C3721;43;Fonctionnaire;3701;Compte, Mastercard, Assurance vie, Protection des moyens de paiement;Non;38360
C3722;25;Étudiant;644;Compte, Carte Jeune, Compte sur livret, Paiement sans contact;Oui (Crédit étudiant);650
C3723;56;Entrepreneur local;3209;Compte pro, Mastercard Business, Assurance vie, Carte pro, Virement instantané;Non;22020
C3724;48;Cadre;5248;Compte courant, Carte bancaire, Livret A, Assurance habitation;Non;85660
C3725;67;Retraité;1233;Compte, Carte bancaire, Protection des moyens de paiement;Non;12490
C3726;24;Étudiant;897;Compte jeune, Carte Jeune, Compte sur livret, Banque en ligne;Oui (Crédit conso);1120
C3727;42;Cadre;5812;Compte premium, Carte premium, PEA;Non;63740
C3728;60;Fonctionnaire;3679;Compte, Visa Classic, Livret A;Non;47800
C3729;60;Retraité;2734;Compte senior, Carte de retrait, LDDS, Protection des moyens de paiement;Non;43120
C3730;43;Indépendant;4674;Compte pro, Visa Business, PEA, Terminal de paiement;Oui (Micro-crédit);35690
C3731;35;Employé;3156;Compte, Carte bancaire, Assurance vie, Protection des moyens de paiement;Oui (Crédit auto + Crédit immo);15360
C3732;33;Employé;3473;Compte courant, Mastercard, Livret A;Non;16680
C3733;22;Étudiant;778;Compte, Carte bancaire, Alerte SMS;Non;530
C3734;21;Étudiant;894;Compte, Carte Jeune, Livret A, Paiement sans contact, Banque en ligne;Non;640
C3735;82;Retraité;1974;Compte joint, Carte senior, Compte sur livret, Protection des moyens de paiement;Non;18010
C3736;62;Entrepreneur local;5552;Compte professionnel, Mastercard Business, Compte à terme, Carte pro, Banque en ligne;Non;34350
C3737;64;Retraité;1875;Compte senior, Carte senior, Assurance vie;Non;21370
C3738;26;Employé;2896;Compte joint, Carte premium, Assurance vie, Banque en ligne;Oui (Crédit auto);10590
C3739;77;Retraité;1375;Compte, Carte de retrait, Livret A, Banque en ligne;Non;18630
C3740;67;Retraité;2370;Compte, Carte senior, Livret A, Assurance vie;Non;22350
C3741;32;Fonctionnaire;4170;Compte courant, Visa Classic, Livret A, Protection des moyens de paiement;Non;40340
C3742;37;Employé;2484;Compte courant, Mastercard, Plan épargne logement, Assurance santé, Banque en ligne;Non;12620
C3743;46;Sans emploi;1036;Compte courant, Carte de retrait, Livret A;Non;430
C3744;40;Employé;2859;Compte courant, Visa Classic, Livret A;Oui (Crédit conso);16200
C3745;44;Employé;3573;Compte premium, Mastercard, Livret A, Assurance habitation, Banque en ligne;Oui (Crédit conso);9600
C3746;29;Sans emploi;880;Compte courant, Carte bancaire, Compte sur livret;Non;450
C3747;60;Sans emploi;729;Compte, Carte bancaire, Compte sur livret, Paiement sans contact;Non;130
C3748;45;Sans emploi;807;Compte de base, Carte de retrait, Compte sur livret, Paiement sans contact;Non;380
C3749;39;Entrepreneur local;3671;Compte courant, Carte pro, PEA, Terminal de paiement;Non;9520
C3750;26;Étudiant;793;Compte, Carte de retrait, Livret A, Alerte SMS;Non;960
C3751;34;Fonctionnaire;3346;Compte courant, Visa Classic, LDDS, Assurance santé, Paiement sans contact;Oui (Crédit auto);23540
C3752;31;Sans emploi;919;Compte, Carte de retrait, Compte sur livret;Non;1140
C3753;35;Employé;1729;Compte premium, Carte bancaire, Assurance santé;Non;9590
C3754;45;Employé;2431;Compte, Visa Classic, Livret A, Assurance habitation;Oui (Crédit auto);7460
C3755;29;Employé;2483;Compte, Mastercard, LDDS;Non;17550
C3756;23;Étudiant;723;Compte d'épargne, Carte bancaire, Compte sur livret;Non;800
C3757;38;Employé;3128;Compte joint, Carte bancaire, Assurance vie, Assurance santé;Non;17750
C3758;72;Retraité;2046;Compte joint, Carte bancaire, LDDS;Non;21230
C3759;47;Cadre;4972;Compte courant, Visa Gold, Livret A, Assurance santé;Oui (Crédit conso);68510
C3760;33;Fonctionnaire;4551;Compte courant, Visa Classic, LDDS, Protection des moyens de paiement, Alerte SMS;Non;27320
C3761;51;Employé;4020;Compte premium, Carte premium, Assurance vie;Non;17610
C3762;34;Entrepreneur local;8682;Compte professionnel, Carte pro, Compte sur livret, Banque en ligne;Non;15780
C3763;31;Employé;3225;Compte premium, Carte bancaire, Assurance vie, Assurance santé;Non;17270
C3764;47;Employé;3040;Compte premium, Visa Classic, Assurance vie;Non;11470
C3765;23;Étudiant;691;Compte courant, Carte Jeune;Non;520
C3766;20;Étudiant;749;Compte, Carte Jeune, Livret A, Banque en ligne;Oui (Découvert autorisé);0
C3767;46;Employé;3507;Compte, Carte bancaire, Livret A, Protection des moyens de paiement, Alerte SMS;Non;18670
C3768;36;Sans emploi;875;Compte courant, Carte bancaire;Non;370
C3769;34;Sans emploi;974;Compte de base, Carte de retrait, Compte sur livret;Oui (Découvert autorisé);1090
C3770;46;Employé;3199;Compte, Carte premium, Livret A;Oui (Crédit conso);5110
C3771;43;Employé;2678;Compte, Mastercard, Plan épargne logement, Assurance santé;Oui (Crédit auto + Crédit conso);5460
C3772;43;Employé;2719;Compte courant, Mastercard, Assurance vie, Protection des moyens de paiement;Non;7460
C3773;32;Artisan;4040;Compte professionnel, Carte bancaire, PEA, Virement instantané;Non;27500
C3774;36;Employé;2987;Compte, Mastercard, Plan épargne logement, Protection des moyens de paiement;Oui (Crédit auto + Crédit conso);10930
C3775;32;Employé;1889;Compte, Mastercard, Plan épargne logement, Assurance santé;Non;6000
C3776;27;Employé;3098;Compte, Mastercard, LDDS, Paiement sans contact;Non;2110
C3777;28;Fonctionnaire;4300;Compte, Mastercard, Assurance vie, Assurance santé, Alerte SMS;Non;26620
C3778;31;Artisan;5469;Compte pro, Carte pro, PEA;Oui (Micro-crédit);39770
C3779;35;Employé;2325;Compte, Carte premium, Plan épargne logement;Non;14730
C3780;37;Employé;2857;Compte courant, Mastercard, LDDS, Assurance habitation;Oui (Crédit conso);7650
C3781;29;Fonctionnaire;3402;Compte joint, Mastercard, Assurance vie;Oui (Crédit immo);29540
C3782;40;Entrepreneur local;5590;Compte courant, Mastercard Business, PEA;Oui (Micro-crédit);32000
C3783;63;Retraité;1450;Compte, Carte de retrait, Assurance vie;Non;13780
C3784;34;Commerçant;4382;Compte, Visa Business, Assurance vie, Banque en ligne;Oui (Micro-crédit);22370
C3785;30;Employé;3953;Compte joint, Mastercard, LDDS;Oui (Crédit auto);17120
C3786;61;Retraité;1520;Compte senior, Carte de retrait, LDDS;Non;5520
C3787;43;Entrepreneur local;2749;Compte courant, Mastercard Business, Compte à terme, Carte pro;Non;4300
C3788;35;Fonctionnaire;3418;Compte joint, Carte premium, Livret A, Assurance habitation;Oui (Crédit conso);30900
C3789;36;Fonctionnaire;3394;Compte joint, Mastercard, Plan épargne logement, Protection des moyens de paiement;Oui (Crédit auto);34400
C3790;31;Artisan;4361;Compte professionnel, Carte bancaire, Assurance vie;Non;23580
C3791;19;Étudiant;928;Compte courant, Carte Jeune, Livret A, Paiement sans contact;Non;380
C3792;50;Cadre;4341;Compte premium, Mastercard Gold, Assurance vie, Assurance santé;Non;60230
C3793;42;Commerçant;4451;Compte professionnel, Visa Business, Assurance vie, Carte pro;Oui (Micro-crédit);26180
C3794;44;Employé;1818;Compte courant, Carte premium, Livret A, Protection des moyens de paiement;Oui (Crédit auto);9410
C3795;38;Employé;3220;Compte joint, Carte premium, Livret A, Assurance habitation;Oui (Crédit auto);12080
C3796;43;Employé;3309;Compte, Mastercard, Livret A;Non;10570
C3797;47;Employé;2521;Compte courant, Carte premium, LDDS;Non;11940
C3798;81;Retraité;1989;Compte senior, Carte de retrait, Assurance vie;Non;30850
C3799;83;Retraité;2397;Compte joint, Carte de retrait, Assurance vie, Alerte SMS;Non;16480
C3800;35;Cadre;7703;Compte, Carte bancaire, Plan épargne logement, Protection des moyens de paiement;Non;28100
C3801;83;Retraité;1326;Compte courant, Carte senior, LDDS, Assurance vie;Oui (Crédit conso);10360
C3802;40;Employé;3146;Compte courant, Carte premium, LDDS, Assurance santé;Oui (Crédit conso);8750
C3803;47;Employé;2787;Compte courant, Visa Classic, Plan épargne logement, Assurance habitation, Paiement sans contact;Non;11130
C3804;59;Fonctionnaire;3996;Compte joint, Visa Classic, Assurance vie;Non;46870
C3805;42;Employé;2849;Compte joint, Carte premium, LDDS;Non;15540
C3806;44;Artisan;5982;Compte pro, Visa Business, Assurance vie, Carte pro;Oui (Micro-crédit);13480
C3807;38;Employé;3918;Compte premium, Visa Classic, Assurance vie;Non;27930
C3808;51;Entrepreneur local;5107;Compte professionnel, Mastercard Business, Compte sur livret;Non;49610
C3809;39;Employé;1888;Compte joint, Mastercard, Assurance vie, Protection des moyens de paiement, Alerte SMS;Oui (Crédit auto);4860
C3810;59;Sans emploi;797;Compte, Carte bancaire, Compte sur livret;Oui (Micro-crédit);760
C3811;30;Employé;2323;Compte courant, Carte bancaire, Livret A;Oui (Crédit immo + Crédit conso);6060
C3812;34;Entrepreneur local;6073;Compte professionnel, Mastercard Business, Compte à terme, Virement instantané;Non;31010
C3813;21;Étudiant;876;Compte jeune, Carte bancaire, Livret A;Non;0
C3814;32;Entrepreneur local;6126;Compte, Visa Business, Assurance vie;Non;36200
C3815;52;Sans emploi;1141;Compte de base, Carte de retrait, Livret A;Non;1080
C3816;24;Sans emploi;1205;Compte de base, Carte bancaire, Livret A;Non;790
C3817;39;Sans emploi;1249;Compte de base, Carte de retrait, Livret A;Non;1230
C3818;35;Employé;2835;Compte premium, Carte bancaire, Plan épargne logement;Oui (Crédit auto);9650
C3819;44;Entrepreneur local;2079;Compte, Visa Business, Assurance vie, Carte pro, Banque en ligne;Oui (Micro-crédit);6680
C3820;23;Étudiant;1016;Compte jeune, Carte Jeune, Compte sur livret;Non;1240
C3821;38;Sans emploi;1062;Compte de base, Carte bancaire, Livret A;Non;980
C3822;43;Employé;4180;Compte premium, Carte premium, Plan épargne logement;Non;13910
C3823;56;Artisan;4399;Compte, Carte bancaire, Compte à terme;Oui (Crédit professionnel);27890
C3824;41;Entrepreneur local;4190;Compte professionnel, Carte pro, PEA, Banque en ligne;Non;16480
C3825;54;Entrepreneur local;5949;Compte, Visa Business, Compte sur livret, Banque en ligne;Non;38800
C3826;37;Employé;2647;Compte courant, Visa Classic, LDDS, Protection des moyens de paiement;Non;11590
C3827;48;Employé;2619;Compte joint, Carte bancaire, Plan épargne logement;Non;8550
C3828;53;Employé;3331;Compte courant, Visa Classic, Assurance vie, Protection des moyens de paiement;Non;13690
C3829;40;Employé;1958;Compte premium, Mastercard, Assurance vie;Non;14180
C3830;71;Retraité;2522;Compte senior, Carte de retrait, Assurance vie;Non;19770
C3831;44;Fonctionnaire;3887;Compte premium, Mastercard, Assurance vie, Protection des moyens de paiement, Paiement sans contact;Non;25960
C3832;36;Employé;3086;Compte joint, Mastercard, Livret A;Oui (Crédit auto);10540
C3833;32;Employé;4039;Compte joint, Visa Classic, Plan épargne logement;Oui (Crédit conso + Crédit auto);22900
C3834;21;Étudiant;1023;Compte jeune, Carte Jeune;Non;1020
C3835;32;Entrepreneur local;6001;Compte courant, Mastercard Business, Compte sur livret, Terminal de paiement, Virement instantané;Non;43240
C3836;39;Commerçant;5429;Compte, Visa Business, Assurance vie, Virement instantané;Oui (Crédit de trésorerie + Crédit professionnel);40510
C3837;24;Étudiant;810;Compte, Carte Jeune, Livret A, Alerte SMS;Oui (Découvert autorisé);1150
C3838;61;Retraité;2367;Compte senior, Carte bancaire, Assurance vie, Protection des moyens de paiement;Non;41320
C3839;45;Entrepreneur local;6587;Compte pro, Visa Business, Assurance vie;Oui (Crédit de trésorerie);44040
C3840;77;Retraité;2692;Compte joint, Carte senior, Livret A, Assurance vie;Non;38190
C3841;69;Retraité;1409;Compte, Carte senior, Compte sur livret;Oui (Crédit auto);17270
C3842;21;Étudiant;881;Compte courant, Carte bancaire, Livret A, Paiement sans contact;Oui (Crédit conso);540
C3843;84;Retraité;2360;Compte joint, Carte bancaire, Assurance vie, Protection des moyens de paiement;Non;15640
C3844;45;Fonctionnaire;4271;Compte courant, Visa Classic, Plan épargne logement;Non;36280
C3845;45;Sans emploi;1104;Compte, Carte de retrait;Non;640
C3846;75;Retraité;2737;Compte courant, Carte de retrait, LDDS;Non;38460
C3847;40;Entrepreneur local;2905;Compte professionnel, Visa Business, PEA;Oui (Crédit de trésorerie);9140
C3848;49;Commerçant;3285;Compte pro, Carte pro, Compte à terme, Virement instantané;Non;9070
C3849;79;Retraité;1368;Compte, Carte de retrait, Assurance vie;Non;14710
C3850;72;Retraité;2244;Compte courant, Carte de retrait, Livret A, Protection des moyens de paiement;Non;17080
C3851;38;Cadre;5298;Compte premium, Mastercard Gold, Livret A;Non;57200
C3852;43;Employé;3333;Compte joint, Mastercard, Livret A, Protection des moyens de paiement;Oui (Crédit immo);20770
C3853;54;Sans emploi;1207;Compte de base, Carte bancaire, Compte sur livret;Non;0
C3854;37;Employé;3536;Compte premium, Carte bancaire, LDDS, Protection des moyens de paiement;Non;15050
C3855;61;Retraité;1524;Compte courant, Carte de retrait, Assurance vie, Protection des moyens de paiement;Non;20260
C3856;40;Employé;2992;Compte premium, Visa Classic, Plan épargne logement, Assurance santé;Oui (Crédit auto);6220
C3857;45;Entrepreneur local;5996;Compte courant, Mastercard Business, Assurance vie;Non;17700
C3858;21;Étudiant;727;Compte jeune, Carte Jeune;Non;340
C3859;42;Employé;3358;Compte joint, Carte premium, Plan épargne logement, Protection des moyens de paiement;Non;16150
C3860;51;Sans emploi;566;Compte de base, Carte bancaire, Alerte SMS;Non;870
C3861;37;Entrepreneur local;5239;Compte pro, Visa Business, Compte à terme;Non;25430
C3862;40;Employé;2834;Compte premium, Carte premium, Assurance vie, Assurance santé;Oui (Crédit immo);16360
C3863;22;Étudiant;872;Compte, Carte bancaire, Compte sur livret, Paiement sans contact;Non;480
C3864;40;Employé;1425;Compte premium, Mastercard, Plan épargne logement, Paiement sans contact;Non;6570
C3865;37;Fonctionnaire;3296;Compte joint, Visa Classic, LDDS, Alerte SMS;Non;14240
C3866;39;Employé;1318;Compte courant, Carte bancaire, LDDS, Assurance habitation, Banque en ligne;Non;6150
C3867;48;Employé;3367;Compte courant, Carte premium, Assurance vie, Alerte SMS;Oui (Crédit conso);12930
C3868;49;Employé;3194;Compte joint, Mastercard, LDDS;Oui (Crédit auto);8650
C3869;67;Retraité;1882;Compte senior, Carte de retrait, Livret A, Assurance vie;Non;17530
C3870;45;Fonctionnaire;3849;Compte joint, Mastercard, Livret A, Paiement sans contact;Oui (Crédit conso);13900
C3871;48;Sans emploi;881;Compte, Carte de retrait, Compte sur livret;Non;170
C3872;55;Sans emploi;598;Compte courant, Carte bancaire, Compte sur livret, Paiement sans contact;Non;480
C3873;26;Employé;3334;Compte joint, Visa Classic, Assurance vie, Protection des moyens de paiement;Non;7200
C3874;31;Sans emploi;999;Compte, Carte de retrait, Compte sur livret;Non;1340
C3875;37;Employé;3336;Compte, Carte bancaire, Plan épargne logement, Assurance santé;Oui (Crédit conso);20760
C3876;55;Indépendant;5611;Compte courant, Visa Business, PEA, Banque en ligne;Non;18870
C3877;50;Fonctionnaire;2784;Compte courant, Carte premium, Assurance vie;Non;24980
C3878;55;Employé;2952;Compte premium, Visa Classic, Plan épargne logement;Non;17330
C3879;44;Employé;3792;Compte premium, Carte bancaire, LDDS, Banque en ligne;Non;10580
C3880;48;Employé;3245;Compte joint, Mastercard, Plan épargne logement;Oui (Crédit immo);15650
C3881;35;Employé;2513;Compte premium, Visa Classic, Assurance vie;Oui (Crédit conso);11480
C3882;62;Retraité;1740;Compte joint, Carte de retrait, Livret A, Protection des moyens de paiement;Non;22420
C3883;28;Sans emploi;1028;Compte courant, Carte bancaire, Banque en ligne;Non;630
C3884;25;Étudiant;414;Compte courant, Carte Jeune, Compte sur livret;Non;300
C3885;44;Fonctionnaire;2280;Compte, Visa Classic, LDDS, Assurance habitation;Non;28880
C3886;28;Employé;2560;Compte joint, Carte bancaire, Livret A, Assurance santé;Oui (Crédit immo);9530
C3887;28;Fonctionnaire;3080;Compte, Carte bancaire, LDDS, Alerte SMS;Oui (Crédit auto);27500
C3888;51;Entrepreneur local;5584;Compte pro, Mastercard Business, Assurance vie, Terminal de paiement, Virement instantané;Non;19610
C3889;30;Artisan;3667;Compte pro, Carte bancaire, Compte sur livret, Virement instantané;Non;17060
C3890;38;Employé;2259;Compte joint, Visa Classic, Plan épargne logement;Oui (Crédit auto);15110
C3891;29;Employé;2773;Compte, Carte premium, LDDS;Non;9370
C3892;53;Entrepreneur local;4917;Compte pro, Visa Business, Assurance vie, Virement instantané;Oui (Crédit de trésorerie);17880
C3893;63;Retraité;1452;Compte joint, Carte de retrait;Non;17050
C3894;20;Étudiant;783;Compte, Carte de retrait;Non;600
C3895;83;Retraité;2217;Compte joint, Carte bancaire, Livret A, Assurance vie;Oui (Crédit auto);16780
C3896;30;Employé;3632;Compte joint, Carte bancaire, Plan épargne logement, Assurance santé;Non;12980
C3897;38;Sans emploi;805;Compte de base, Carte bancaire, Livret A;Oui (Micro-crédit);600
C3898;38;Employé;3710;Compte courant, Carte bancaire, Livret A;Non;9990
C3899;42;Employé;2423;Compte premium, Mastercard, LDDS;Non;10580
C3900;51;Indépendant;6801;Compte professionnel, Carte bancaire, Assurance vie, Virement instantané;Non;72630
C3901;25;Indépendant;3673;Compte pro, Carte bancaire, Assurance vie, Virement instantané, Terminal de paiement;Non;35760
C3902;21;Étudiant;500;Compte jeune, Carte bancaire, Livret A;Non;360
C3903;81;Retraité;2258;Compte joint, Carte bancaire, Compte sur livret, Assurance santé;Non;36820
C3904;43;Employé;2735;Compte courant, Carte premium, LDDS;Non;9430
C3905;52;Indépendant;5833;Compte professionnel, Visa Business, Compte sur livret, Carte pro;Non;41600
C3906;41;Employé;2973;Compte courant, Mastercard, Livret A, Assurance habitation, Paiement sans contact;Non;16230
C3907;40;Artisan;3108;Compte courant, Visa Business, PEA, Carte pro;Oui (Micro-crédit);19510
C3908;49;Artisan;3222;Compte, Carte pro, Compte sur livret;Oui (Crédit professionnel);14570
C3909;33;Employé;2168;Compte, Carte premium, LDDS, Assurance santé;Non;12970
C3910;54;Fonctionnaire;2618;Compte premium, Carte premium, Plan épargne logement;Oui (Crédit immo);7710
C3911;31;Employé;4278;Compte courant, Carte premium, Assurance vie, Protection des moyens de paiement;Non;33780
C3912;47;Entrepreneur local;5934;Compte pro, Carte pro, PEA, Terminal de paiement;Oui (Micro-crédit);22390
C3913;56;Cadre;6834;Compte, Visa Gold, PEA, Protection des moyens de paiement;Oui (Crédit auto);43220
C3914;37;Employé;2929;Compte premium, Mastercard, Assurance vie, Assurance santé;Oui (Crédit auto + Crédit immo);8120
C3915;47;Employé;4138;Compte, Mastercard, Assurance vie;Non;13030
C3916;20;Étudiant;588;Compte jeune, Carte Jeune, Compte sur livret;Non;290
C3917;56;Sans emploi;1043;Compte de base, Carte de retrait, Compte sur livret;Non;740
C3918;41;Entrepreneur local;6351;Compte pro, Mastercard Business, Compte à terme;Oui (Crédit professionnel);23230
C3919;46;Fonctionnaire;3053;Compte, Carte premium, Assurance vie, Protection des moyens de paiement;Non;10390
C3920;34;Employé;4433;Compte joint, Visa Classic, LDDS, Assurance santé;Non;18790
C3921;49;Employé;2271;Compte premium, Carte premium, Assurance vie;Non;7790
C3922;46;Employé;3973;Compte joint, Visa Classic, Assurance vie;Non;28330
C3923;36;Employé;2892;Compte, Carte premium, LDDS, Protection des moyens de paiement;Oui (Crédit conso);16050
C3924;30;Employé;1811;Compte joint, Visa Classic, Livret A;Oui (Crédit conso);10580
C3925;48;Employé;2499;Compte joint, Visa Classic, Plan épargne logement;Oui (Crédit auto);11240
C3926;41;Employé;3030;Compte joint, Mastercard, LDDS, Assurance santé;Non;14150
C3927;42;Employé;3100;Compte premium, Mastercard, Assurance vie;Non;15550
C3928;24;Étudiant;664;Compte jeune, Carte bancaire, Compte sur livret;Non;890
C3929;52;Fonctionnaire;3397;Compte joint, Carte premium, Assurance vie, Protection des moyens de paiement, Paiement sans contact;Non;6060
C3930;61;Artisan;4180;Compte professionnel, Carte bancaire, Assurance vie;Non;29990
C3931;29;Employé;3352;Compte courant, Carte premium, LDDS, Assurance habitation, Banque en ligne;Non;17950
C3932;44;Fonctionnaire;4021;Compte joint, Visa Classic, Plan épargne logement, Assurance habitation;Non;44060
C3933;24;Étudiant;700;Compte courant, Carte Jeune, Compte sur livret, Banque en ligne;Oui (Découvert autorisé);620
C3934;45;Fonctionnaire;2432;Compte joint, Mastercard, Livret A, Protection des moyens de paiement;Oui (Crédit auto);20670
C3935;47;Fonctionnaire;4296;Compte, Carte premium, LDDS;Oui (Crédit immo);47170
C3936;48;Entrepreneur local;3271;Compte courant, Visa Business, Assurance vie, Carte pro;Oui (Crédit professionnel);19500
C3937;40;Fonctionnaire;3659;Compte joint, Carte bancaire, Livret A;Non;44700
C3938;41;Fonctionnaire;2339;Compte joint, Carte bancaire, LDDS, Protection des moyens de paiement;Non;24840
C3939;50;Employé;3051;Compte joint, Visa Classic, Livret A, Assurance habitation;Oui (Crédit auto);6040
C3940;50;Cadre;4349;Compte premium, Carte premium, Livret A, Assurance habitation;Oui (Crédit conso);53380
C3941;51;Artisan;4291;Compte, Carte pro, PEA, Banque en ligne;Non;8170
C3942;39;Commerçant;3870;Compte pro, Mastercard Business, Assurance vie, Banque en ligne;Oui (Micro-crédit);12170
C3943;46;Commerçant;3956;Compte, Visa Business, Compte sur livret, Banque en ligne, Virement instantané;Non;34270
C3944;36;Employé;3575;Compte joint, Visa Classic, Livret A;Oui (Crédit conso + Crédit auto);17430
C3945;52;Cadre;4903;Compte courant, Carte bancaire, Plan épargne logement;Non;81150
C3946;32;Employé;2491;Compte premium, Visa Classic, Assurance vie, Assurance habitation;Non;12300
C3947;39;Employé;3988;Compte courant, Visa Classic, Livret A, Protection des moyens de paiement, Paiement sans contact;Non;10000
C3948;47;Employé;2829;Compte premium, Mastercard, LDDS, Protection des moyens de paiement;Non;3060
C3949;47;Cadre;3777;Compte courant, Carte bancaire, Plan épargne logement;Non;52740
C3950;40;Fonctionnaire;3589;Compte joint, Mastercard, Livret A;Oui (Crédit immo);19440
C3951;29;Sans emploi;861;Compte de base, Carte bancaire;Non;890
C3952;53;Fonctionnaire;3192;Compte, Visa Classic, Plan épargne logement, Assurance habitation;Non;25810
C3953;35;Fonctionnaire;4148;Compte joint, Visa Classic, LDDS;Non;32270
C3954;46;Employé;3035;Compte joint, Carte premium, Assurance vie;Oui (Crédit conso);7680
C3955;47;Fonctionnaire;2735;Compte courant, Carte premium, Assurance vie, Assurance habitation;Oui (Crédit auto);20460
C3956;38;Indépendant;6528;Compte pro, Carte bancaire, Assurance vie;Oui (Crédit professionnel);37250
C3957;51;Commerçant;5475;Compte professionnel, Visa Business, Assurance vie;Non;59400
C3958;44;Fonctionnaire;1864;Compte joint, Carte premium, Livret A;Oui (Crédit conso);13140
C3959;26;Étudiant;979;Compte, Carte de retrait, Livret A;Oui (Crédit étudiant);570
C3960;65;Retraité;2164;Compte joint, Carte de retrait, Compte sur livret, Assurance santé;Oui (Crédit santé);29380
C3961;49;Entrepreneur local;2338;Compte pro, Carte pro, Compte à terme, Banque en ligne;Non;13200
C3962;34;Employé;1747;Compte courant, Visa Classic, Plan épargne logement, Protection des moyens de paiement;Non;7370
C3963;33;Employé;1519;Compte courant, Carte premium;Non;8820
C3964;34;Employé;3214;Compte premium, Mastercard, Plan épargne logement;Oui (Crédit auto + Crédit conso);9350
C3965;36;Commerçant;5123;Compte courant, Mastercard Business, Compte à terme;Oui (Crédit de trésorerie);22110
C3966;45;Employé;3625;Compte, Carte premium, LDDS;Non;21550
C3967;56;Artisan;3712;Compte professionnel, Carte bancaire, Assurance vie;Oui (Crédit professionnel);17180
C3968;45;Fonctionnaire;3171;Compte courant, Visa Classic, Assurance vie, Protection des moyens de paiement;Non;32040
C3969;37;Cadre;3542;Compte joint, Carte premium, PEA, Assurance santé;Oui (Crédit conso);27420
C3970;80;Retraité;1202;Compte joint, Carte senior;Non;8320
C3971;36;Fonctionnaire;3181;Compte, Carte bancaire, LDDS;Oui (Crédit conso);34540
C3972;81;Retraité;1630;Compte joint, Carte de retrait, LDDS, Banque en ligne;Non;23720
C3973;37;Employé;3363;Compte, Carte bancaire, Livret A, Alerte SMS;Non;12760
C3974;49;Entrepreneur local;4860;Compte pro, Carte pro, Compte à terme, Terminal de paiement;Oui (Micro-crédit);22790
C3975;44;Artisan;4008;Compte pro, Carte bancaire, Compte sur livret;Oui (Crédit professionnel);24060
C3976;51;Employé;3484;Compte premium, Visa Classic, Assurance vie, Assurance habitation;Oui (Crédit conso);12420
C3977;23;Fonctionnaire;3641;Compte joint, Carte premium, LDDS;Oui (Crédit conso);21880
C3978;38;Employé;2874;Compte joint, Carte bancaire, Plan épargne logement, Paiement sans contact;Oui (Crédit immo);6250
C3979;38;Fonctionnaire;4183;Compte premium, Mastercard, Plan épargne logement, Protection des moyens de paiement;Non;17870
C3980;31;Artisan;3790;Compte professionnel, Carte bancaire, Assurance vie, Virement instantané;Non;18640
C3981;49;Sans emploi;1024;Compte courant, Carte de retrait, Compte sur livret;Non;1450
C3982;39;Sans emploi;829;Compte, Carte bancaire, Livret A;Oui (Découvert autorisé);560
C3983;36;Employé;2645;Compte joint, Mastercard, Plan épargne logement;Oui (Crédit auto + Crédit immo);7990
C3984;36;Sans emploi;863;Compte courant, Carte de retrait, Livret A, Banque en ligne;Non;1260
C3985;52;Fonctionnaire;3836;Compte joint, Mastercard, Plan épargne logement, Assurance habitation;Oui (Crédit auto);11910
C3986;51;Fonctionnaire;2162;Compte joint, Carte premium, Plan épargne logement;Non;5280
C3987;49;Cadre;5422;Compte joint, Carte bancaire, LDDS, Assurance santé;Non;75600
C3988;35;Sans emploi;721;Compte de base, Carte bancaire, Compte sur livret;Non;390
C3989;29;Fonctionnaire;1974;Compte courant, Carte bancaire, Plan épargne logement, Protection des moyens de paiement, Paiement sans contact;Oui (Crédit conso);7980
C3990;44;Employé;3197;Compte courant, Carte bancaire, Plan épargne logement, Alerte SMS;Oui (Crédit auto);10210
C3991;22;Étudiant;505;Compte d'épargne, Carte bancaire, Livret A;Non;500
C3992;48;Fonctionnaire;2643;Compte, Mastercard, LDDS, Assurance habitation;Oui (Crédit conso);31330
C3993;39;Employé;3525;Compte courant, Carte bancaire, Plan épargne logement;Oui (Crédit conso);7360
C3994;45;Employé;3524;Compte premium, Visa Classic, Assurance vie, Assurance habitation;Non;14510
C3995;30;Employé;3009;Compte premium, Mastercard, LDDS;Oui (Crédit conso);11130
C3996;36;Fonctionnaire;3811;Compte, Visa Classic, LDDS, Banque en ligne;Non;24870
C3997;22;Étudiant;1143;Compte d'épargne, Carte bancaire, Compte sur livret, Alerte SMS;Non;850
C3998;75;Retraité;1696;Compte courant, Carte bancaire, Compte sur livret;Non;28600
C3999;39;Commerçant;2486;Compte, Carte pro, Compte à terme, Terminal de paiement;Non;14300
C4000;24;Étudiant;718;Compte d'épargne, Carte de retrait, Compte sur livret;Non;0
C4001;32;Employé;3414;Compte courant, Mastercard, Livret A, Assurance santé;Non;20170
C4002;45;Employé;4178;Compte premium, Carte premium, Assurance vie, Assurance habitation;Non;23420
C4003;53;Artisan;4465;Compte pro, Carte pro, PEA;Non;18150
C4004;28;Artisan;4775;Compte professionnel, Carte pro, Compte sur livret;Non;26640
C4005;31;Indépendant;2410;Compte professionnel, Carte pro, Assurance vie, Virement instantané;Non;18470
C4006;44;Cadre;6125;Compte, Visa Gold, Livret A, Assurance santé;Non;58650
C4007;49;Employé;2981;Compte premium, Carte premium, Assurance vie, Protection des moyens de paiement;Oui (Crédit immo);13670
C4008;71;Retraité;2063;Compte, Carte bancaire, Livret A;Non;30830
C4009;43;Employé;3163;Compte courant, Visa Classic, Assurance vie, Protection des moyens de paiement;Non;22230
C4010;47;Sans emploi;738;Compte courant, Carte bancaire, Compte sur livret;Non;730
C4011;26;Employé;2327;Compte, Mastercard, Assurance vie, Assurance santé;Oui (Crédit conso + Crédit auto);3320
C4012;43;Entrepreneur local;7012;Compte pro, Carte pro, Compte à terme, Banque en ligne;Non;25930
C4013;51;Indépendant;4396;Compte, Visa Business, Assurance vie;Non;10890
C4014;35;Fonctionnaire;4554;Compte joint, Carte bancaire, Plan épargne logement, Assurance santé, Paiement sans contact;Non;57840
C4015;36;Employé;2644;Compte joint, Visa Classic, Livret A, Assurance habitation;Non;17300
C4016;81;Retraité;2664;Compte senior, Carte bancaire, Livret A, Assurance santé, Alerte SMS;Non;31200
C4017;18;Étudiant;903;Compte, Carte Jeune, Paiement sans contact;Non;670
C4018;47;Fonctionnaire;2907;Compte courant, Mastercard, Plan épargne logement, Protection des moyens de paiement;Oui (Crédit conso);20500
C4019;34;Fonctionnaire;2449;Compte joint, Mastercard, LDDS, Assurance habitation;Non;20350
C4020;46;Employé;1975;Compte joint, Carte bancaire, Plan épargne logement;Oui (Crédit auto);3600
C4021;44;Employé;3253;Compte joint, Carte premium, Plan épargne logement;Non;11850
C4022;72;Retraité;1607;Compte joint, Carte bancaire, Protection des moyens de paiement;Oui (Crédit auto);17700
C4023;40;Fonctionnaire;4130;Compte courant, Carte premium, Plan épargne logement;Non;55480
C4024;29;Employé;3127;Compte, Carte premium, Plan épargne logement, Assurance santé;Non;2220
C4025;39;Employé;3702;Compte joint, Mastercard, Plan épargne logement;Non;25410
C4026;26;Étudiant;617;Compte courant, Carte bancaire;Non;1270
C4027;42;Employé;3246;Compte premium, Mastercard, Plan épargne logement;Non;9560
C4028;34;Employé;3111;Compte premium, Carte premium, LDDS;Oui (Crédit immo);19730
C4029;42;Fonctionnaire;4007;Compte joint, Mastercard, LDDS, Assurance santé;Oui (Crédit auto);8700
C4030;38;Entrepreneur local;3655;Compte professionnel, Carte pro, PEA, Virement instantané;Oui (Crédit professionnel);14080
C4031;43;Fonctionnaire;4137;Compte joint, Visa Classic, LDDS;Oui (Crédit conso);19320
C4032;36;Fonctionnaire;3371;Compte courant, Carte bancaire, Livret A, Assurance habitation;Oui (Crédit conso);24670
C4033;45;Artisan;4850;Compte pro, Visa Business, PEA, Virement instantané;Oui (Crédit véhicule);28390
C4034;35;Fonctionnaire;4029;Compte courant, Visa Classic, Plan épargne logement;Non;23210
C4035;39;Sans emploi;944;Compte courant, Carte de retrait;Non;740
C4036;42;Cadre;4576;Compte joint, Carte bancaire, Assurance vie, Protection des moyens de paiement;Oui (Crédit auto + Crédit immo);14280
C4037;40;Cadre;7021;Compte premium, Visa Gold, LDDS;Non;78270
C4038;41;Employé;2916;Compte courant, Carte premium, Plan épargne logement, Assurance habitation;Non;12330
C4039;52;Entrepreneur local;5207;Compte courant, Visa Business, Assurance vie;Non;28190
C4040;23;Étudiant;692;Compte, Carte bancaire, Livret A, Alerte SMS;Non;540
C4041;35;Employé;2778;Compte joint, Carte premium, Plan épargne logement, Protection des moyens de paiement;Oui (Crédit auto);13380
C4042;41;Employé;2817;Compte joint, Carte bancaire, Assurance vie, Alerte SMS;Oui (Crédit auto);9760
C4043;41;Employé;2937;Compte joint, Carte bancaire, LDDS;Oui (Crédit conso);8970
C4044;43;Employé;3314;Compte, Carte bancaire, Plan épargne logement, Protection des moyens de paiement;Non;15560
C4045;58;Fonctionnaire;3721;Compte premium, Carte bancaire, Livret A;Non;25250
C4046;47;Fonctionnaire;3193;Compte premium, Mastercard, Assurance vie;Non;45110
C4047;44;Fonctionnaire;3285;Compte joint, Carte premium, Plan épargne logement, Banque en ligne;Non;32310
C4048;51;Employé;3386;Compte courant, Carte bancaire, Plan épargne logement, Assurance santé;Oui (Crédit conso);15760
C4049;44;Artisan;3902;Compte courant, Visa Business, Assurance vie;Non;31040
C4050;21;Étudiant;973;Compte courant, Carte Jeune;Non;570
C4051;21;Étudiant;396;Compte courant, Carte bancaire, Compte sur livret, Paiement sans contact;Oui (Découvert autorisé);620
C4052;35;Employé;2640;Compte joint, Visa Classic, LDDS, Protection des moyens de paiement;Non;19530
C4053;46;Employé;2333;Compte joint, Carte bancaire, Plan épargne logement, Banque en ligne;Non;7500
C4054;22;Étudiant;676;Compte d'épargne, Carte Jeune, Compte sur livret;Non;110
C4055;40;Fonctionnaire;2594;Compte courant, Carte premium, Livret A, Assurance habitation;Non;25280
C4056;79;Retraité;1717;Compte, Carte senior, LDDS;Non;20210
C4057;52;Fonctionnaire;3294;Compte courant, Carte bancaire, LDDS, Banque en ligne;Non;12640
C4058;36;Employé;3709;Compte courant, Carte bancaire, LDDS, Paiement sans contact;Non;19970
C4059;59;Employé;3088;Compte, Mastercard, Livret A;Oui (Crédit immo);17900
C4060;39;Fonctionnaire;3117;Compte joint, Carte bancaire, Assurance vie, Assurance santé;Oui (Crédit immo);21780
C4061;38;Employé;2426;Compte, Mastercard, Livret A;Non;8250
C4062;30;Employé;1543;Compte courant, Mastercard, Plan épargne logement;Oui (Crédit immo);5510
C4063;26;Étudiant;692;Compte courant, Carte de retrait;Non;680
C4064;37;Artisan;5017;Compte pro, Visa Business, Compte à terme, Virement instantané;Non;38930
C4065;28;Fonctionnaire;2836;Compte, Carte premium, Livret A, Alerte SMS;Non;21980
C4066;41;Fonctionnaire;4353;Compte premium, Visa Classic, LDDS, Assurance habitation, Paiement sans contact;Non;38830
C4067;43;Employé;3453;Compte, Visa Classic, LDDS, Protection des moyens de paiement;Oui (Crédit conso);22640
C4068;32;Employé;2963;Compte, Visa Classic, LDDS;Non;8490
C4069;49;Entrepreneur local;6768;Compte courant, Visa Business, Compte sur livret;Oui (Crédit professionnel);46620
C4070;18;Étudiant;692;Compte, Carte de retrait, Livret A, Alerte SMS;Non;0
C4071;34;Employé;3050;Compte joint, Carte premium, Livret A;Non;21600
C4072;35;Sans emploi;1209;Compte courant, Carte de retrait, Livret A;Non;920
C4073;37;Sans emploi;662;Compte courant, Carte bancaire, Livret A;Oui (Crédit conso);510
C4074;40;Artisan;3638;Compte courant, Carte pro, PEA, Terminal de paiement;Non;28670
C4075;61;Retraité;1601;Compte senior, Carte bancaire, Livret A, Alerte SMS;Non;16380
C4076;49;Employé;3166;Compte joint, Carte premium, LDDS, Protection des moyens de paiement;Oui (Crédit immo);18260
C4077;48;Sans emploi;736;Compte, Carte de retrait, Livret A, Banque en ligne;Non;1200
C4078;40;Employé;2935;Compte courant, Carte premium, LDDS, Protection des moyens de paiement;Oui (Crédit conso);13720
C4079;43;Entrepreneur local;5859;Compte courant, Mastercard Business, Assurance vie, Terminal de paiement;Non;31410
C4080;52;Cadre;6049;Compte courant, Carte bancaire, Plan épargne logement, Assurance santé;Oui (Crédit conso);71990
C4081;40;Employé;3100;Compte premium, Mastercard, Plan épargne logement;Non;18730
C4082;40;Employé;2470;Compte, Carte bancaire, Assurance vie, Assurance habitation;Oui (Crédit auto);14440
C4083;30;Employé;3900;Compte premium, Visa Classic, Assurance vie, Assurance santé;Non;8350
C4084;57;Entrepreneur local;6024;Compte professionnel, Visa Business, Assurance vie, Terminal de paiement;Oui (Crédit de trésorerie);5380
C4085;39;Fonctionnaire;2534;Compte, Carte premium, Assurance vie;Non;20650
C4086;39;Employé;4139;Compte courant, Mastercard, Plan épargne logement, Banque en ligne;Oui (Crédit immo);15560
C4087;75;Retraité;2277;Compte senior, Carte senior, Compte sur livret, Protection des moyens de paiement;Non;28410
C4088;47;Employé;3048;Compte premium, Carte bancaire, Plan épargne logement, Assurance santé;Non;6260
C4089;29;Artisan;3381;Compte, Carte bancaire, Compte à terme, Banque en ligne;Non;30690
C4090;23;Sans emploi;951;Compte courant, Carte bancaire, Compte sur livret, Banque en ligne;Oui (Crédit conso);0
C4091;45;Employé;3274;Compte, Carte premium, Livret A, Assurance santé;Non;12830
C4092;30;Sans emploi;1376;Compte, Carte bancaire, Compte sur livret;Non;830
C4093;43;Cadre;3785;Compte courant, Carte bancaire, LDDS, Assurance habitation, Virement instantané;Non;55620
C4094;34;Employé;4100;Compte joint, Visa Classic, Plan épargne logement;Non;24640
C4095;23;Étudiant;686;Compte d'épargne, Carte bancaire, Livret A;Non;980
C4096;74;Retraité;1574;Compte, Carte de retrait, Compte sur livret;Non;25700
C4097;30;Employé;1923;Compte, Visa Classic, Plan épargne logement, Assurance habitation;Non;13950
C4098;37;Employé;2575;Compte premium, Carte bancaire, LDDS;Non;13030
C4099;40;Employé;2371;Compte courant, Mastercard, Assurance vie, Protection des moyens de paiement;Non;6390
C4100;22;Étudiant;970;Compte, Carte de retrait, Compte sur livret, Alerte SMS, Paiement sans contact;Non;1660
C4101;44;Sans emploi;818;Compte de base, Carte de retrait, Compte sur livret;Non;0
C4102;20;Étudiant;815;Compte d'épargne, Carte bancaire, Compte sur livret, Alerte SMS;Oui (Découvert autorisé);760
C4103;44;Employé;3444;Compte premium, Mastercard, LDDS;Non;24580
C4104;64;Retraité;1926;Compte senior, Carte bancaire, Assurance vie;Non;32120
C4105;55;Employé;2708;Compte joint, Carte premium, Livret A;Non;12350
C4106;78;Retraité;2526;Compte courant, Carte de retrait, Livret A;Non;22690
C4107;26;Artisan;2299;Compte, Carte pro, Assurance vie;Non;8570
C4108;37;Employé;2304;Compte premium, Visa Classic, LDDS;Non;5180
C4109;57;Commerçant;4215;Compte pro, Carte pro, Compte à terme, Banque en ligne;Oui (Crédit professionnel);7890
C4110;49;Employé;2787;Compte premium, Carte premium, Livret A;Non;14350
C4111;48;Sans emploi;652;Compte de base, Carte bancaire, Livret A;Non;450
C4112;44;Employé;2381;Compte courant, Carte bancaire, Assurance vie, Protection des moyens de paiement;Non;6750
C4113;28;Sans emploi;795;Compte courant, Carte bancaire, Livret A, Banque en ligne;Non;1140
C4114;57;Employé;3114;Compte premium, Carte bancaire, Assurance vie, Protection des moyens de paiement;Oui (Crédit immo);11800
C4115;72;Retraité;2188;Compte courant, Carte de retrait, Livret A;Non;13020
C4116;46;Artisan;4280;Compte courant, Carte bancaire, Assurance vie, Carte pro;Non;26950
C4117;21;Étudiant;693;Compte d'épargne, Carte Jeune, Banque en ligne;Oui (Crédit conso);390
C4118;22;Étudiant;929;Compte d'épargne, Carte bancaire, Compte sur livret;Non;0
C4119;52;Employé;1878;Compte premium, Mastercard, Livret A, Protection des moyens de paiement;Non;8040
C4120;55;Fonctionnaire;3893;Compte premium, Visa Classic, Assurance vie, Assurance santé, Banque en ligne;Non;48880
C4121;63;Sans emploi;1064;Compte de base, Carte bancaire, Compte sur livret;Non;1050
C4122;39;Artisan;3376;Compte professionnel, Carte bancaire, Compte sur livret, Banque en ligne, Virement instantané;Oui (Micro-crédit);17870
C4123;48;Fonctionnaire;4306;Compte premium, Carte bancaire, Livret A, Assurance santé;Oui (Crédit immo);24580
C4124;28;Employé;2701;Compte courant, Mastercard, Assurance vie;Non;14020
C4125;52;Artisan;3371;Compte pro, Carte bancaire, Assurance vie, Terminal de paiement;Non;21930
C4126;34;Fonctionnaire;3185;Compte joint, Carte bancaire, LDDS, Protection des moyens de paiement;Non;25460
C4127;35;Sans emploi;836;Compte de base, Carte bancaire, Compte sur livret, Alerte SMS;Non;720
C4128;77;Retraité;2284;Compte senior, Carte senior, Compte sur livret;Oui (Crédit conso);22140
C4129;75;Retraité;968;Compte, Carte de retrait, Assurance vie, Assurance santé;Oui (Crédit auto);10640
C4130;62;Retraité;2068;Compte courant, Carte bancaire, Assurance vie;Non;15220
C4131;45;Entrepreneur local;5555;Compte courant, Visa Business, Assurance vie, Virement instantané;Oui (Crédit de trésorerie);24570
C4132;19;Étudiant;624;Compte jeune, Carte Jeune, Compte sur livret;Oui (Crédit étudiant);410
C4133;34;Cadre;7075;Compte joint, Visa Gold, Plan épargne logement;Oui (Crédit immo);39380
C4134;39;Employé;2000;Compte courant, Mastercard, Livret A, Assurance santé;Oui (Crédit auto + Crédit conso);8530
C4135;48;Employé;2761;Compte courant, Carte premium, LDDS, Protection des moyens de paiement;Non;10130
C4136;46;Employé;2174;Compte joint, Mastercard, Plan épargne logement;Oui (Crédit conso);9850
C4137;73;Retraité;1917;Compte senior, Carte de retrait, Assurance vie, Assurance santé;Non;20940
C4138;41;Commerçant;2017;Compte, Carte pro, Compte sur livret, Terminal de paiement;Non;22000
C4139;27;Entrepreneur local;7837;Compte, Carte pro, Assurance vie;Non;47300
C4140;68;Retraité;1445;Compte courant, Carte senior, Alerte SMS;Oui (Crédit auto);20590
C4141;53;Employé;3385;Compte joint, Mastercard, LDDS, Assurance santé;Oui (Crédit conso);19640
C4142;61;Entrepreneur local;5349;Compte pro, Visa Business, PEA, Virement instantané;Oui (Crédit professionnel);28510
C4143;31;Employé;3168;Compte courant, Carte bancaire, Livret A, Assurance santé;Non;13840
C4144;72;Retraité;1353;Compte senior, Carte de retrait, Compte sur livret, Protection des moyens de paiement;Non;13740
C4145;38;Employé;1784;Compte joint, Visa Classic, Plan épargne logement, Banque en ligne;Oui (Crédit conso);10840
C4146;41;Entrepreneur local;5035;Compte courant, Visa Business, Compte à terme, Virement instantané, Terminal de paiement;Oui (Micro-crédit);36590
C4147;48;Entrepreneur local;7500;Compte, Visa Business, Assurance vie, Virement instantané;Non;49770
C4148;55;Entrepreneur local;6382;Compte, Carte pro, Assurance vie;Non;38490
C4149;56;Artisan;4447;Compte professionnel, Visa Business, Compte sur livret, Banque en ligne;Non;14520
C4150;44;Cadre;4423;Compte premium, Visa Gold, Plan épargne logement;Oui (Crédit immo);21340
C4151;35;Employé;3458;Compte premium, Carte premium, LDDS;Non;16680
C4152;64;Entrepreneur local;4974;Compte pro, Visa Business, Compte à terme, Banque en ligne;Oui (Crédit de trésorerie);28330
C4153;38;Fonctionnaire;3110;Compte joint, Mastercard, LDDS, Assurance santé, Banque en ligne;Non;23070
C4154;23;Étudiant;1098;Compte, Carte de retrait, Livret A;Non;610
C4155;62;Retraité;1328;Compte senior, Carte bancaire, Assurance santé;Oui (Crédit conso);18030
C4156;77;Retraité;1481;Compte joint, Carte de retrait, Assurance vie;Non;28940
C4157;37;Fonctionnaire;4568;Compte premium, Visa Classic, LDDS, Protection des moyens de paiement, Paiement sans contact;Oui (Crédit auto);46130
C4158;34;Commerçant;4535;Compte professionnel, Carte pro, PEA, Banque en ligne;Non;49340
C4159;52;Commerçant;3754;Compte professionnel, Carte pro, PEA, Virement instantané;Oui (Crédit de trésorerie);13830
C4160;25;Étudiant;673;Compte, Carte Jeune, Compte sur livret, Banque en ligne, Paiement sans contact;Non;580
C4161;30;Sans emploi;1215;Compte, Carte bancaire, Compte sur livret;Non;390
C4162;47;Employé;2551;Compte joint, Carte premium, LDDS, Protection des moyens de paiement, Banque en ligne;Non;14330
C4163;54;Artisan;4513;Compte professionnel, Visa Business, Compte sur livret, Carte pro;Non;33160
C4164;21;Étudiant;472;Compte, Carte Jeune;Oui (Découvert autorisé);380
C4165;63;Retraité;2484;Compte, Carte bancaire, Compte sur livret, Assurance santé;Non;36130
C4166;32;Employé;2032;Compte courant, Carte premium, Assurance vie;Non;10530
C4167;33;Entrepreneur local;3041;Compte pro, Visa Business, PEA;Non;6720
C4168;48;Sans emploi;1025;Compte, Carte de retrait, Livret A, Paiement sans contact;Non;340
C4169;69;Retraité;2260;Compte senior, Carte de retrait, Compte sur livret;Non;26250
C4170;78;Retraité;1829;Compte joint, Carte bancaire, Livret A;Non;21670
C4171;51;Entrepreneur local;5854;Compte, Mastercard Business, Compte sur livret, Carte pro, Terminal de paiement;Oui (Crédit professionnel + Crédit de trésorerie);33960
C4172;30;Artisan;1739;Compte, Carte bancaire, PEA, Terminal de paiement;Non;7700
C4173;45;Sans emploi;685;Compte, Carte bancaire, Compte sur livret;Non;1000
C4174;78;Retraité;1970;Compte senior, Carte senior, Compte sur livret, Assurance vie;Oui (Crédit auto);17840
C4175;20;Étudiant;787;Compte d'épargne, Carte Jeune, Livret A, Paiement sans contact;Non;940
C4176;44;Cadre;6165;Compte, Carte premium, Livret A;Non;103700
C4177;72;Retraité;1740;Compte, Carte de retrait, Compte sur livret;Non;25990
C4178;68;Retraité;2393;Compte, Carte senior, Compte sur livret, Banque en ligne;Non;35350
C4179;54;Employé;2771;Compte joint, Carte bancaire, Assurance vie, Assurance santé;Non;10310
C4180;55;Fonctionnaire;4635;Compte courant, Carte bancaire, Livret A, Protection des moyens de paiement;Non;45390
C4181;84;Retraité;2184;Compte joint, Carte senior, Assurance vie;Non;15330
C4182;37;Sans emploi;824;Compte courant, Carte de retrait, Livret A;Non;820
C4183;42;Sans emploi;1119;Compte de base, Carte bancaire, Livret A;Non;600
C4184;42;Employé;3258;Compte joint, Visa Classic, Livret A, Paiement sans contact;Non;10520
C4185;46;Artisan;5103;Compte, Carte pro, PEA, Terminal de paiement;Oui (Micro-crédit);35620
C4186;45;Sans emploi;530;Compte, Carte bancaire, Livret A, Alerte SMS;Non;450
C4187;44;Fonctionnaire;3661;Compte courant, Carte premium, Livret A, Assurance habitation;Non;41990
C4188;48;Fonctionnaire;4357;Compte courant, Carte premium, LDDS, Assurance santé;Non;56100
C4189;24;Étudiant;706;Compte d'épargne, Carte Jeune, Compte sur livret, Paiement sans contact;Non;1370
C4190;44;Employé;2307;Compte joint, Carte premium, Livret A;Oui (Crédit auto);10260
C4191;48;Employé;3528;Compte premium, Carte bancaire, Plan épargne logement, Assurance santé, Alerte SMS;Non;9690
C4192;48;Employé;1973;Compte premium, Carte premium, Assurance vie, Paiement sans contact;Non;4670
C4193;76;Retraité;2059;Compte senior, Carte de retrait, Assurance vie, Assurance santé;Non;25080
C4194;42;Sans emploi;805;Compte de base, Carte de retrait, Livret A;Non;520
C4195;44;Entrepreneur local;6374;Compte courant, Carte pro, Assurance vie, Virement instantané;Non;33480
C4196;67;Retraité;1843;Compte senior, Carte senior, Compte sur livret;Non;25380
C4197;58;Fonctionnaire;4481;Compte premium, Mastercard, Plan épargne logement, Alerte SMS;Oui (Crédit conso);41420
C4198;26;Sans emploi;1180;Compte, Carte de retrait, Compte sur livret;Non;970
C4199;30;Employé;1772;Compte joint, Carte premium, LDDS, Protection des moyens de paiement;Non;3470
C4200;49;Commerçant;4738;Compte professionnel, Visa Business, Compte sur livret;Oui (Crédit professionnel);11620
C4201;55;Entrepreneur local;6579;Compte, Visa Business, Assurance vie, Banque en ligne, Virement instantané;Non;7190
C4202;36;Employé;3089;Compte courant, Carte bancaire, Plan épargne logement, Protection des moyens de paiement;Non;13420
C4203;46;Employé;4108;Compte courant, Carte bancaire, LDDS, Protection des moyens de paiement;Non;29970
C4204;47;Employé;2432;Compte premium, Mastercard, Plan épargne logement;Non;9510
C4205;40;Artisan;5120;Compte pro, Carte bancaire, Compte sur livret;Oui (Crédit professionnel);23520
C4206;69;Retraité;2028;Compte senior, Carte de retrait, Compte sur livret, Assurance vie;Non;28320
C4207;68;Retraité;1533;Compte senior, Carte senior, Assurance vie;Non;17690
C4208;38;Employé;2202;Compte premium, Visa Classic, Livret A;Non;8780
C4209;43;Employé;2542;Compte premium, Carte premium, Plan épargne logement;Non;12090
C4210;27;Sans emploi;1276;Compte de base, Carte bancaire;Oui (Crédit conso);540
C4211;73;Retraité;2927;Compte joint, Carte senior, Compte sur livret, Banque en ligne;Non;26640
C4212;45;Sans emploi;1119;Compte courant, Carte bancaire, Livret A;Non;0
C4213;52;Sans emploi;1064;Compte, Carte de retrait, Livret A;Non;940
C4214;55;Entrepreneur local;5913;Compte courant, Mastercard Business, Compte à terme;Non;22080
C4215;49;Fonctionnaire;4001;Compte premium, Visa Classic, Plan épargne logement, Protection des moyens de paiement;Oui (Crédit immo);33510
C4216;38;Employé;1962;Compte joint, Mastercard, Assurance vie;Oui (Crédit conso);11810
C4217;36;Commerçant;3914;Compte pro, Carte pro, PEA, Banque en ligne;Oui (Crédit professionnel);9960
C4218;20;Étudiant;883;Compte courant, Carte Jeune, Compte sur livret, Paiement sans contact;Non;1530
C4219;34;Sans emploi;1006;Compte de base, Carte de retrait, Livret A;Non;0
C4220;45;Fonctionnaire;3330;Compte premium, Visa Classic, Livret A;Non;28160
C4221;35;Fonctionnaire;3605;Compte premium, Mastercard, Plan épargne logement, Assurance habitation;Non;19900
C4222;20;Étudiant;1016;Compte, Carte bancaire, Livret A;Non;0
C4223;41;Employé;4152;Compte courant, Carte premium, Assurance vie;Non;19460
C4224;65;Retraité;3017;Compte senior, Carte senior, Assurance vie, Protection des moyens de paiement;Non;25520
C4225;52;Employé;3108;Compte, Carte bancaire, LDDS, Assurance habitation;Oui (Crédit conso);5500
C4226;60;Sans emploi;980;Compte, Carte de retrait, Compte sur livret, Alerte SMS;Non;1120
C4227;34;Employé;1510;Compte premium, Carte premium, Livret A;Non;4560
C4228;45;Employé;1687;Compte joint, Visa Classic, Plan épargne logement;Oui (Crédit conso);5230
C4229;43;Employé;1961;Compte courant, Mastercard, LDDS, Assurance santé;Oui (Crédit auto);7340
C4230;21;Étudiant;684;Compte d'épargne, Carte de retrait, Compte sur livret;Oui (Découvert autorisé);660
C4231;52;Employé;3286;Compte courant, Mastercard, Assurance vie;Non;14820
C4232;34;Fonctionnaire;2877;Compte, Mastercard, Assurance vie;Non;22930
C4233;22;Étudiant;811;Compte jeune, Carte bancaire, Compte sur livret, Alerte SMS;Non;1000
C4234;25;Étudiant;699;Compte d'épargne, Carte de retrait, Livret A, Banque en ligne;Non;640
C4235;85;Retraité;2018;Compte senior, Carte senior, Compte sur livret;Non;29070
C4236;26;Fonctionnaire;4188;Compte premium, Carte premium, LDDS;Non;34110
C4237;20;Étudiant;819;Compte d'épargne, Carte bancaire, Livret A, Paiement sans contact;Non;1340
C4238;77;Retraité;1200;Compte joint, Carte de retrait;Non;21110
C4239;23;Étudiant;936;Compte courant, Carte de retrait, Livret A;Non;1190
C4240;60;Fonctionnaire;2962;Compte courant, Mastercard, LDDS, Assurance habitation;Non;34900
C4241;44;Indépendant;5122;Compte, Visa Business, Assurance vie, Carte pro;Non;18390
C4242;41;Employé;2451;Compte premium, Carte bancaire, Livret A, Assurance santé, Alerte SMS;Non;5880
C4243;55;Artisan;3483;Compte pro, Carte bancaire, Compte à terme;Non;9490
C4244;40;Employé;3089;Compte premium, Mastercard, Plan épargne logement;Non;13730
C4245;44;Entrepreneur local;2595;Compte, Carte pro, Compte à terme, Terminal de paiement;Oui (Micro-crédit);9540
C4246;55;Employé;2359;Compte, Mastercard, Assurance vie;Non;16060
C4247;68;Retraité;2473;Compte senior, Carte senior, LDDS;Non;24420
C4248;81;Retraité;2401;Compte, Carte senior, Compte sur livret, Assurance santé;Non;35600
C4249;32;Fonctionnaire;3948;Compte premium, Visa Classic, Assurance vie, Alerte SMS;Non;24040
C4250;34;Fonctionnaire;2808;Compte courant, Visa Classic, LDDS, Banque en ligne;Oui (Crédit conso);24100
C4251;27;Employé;2688;Compte premium, Carte premium, Plan épargne logement, Protection des moyens de paiement;Oui (Crédit conso);3720
C4252;47;Artisan;5212;Compte professionnel, Carte bancaire, Assurance vie, Virement instantané;Oui (Crédit professionnel);24650
C4253;69;Retraité;1304;Compte joint, Carte bancaire, Compte sur livret;Non;12190
C4254;80;Retraité;1134;Compte joint, Carte senior, Livret A, Protection des moyens de paiement;Non;18830
C4255;45;Employé;2175;Compte joint, Mastercard, Assurance vie, Protection des moyens de paiement, Paiement sans contact;Oui (Crédit auto);4100
C4256;51;Entrepreneur local;7456;Compte professionnel, Carte pro, Assurance vie;Oui (Micro-crédit);59300
C4257;32;Entrepreneur local;7130;Compte courant, Carte pro, PEA, Terminal de paiement;Non;31790
C4258;37;Employé;3516;Compte premium, Carte bancaire, LDDS, Assurance habitation;Non;21960
C4259;43;Employé;2923;Compte, Carte premium, Assurance vie, Assurance santé;Non;11590
C4260;71;Retraité;1957;Compte, Carte bancaire, Assurance vie, Banque en ligne;Non;25620
C4261;41;Indépendant;4434;Compte, Visa Business, Assurance vie;Oui (Crédit conso);16420
C4262;46;Commerçant;6522;Compte, Mastercard Business, Compte sur livret;Oui (Crédit de trésorerie);32740
C4263;39;Entrepreneur local;4632;Compte professionnel, Mastercard Business, Assurance vie, Virement instantané;Oui (Crédit de trésorerie);17100
C4264;29;Fonctionnaire;2856;Compte, Carte premium, LDDS, Assurance santé;Non;28620
C4265;45;Artisan;3687;Compte pro, Carte pro, Assurance vie, Virement instantané;Oui (Crédit véhicule);23570
C4266;40;Fonctionnaire;4001;Compte courant, Visa Classic, Livret A, Paiement sans contact;Oui (Crédit auto);28000
C4267;44;Artisan;4560;Compte pro, Carte pro, PEA;Oui (Micro-crédit);21370
C4268;46;Employé;2514;Compte, Mastercard, Livret A, Assurance habitation, Banque en ligne;Non;15670
C4269;20;Étudiant;943;Compte jeune, Carte de retrait, Livret A, Banque en ligne, Paiement sans contact;Non;1550
C4270;45;Fonctionnaire;2754;Compte, Visa Classic, Plan épargne logement;Oui (Crédit conso);14750
C4271;44;Entrepreneur local;4490;Compte professionnel, Visa Business, Compte sur livret, Virement instantané, Terminal de paiement;Oui (Crédit de trésorerie);32110
C4272;74;Retraité;1849;Compte, Carte senior, Livret A;Non;22240
C4273;22;Étudiant;620;Compte jeune, Carte de retrait, Compte sur livret, Alerte SMS;Non;1000
C4274;62;Retraité;1528;Compte, Carte senior, Assurance vie;Non;23520
C4275;45;Sans emploi;903;Compte de base, Carte bancaire, Compte sur livret;Non;650
C4276;60;Entrepreneur local;5820;Compte courant, Visa Business, Compte sur livret, Banque en ligne;Non;38000
C4277;31;Employé;3240;Compte courant, Visa Classic, Assurance vie;Oui (Crédit conso);14770
C4278;47;Entrepreneur local;5037;Compte professionnel, Visa Business, Compte sur livret;Oui (Micro-crédit);12520
C4279;63;Commerçant;6121;Compte professionnel, Mastercard Business, Assurance vie;Oui (Crédit professionnel);49060
C4280;62;Indépendant;5412;Compte professionnel, Carte bancaire, PEA, Virement instantané, Banque en ligne;Non;36540
C4281;50;Entrepreneur local;5184;Compte, Mastercard Business, Compte sur livret, Virement instantané;Non;31240
C4282;36;Employé;3477;Compte premium, Mastercard, Plan épargne logement, Protection des moyens de paiement;Oui (Crédit auto);10420
C4283;41;Fonctionnaire;2594;Compte courant, Mastercard, Assurance vie;Non;16220
C4284;54;Entrepreneur local;8188;Compte professionnel, Carte pro, Assurance vie, Banque en ligne;Non;25660
C4285;23;Étudiant;581;Compte courant, Carte Jeune, Banque en ligne;Non;1000
C4286;23;Étudiant;811;Compte courant, Carte bancaire, Compte sur livret;Non;960
C4287;25;Sans emploi;1093;Compte de base, Carte de retrait, Livret A;Non;1050
C4288;33;Employé;2627;Compte joint, Carte bancaire, Plan épargne logement;Oui (Crédit immo + Crédit auto);4950
C4289;53;Employé;2732;Compte courant, Mastercard, Livret A, Assurance santé;Oui (Crédit auto);5130
C4290;39;Sans emploi;548;Compte, Carte de retrait, Compte sur livret;Non;150
C4291;37;Employé;3819;Compte premium, Mastercard, Assurance vie;Oui (Crédit immo + Crédit auto);16440
C4292;85;Retraité;2256;Compte joint, Carte de retrait, Assurance vie;Non;14560
C4293;40;Cadre;7155;Compte premium, Mastercard Gold, Plan épargne logement, Assurance santé, Alerte SMS;Oui (Crédit conso + Crédit auto);75370
C4294;22;Étudiant;463;Compte jeune, Carte de retrait, Compte sur livret;Non;220
C4295;39;Employé;1826;Compte courant, Carte premium, Assurance vie;Oui (Crédit immo);7040
C4296;46;Fonctionnaire;3891;Compte courant, Carte bancaire, Livret A;Non;23650
C4297;56;Sans emploi;988;Compte courant, Carte de retrait, Livret A, Paiement sans contact;Non;840
C4298;44;Employé;3860;Compte, Visa Classic, LDDS, Assurance habitation;Oui (Crédit conso);20390
C4299;32;Fonctionnaire;2892;Compte courant, Mastercard, Plan épargne logement, Alerte SMS;Non;21880
C4300;43;Sans emploi;507;Compte, Carte de retrait, Livret A;Non;570
C4301;34;Employé;2378;Compte courant, Mastercard, Plan épargne logement;Non;17400
C4302;44;Sans emploi;1063;Compte de base, Carte de retrait, Livret A;Non;910
C4303;36;Entrepreneur local;6093;Compte, Mastercard Business, Compte à terme, Virement instantané;Non;14060
C4304;31;Employé;2958;Compte joint, Carte premium, LDDS, Banque en ligne;Oui (Crédit conso);17550
C4305;49;Employé;2361;Compte courant, Carte premium, Livret A, Assurance santé, Alerte SMS;Non;18550
C4306;51;Cadre;7188;Compte joint, Mastercard Gold, Assurance vie, Assurance santé;Non;69310
C4307;35;Employé;1963;Compte, Carte premium, LDDS, Paiement sans contact;Oui (Crédit immo);5540
C4308;36;Employé;2530;Compte courant, Mastercard, Livret A;Non;9220
C4309;23;Étudiant;853;Compte, Carte bancaire, Livret A;Non;210
C4310;47;Employé;1355;Compte courant, Visa Classic, LDDS;Non;10120
C4311;50;Employé;3057;Compte joint, Mastercard, LDDS, Assurance santé, Paiement sans contact;Non;18940
C4312;46;Sans emploi;499;Compte de base, Carte de retrait, Livret A, Alerte SMS;Non;520
C4313;76;Retraité;2706;Compte courant, Carte senior, Livret A, Protection des moyens de paiement;Oui (Crédit conso);19510
C4314;43;Employé;3283;Compte, Visa Classic, LDDS;Non;8240
C4315;46;Artisan;3018;Compte pro, Carte pro, Assurance vie;Oui (Micro-crédit);15060
C4316;50;Fonctionnaire;4322;Compte premium, Visa Classic, Livret A, Assurance habitation;Oui (Crédit conso);32280
C4317;44;Artisan;4493;Compte, Carte bancaire, Compte à terme, Banque en ligne;Oui (Crédit professionnel);12520
C4318;40;Employé;3791;Compte joint, Visa Classic, Livret A, Alerte SMS;Non;8020
C4319;43;Employé;2995;Compte, Carte bancaire, Plan épargne logement;Non;10320
C4320;47;Employé;2087;Compte, Visa Classic, Plan épargne logement, Assurance habitation;Non;10170
C4321;48;Fonctionnaire;3937;Compte joint, Mastercard, LDDS, Assurance habitation;Oui (Crédit conso);46500
C4322;48;Cadre;5727;Compte joint, Carte premium, LDDS;Non;61370
C4323;38;Fonctionnaire;3678;Compte premium, Carte premium, Assurance vie, Protection des moyens de paiement;Non;11730
C4324;47;Indépendant;3071;Compte, Carte pro, Assurance vie, Virement instantané;Non;22330
C4325;53;Employé;2306;Compte, Mastercard, Plan épargne logement, Assurance habitation;Oui (Crédit conso);9910
C4326;42;Sans emploi;601;Compte courant, Carte de retrait, Paiement sans contact;Oui (Micro-crédit);450
C4327;44;Fonctionnaire;3638;Compte courant, Carte premium, Assurance vie, Assurance habitation;Non;34480
C4328;47;Entrepreneur local;4436;Compte, Mastercard Business, Compte sur livret, Carte pro;Oui (Crédit professionnel);27150
C4329;22;Étudiant;780;Compte jeune, Carte Jeune, Compte sur livret;Oui (Crédit conso);0
C4330;80;Retraité;2296;Compte joint, Carte de retrait, Compte sur livret, Alerte SMS;Oui (Crédit santé);23410
C4331;50;Employé;2802;Compte, Visa Classic, Assurance vie;Non;4040
C4332;48;Indépendant;2824;Compte courant, Visa Business, Compte sur livret, Virement instantané;Oui (Micro-crédit + Crédit professionnel);7360
C4333;61;Entrepreneur local;3783;Compte professionnel, Carte pro, Assurance vie;Non;1520
C4334;78;Retraité;2185;Compte joint, Carte senior, Livret A, Assurance vie, Protection des moyens de paiement;Non;12140
C4335;71;Retraité;1434;Compte senior, Carte de retrait, Livret A;Non;19080
C4336;35;Employé;3306;Compte courant, Visa Classic, Assurance vie;Non;13070
C4337;34;Sans emploi;935;Compte courant, Carte de retrait, Compte sur livret;Non;390
C4338;47;Cadre;5770;Compte premium, Visa Gold, Plan épargne logement;Non;41620
C4339;53;Entrepreneur local;3432;Compte pro, Carte pro, Assurance vie, Banque en ligne;Non;22070
C4340;63;Retraité;1594;Compte joint, Carte bancaire;Non;16660
C4341;40;Entrepreneur local;3481;Compte, Carte pro, Assurance vie;Oui (Crédit professionnel);14620
C4342;40;Employé;2317;Compte premium, Mastercard, Plan épargne logement, Protection des moyens de paiement;Oui (Crédit conso);9680
C4343;31;Commerçant;5534;Compte, Mastercard Business, Compte sur livret, Terminal de paiement;Non;38460
C4344;46;Employé;2752;Compte premium, Mastercard, Plan épargne logement;Non;14960
C4345;58;Fonctionnaire;4025;Compte joint, Carte premium, Plan épargne logement;Non;45580
C4346;32;Sans emploi;1273;Compte courant, Carte bancaire, Compte sur livret, Alerte SMS;Non;390
C4347;46;Employé;3530;Compte courant, Carte premium, Livret A;Non;19100
C4348;19;Étudiant;563;Compte d'épargne, Carte bancaire, Livret A, Alerte SMS;Oui (Crédit étudiant);1150
C4349;38;Employé;2675;Compte premium, Carte bancaire, Assurance vie;Oui (Crédit auto);15000
C4350;31;Artisan;6122;Compte pro, Carte pro, Assurance vie, Terminal de paiement;Non;46740
C4351;25;Sans emploi;1110;Compte courant, Carte bancaire, Livret A, Paiement sans contact;Non;1410
C4352;29;Employé;2808;Compte courant, Mastercard, LDDS;Non;13050
C4353;37;Entrepreneur local;3315;Compte pro, Carte pro, Assurance vie, Virement instantané;Non;25150
C4354;68;Retraité;1929;Compte, Carte senior, Assurance vie, Banque en ligne;Non;12840
C4355;63;Entrepreneur local;6304;Compte courant, Carte pro, Assurance vie, Banque en ligne;Non;45280
C4356;40;Artisan;4094;Compte, Carte pro, Compte à terme;Non;14630
C4357;36;Artisan;1957;Compte courant, Visa Business, Compte à terme, Terminal de paiement;Non;15300
C4358;51;Artisan;5600;Compte courant, Carte pro, PEA, Virement instantané;Non;38150
C4359;21;Étudiant;695;Compte, Carte Jeune, Compte sur livret, Alerte SMS;Non;1130
C4360;58;Employé;1816;Compte courant, Visa Classic, Plan épargne logement, Assurance santé;Oui (Crédit conso);11510
C4361;32;Sans emploi;1084;Compte courant, Carte de retrait, Compte sur livret, Banque en ligne;Non;330
C4362;47;Commerçant;4313;Compte pro, Mastercard Business, PEA, Terminal de paiement, Banque en ligne;Non;44410
C4363;29;Sans emploi;1064;Compte de base, Carte de retrait, Livret A, Banque en ligne, Paiement sans contact;Non;1300
C4364;21;Étudiant;826;Compte, Carte bancaire;Oui (Découvert autorisé);0
C4365;79;Retraité;1921;Compte courant, Carte bancaire, Assurance vie;Non;25880
C4366;21;Étudiant;614;Compte courant, Carte bancaire, Compte sur livret;Non;600
C4367;38;Fonctionnaire;2896;Compte courant, Carte bancaire, LDDS, Paiement sans contact;Oui (Crédit conso);26000
C4368;34;Employé;2898;Compte, Carte bancaire, Assurance vie;Non;14940
C4369;32;Employé;2259;Compte joint, Mastercard, Assurance vie, Protection des moyens de paiement;Non;10330
C4370;85;Retraité;2307;Compte senior, Carte senior, Livret A, Protection des moyens de paiement;Non;22030
C4371;46;Employé;2024;Compte courant, Visa Classic, Livret A, Protection des moyens de paiement, Alerte SMS;Oui (Crédit immo + Crédit auto);9800
C4372;29;Sans emploi;1059;Compte de base, Carte bancaire, Compte sur livret;Non;1640
C4373;49;Sans emploi;1115;Compte, Carte bancaire, Compte sur livret;Non;320
C4374;42;Sans emploi;763;Compte de base, Carte de retrait, Compte sur livret;Non;530
C4375;31;Employé;3141;Compte courant, Visa Classic, Livret A;Non;19730
C4376;22;Sans emploi;760;Compte de base, Carte bancaire, Compte sur livret, Paiement sans contact, Banque en ligne;Non;830
C4377;55;Employé;2671;Compte premium, Visa Classic, Plan épargne logement;Non;16630
C4378;34;Employé;2987;Compte joint, Carte premium, Assurance vie, Assurance santé;Oui (Crédit conso);10880
C4379;27;Employé;2591;Compte joint, Mastercard, Assurance vie, Paiement sans contact;Oui (Crédit auto);5860
C4380;23;Étudiant;847;Compte, Carte de retrait, Livret A, Banque en ligne;Non;1520
C4381;76;Retraité;2246;Compte courant, Carte de retrait, Assurance vie, Alerte SMS;Non;34880
C4382;40;Fonctionnaire;4376;Compte, Carte premium, LDDS, Banque en ligne;Non;32320
C4383;36;Employé;3293;Compte premium, Carte premium, Assurance vie;Oui (Crédit auto);10950
C4384;38;Fonctionnaire;2120;Compte courant, Mastercard, LDDS, Assurance habitation;Oui (Crédit immo);11400
C4385;44;Indépendant;3885;Compte pro, Carte bancaire, PEA, Banque en ligne;Non;6950
C4386;68;Retraité;2124;Compte, Carte de retrait, Compte sur livret;Non;23160
C4387;25;Étudiant;699;Compte jeune, Carte Jeune, Compte sur livret;Non;30
C4388;41;Cadre;5248;Compte premium, Carte bancaire, LDDS, Protection des moyens de paiement;Non;67320
C4389;78;Retraité;1560;Compte joint, Carte senior, Livret A, Assurance vie;Non;14390
C4390;52;Fonctionnaire;2807;Compte courant, Carte bancaire, LDDS;Oui (Crédit auto);30770
C4391;52;Artisan;3938;Compte pro, Visa Business, PEA, Banque en ligne;Non;25760
C4392;29;Artisan;6016;Compte professionnel, Carte pro, Compte à terme, Terminal de paiement;Non;35020
C4393;47;Indépendant;4468;Compte, Carte pro, Compte à terme, Terminal de paiement;Non;8230
C4394;35;Employé;3763;Compte, Mastercard, Assurance vie, Banque en ligne;Oui (Crédit conso);16590
C4395;57;Artisan;4169;Compte professionnel, Carte pro, PEA, Virement instantané;Non;34920
C4396;43;Employé;3113;Compte premium, Mastercard, Assurance vie;Non;16180
C4397;47;Employé;3308;Compte joint, Carte premium, Livret A, Assurance santé;Non;19220
C4398;54;Employé;2980;Compte premium, Mastercard, Assurance vie, Assurance santé;Oui (Crédit conso);10380
C4399;55;Employé;3069;Compte courant, Carte premium, Assurance vie, Assurance habitation;Non;16180
C4400;22;Étudiant;762;Compte, Carte Jeune, Compte sur livret, Paiement sans contact;Non;810
C4401;35;Employé;3389;Compte, Carte bancaire, LDDS;Oui (Crédit conso + Crédit auto);13670
C4402;37;Fonctionnaire;2348;Compte, Carte bancaire, Assurance vie;Oui (Crédit immo);8600
C4403;40;Employé;2867;Compte joint, Visa Classic, Livret A, Assurance habitation, Alerte SMS;Non;16540
C4404;68;Retraité;2614;Compte, Carte de retrait, LDDS, Assurance santé;Non;32390
C4405;35;Employé;2343;Compte courant, Mastercard, Assurance vie, Banque en ligne;Non;9270
C4406;48;Artisan;5092;Compte courant, Carte bancaire, Assurance vie, Banque en ligne;Non;17520
C4407;35;Entrepreneur local;6504;Compte courant, Carte pro, PEA;Oui (Micro-crédit);39890
C4408;45;Employé;2705;Compte joint, Carte bancaire, Livret A;Non;14430
C4409;45;Employé;3134;Compte joint, Carte bancaire, LDDS, Paiement sans contact;Oui (Crédit auto);6880
C4410;55;Employé;3359;Compte premium, Carte bancaire, Plan épargne logement, Assurance santé;Oui (Crédit conso + Crédit immo);12670
C4411;72;Retraité;2698;Compte, Carte de retrait, Assurance vie, Protection des moyens de paiement;Oui (Crédit auto);6780
C4412;32;Sans emploi;888;Compte courant, Carte de retrait, Compte sur livret;Oui (Découvert autorisé);60
C4413;33;Employé;2148;Compte premium, Carte bancaire, Assurance vie;Non;12040
C4414;50;Artisan;2934;Compte professionnel, Carte pro, PEA;Oui (Micro-crédit);14450
C4415;48;Cadre;4870;Compte courant, Visa Gold, LDDS, Assurance habitation, Virement instantané;Non;74390
C4416;46;Employé;4251;Compte, Carte bancaire, Livret A;Oui (Crédit immo);9730
C4417;36;Cadre;5996;Compte courant, Visa Gold, Assurance vie, Assurance santé;Non;46220
C4418;40;Employé;3353;Compte premium, Mastercard, LDDS;Non;16330
C4419;36;Artisan;3233;Compte pro, Carte bancaire, Assurance vie, Carte pro;Oui (Crédit professionnel);21690
C4420;43;Indépendant;2247;Compte pro, Carte pro, PEA, Banque en ligne;Non;12960
C4421;56;Fonctionnaire;3215;Compte joint, Carte bancaire, Assurance vie;Non;19310
C4422;45;Indépendant;4619;Compte, Carte pro, Compte à terme, Terminal de paiement;Non;32730
C4423;48;Employé;2763;Compte, Visa Classic, Livret A;Oui (Crédit immo);6460
C4424;78;Retraité;2506;Compte courant, Carte senior, LDDS, Assurance santé;Non;33120
C4425;43;Artisan;2365;Compte, Carte pro, Compte à terme, Terminal de paiement;Non;12420
C4426;44;Artisan;3751;Compte professionnel, Carte bancaire, Compte sur livret;Oui (Crédit professionnel);9730
C4427;43;Employé;3010;Compte, Visa Classic, LDDS;Non;14220
C4428;44;Employé;3385;Compte, Visa Classic, Livret A;Non;24310
C4429;46;Fonctionnaire;4016;Compte courant, Carte bancaire, LDDS;Oui (Crédit immo);7470
C4430;37;Fonctionnaire;2571;Compte joint, Visa Classic, Assurance vie, Alerte SMS;Non;22380
C4431;83;Retraité;2160;Compte joint, Carte de retrait, LDDS, Protection des moyens de paiement;Non;13270
C4432;42;Fonctionnaire;3680;Compte courant, Carte premium, Livret A;Oui (Crédit conso);9350
C4433;52;Cadre;5780;Compte, Visa Gold, PEA;Non;72340
C4434;75;Retraité;1237;Compte joint, Carte senior, Compte sur livret, Alerte SMS;Non;6220
C4435;21;Étudiant;583;Compte jeune, Carte bancaire, Compte sur livret, Paiement sans contact;Non;870
C4436;40;Employé;2294;Compte premium, Visa Classic, Assurance vie, Protection des moyens de paiement;Oui (Crédit auto);13490
C4437;61;Entrepreneur local;8145;Compte pro, Carte pro, Compte sur livret;Non;15730
C4438;54;Employé;2448;Compte joint, Carte premium, Plan épargne logement;Oui (Crédit conso);9380
C4439;26;Employé;2331;Compte premium, Mastercard, Plan épargne logement, Assurance habitation;Non;13300
C4440;44;Employé;3034;Compte premium, Carte bancaire, Assurance vie;Non;8230
C4441;30;Employé;2974;Compte premium, Carte bancaire, Livret A;Non;19300
C4442;18;Étudiant;452;Compte d'épargne, Carte de retrait, Livret A;Non;1000
C4443;43;Employé;1931;Compte, Visa Classic, LDDS, Protection des moyens de paiement;Non;9500
C4444;44;Employé;2252;Compte joint, Mastercard, Assurance vie;Non;15990
C4445;53;Fonctionnaire;4507;Compte joint, Visa Classic, Plan épargne logement;Non;36240
C4446;41;Fonctionnaire;2166;Compte joint, Carte premium, Assurance vie, Assurance habitation;Non;15950
C4447;39;Employé;4152;Compte courant, Carte premium, LDDS, Protection des moyens de paiement;Non;26540
C4448;55;Cadre;5736;Compte joint, Carte premium, LDDS, Banque en ligne;Non;88030
C4449;37;Artisan;4993;Compte, Carte bancaire, Compte sur livret, Banque en ligne;Non;22540
C4450;31;Fonctionnaire;2861;Compte premium, Mastercard, LDDS, Paiement sans contact;Oui (Crédit immo);15430
C4451;28;Sans emploi;711;Compte, Carte de retrait, Livret A;Non;220
C4452;32;Fonctionnaire;3082;Compte joint, Carte premium, Plan épargne logement, Banque en ligne;Non;25490
C4453;68;Retraité;1282;Compte joint, Carte senior, LDDS, Protection des moyens de paiement;Non;18380
C4454;69;Retraité;2408;Compte joint, Carte senior, Livret A;Oui (Crédit santé);9880
C4455;40;Employé;4203;Compte premium, Mastercard, Assurance vie, Protection des moyens de paiement;Non;16380
C4456;36;Employé;3292;Compte courant, Mastercard, Livret A, Assurance santé;Non;9300
C4457;54;Entrepreneur local;5851;Compte professionnel, Visa Business, Compte à terme, Virement instantané;Oui (Micro-crédit);18390
C4458;29;Sans emploi;702;Compte courant, Carte de retrait, Compte sur livret;Non;500
C4459;23;Étudiant;734;Compte jeune, Carte bancaire, Compte sur livret;Non;530
C4460;41;Sans emploi;935;Compte courant, Carte de retrait, Livret A, Alerte SMS;Non;940
C4461;78;Retraité;2575;Compte joint, Carte bancaire, Assurance vie, Protection des moyens de paiement, Alerte SMS;Non;21580
C4462;22;Étudiant;655;Compte, Carte bancaire, Livret A;Non;820
C4463;25;Étudiant;883;Compte, Carte Jeune, Banque en ligne;Non;1000
C4464;24;Sans emploi;683;Compte, Carte bancaire, Alerte SMS;Non;980
C4465;66;Retraité;2000;Compte, Carte senior, LDDS;Non;25160
C4466;36;Fonctionnaire;3178;Compte joint, Mastercard, Livret A, Assurance santé;Non;11620
C4467;45;Commerçant;5508;Compte, Visa Business, PEA, Virement instantané;Oui (Crédit professionnel);11630
C4468;79;Retraité;2231;Compte senior, Carte de retrait, Assurance vie;Non;28200
C4469;58;Indépendant;5655;Compte courant, Visa Business, PEA, Carte pro;Non;58880
C4470;46;Artisan;3482;Compte pro, Carte pro, PEA;Oui (Crédit professionnel);12930
C4471;57;Entrepreneur local;7610;Compte professionnel, Mastercard Business, Assurance vie, Terminal de paiement;Oui (Crédit professionnel + Crédit de trésorerie);25550
C4472;39;Cadre;4514;Compte courant, Mastercard Gold, Livret A;Non;40090
C4473;31;Entrepreneur local;3116;Compte courant, Carte pro, Compte sur livret, Terminal de paiement, Banque en ligne;Non;8930
C4474;21;Étudiant;710;Compte d'épargne, Carte de retrait, Compte sur livret;Non;210
C4475;36;Employé;3491;Compte courant, Carte premium, LDDS, Banque en ligne;Non;10990
C4476;23;Étudiant;828;Compte, Carte de retrait, Livret A;Non;1060
C4477;52;Cadre;5431;Compte joint, Carte premium, Livret A, Protection des moyens de paiement;Oui (Crédit auto);8760
C4478;25;Étudiant;883;Compte courant, Carte bancaire, Compte sur livret;Non;1120
C4479;42;Artisan;5958;Compte courant, Carte bancaire, Assurance vie;Non;25780
C4480;39;Fonctionnaire;3944;Compte, Mastercard, Assurance vie, Assurance santé;Oui (Crédit conso);45910
C4481;40;Employé;4065;Compte premium, Carte premium, Plan épargne logement, Assurance habitation;Non;23070
C4482;26;Employé;3590;Compte, Carte bancaire, Assurance vie, Assurance habitation;Oui (Crédit conso);10920
C4483;72;Retraité;1779;Compte senior, Carte bancaire, Assurance vie, Assurance santé;Oui (Crédit santé);11740
C4484;55;Artisan;3264;Compte courant, Carte pro, PEA;Non;28840
C4485;37;Employé;2596;Compte premium, Carte premium, LDDS, Paiement sans contact;Oui (Crédit immo);9470
C4486;36;Artisan;4509;Compte courant, Carte pro, Compte à terme;Non;31560
C4487;51;Employé;2736;Compte, Visa Classic, Livret A, Protection des moyens de paiement;Oui (Crédit immo);11200
C4488;33;Employé;3824;Compte courant, Carte bancaire, Plan épargne logement, Protection des moyens de paiement;Non;7040
C4489;44;Fonctionnaire;3078;Compte, Mastercard, Livret A, Assurance habitation;Oui (Crédit conso);15220
C4490;75;Retraité;969;Compte courant, Carte de retrait, Livret A;Non;4500
C4491;32;Commerçant;5759;Compte courant, Visa Business, Compte sur livret;Oui (Micro-crédit);33640
C4492;33;Employé;3281;Compte premium, Visa Classic, Livret A;Oui (Crédit conso);16220
C4493;30;Employé;2006;Compte courant, Visa Classic, Plan épargne logement;Oui (Crédit conso);7400
C4494;21;Étudiant;843;Compte jeune, Carte de retrait, Livret A;Non;1000
C4495;31;Artisan;5321;Compte, Carte bancaire, Compte sur livret, Virement instantané;Non;34240
C4496;35;Entrepreneur local;7223;Compte professionnel, Visa Business, Assurance vie, Terminal de paiement, Virement instantané;Non;21160
C4497;48;Fonctionnaire;2753;Compte joint, Visa Classic, LDDS;Oui (Crédit immo);22830
C4498;54;Employé;3688;Compte premium, Mastercard, Livret A, Assurance habitation;Oui (Crédit conso);22760
C4499;53;Fonctionnaire;2492;Compte, Visa Classic, Livret A;Oui (Crédit immo);10040
C4500;40;Cadre;4928;Compte, Visa Gold, Livret A;Oui (Crédit auto);50280
C4501;22;Étudiant;746;Compte, Carte de retrait, Compte sur livret, Paiement sans contact;Non;440
C4502;43;Entrepreneur local;4798;Compte professionnel, Visa Business, Assurance vie, Terminal de paiement, Banque en ligne;Oui (Crédit de trésorerie);13870
C4503;32;Fonctionnaire;3316;Compte premium, Visa Classic, LDDS, Assurance santé, Alerte SMS;Non;17710
C4504;63;Retraité;2959;Compte joint, Carte bancaire, Assurance vie;Non;38540
C4505;40;Sans emploi;901;Compte, Carte de retrait, Compte sur livret;Non;1020
C4506;34;Employé;1919;Compte joint, Visa Classic, Plan épargne logement, Assurance santé;Non;14080
C4507;33;Sans emploi;1149;Compte courant, Carte bancaire, Alerte SMS;Non;2120
C4508;49;Fonctionnaire;4187;Compte, Mastercard, Plan épargne logement, Assurance habitation;Non;41720
C4509;54;Fonctionnaire;4950;Compte premium, Mastercard, LDDS;Non;49250
C4510;39;Employé;2103;Compte, Carte bancaire, Assurance vie;Oui (Crédit conso + Crédit immo);10360
C4511;26;Étudiant;923;Compte courant, Carte de retrait, Compte sur livret, Paiement sans contact;Non;0
C4512;51;Entrepreneur local;5183;Compte, Mastercard Business, PEA, Carte pro;Oui (Crédit professionnel);20820
C4513;35;Sans emploi;606;Compte, Carte de retrait, Compte sur livret, Alerte SMS;Oui (Découvert autorisé);300
C4514;56;Artisan;4953;Compte, Visa Business, Compte à terme, Banque en ligne;Non;3700
C4515;35;Employé;2972;Compte courant, Visa Classic, Plan épargne logement, Assurance habitation, Banque en ligne;Oui (Crédit immo);8290
C4516;26;Étudiant;965;Compte courant, Carte bancaire, Compte sur livret, Banque en ligne;Non;960
C4517;19;Étudiant;829;Compte d'épargne, Carte Jeune, Livret A;Non;760
C4518;28;Entrepreneur local;2936;Compte pro, Visa Business, Compte à terme, Terminal de paiement;Non;9480
C4519;67;Retraité;2944;Compte joint, Carte bancaire, LDDS, Assurance santé;Oui (Crédit auto);31390
C4520;54;Fonctionnaire;3052;Compte premium, Carte premium, Plan épargne logement;Oui (Crédit auto);16870
C4521;44;Employé;2333;Compte courant, Mastercard, Livret A;Oui (Crédit conso);11250
C4522;40;Fonctionnaire;3531;Compte premium, Mastercard, Livret A, Assurance habitation;Oui (Crédit auto);24920
C4523;24;Employé;2035;Compte premium, Carte premium, LDDS, Assurance santé;Non;11170
C4524;37;Fonctionnaire;4329;Compte, Carte premium, Assurance vie, Banque en ligne;Oui (Crédit immo);42010
C4525;36;Commerçant;4235;Compte professionnel, Carte pro, PEA, Terminal de paiement;Non;39290
C4526;65;Indépendant;3596;Compte professionnel, Visa Business, Assurance vie;Oui (Micro-crédit);18550
C4527;76;Retraité;2581;Compte courant, Carte bancaire, Compte sur livret;Non;19680
C4528;26;Étudiant;593;Compte, Carte de retrait, Livret A, Paiement sans contact;Non;1060
C4529;27;Entrepreneur local;5541;Compte courant, Mastercard Business, Assurance vie, Carte pro;Non;42990
C4530;59;Sans emploi;1186;Compte, Carte de retrait, Compte sur livret, Banque en ligne, Paiement sans contact;Oui (Micro-crédit);1340
C4531;36;Employé;3890;Compte joint, Carte bancaire, LDDS, Protection des moyens de paiement;Non;12540
C4532;38;Employé;3086;Compte courant, Carte premium, Plan épargne logement;Non;15070
C4533;75;Retraité;2156;Compte, Carte bancaire, Compte sur livret, Assurance vie;Non;17270
C4534;38;Employé;2974;Compte joint, Mastercard, LDDS, Paiement sans contact;Non;13680
C4535;29;Sans emploi;1243;Compte, Carte bancaire, Livret A, Alerte SMS;Non;1450
C4536;42;Employé;2917;Compte joint, Carte bancaire, Assurance vie;Oui (Crédit conso);10380
C4537;60;Sans emploi;851;Compte courant, Carte bancaire, Compte sur livret;Oui (Crédit conso);590
C4538;33;Employé;2482;Compte premium, Visa Classic, LDDS, Protection des moyens de paiement;Non;10210
C4539;37;Employé;3031;Compte joint, Carte premium, Assurance vie;Oui (Crédit auto);18820
C4540;45;Fonctionnaire;3361;Compte courant, Visa Classic, Assurance vie, Assurance santé;Oui (Crédit conso);30970
C4541;43;Fonctionnaire;3902;Compte courant, Mastercard, Livret A;Oui (Crédit conso);19980
C4542;38;Entrepreneur local;4738;Compte pro, Mastercard Business, Assurance vie, Carte pro;Non;29640
C4543;74;Retraité;2341;Compte senior, Carte senior, LDDS;Non;17070
C4544;19;Étudiant;518;Compte, Carte bancaire, Livret A, Paiement sans contact;Oui (Découvert autorisé);0
C4545;40;Sans emploi;602;Compte de base, Carte bancaire, Livret A;Oui (Crédit conso);490
C4546;47;Artisan;3528;Compte professionnel, Visa Business, Compte sur livret;Non;17300
C4547;32;Employé;2881;Compte courant, Mastercard, LDDS, Banque en ligne;Oui (Crédit conso + Crédit auto);4430
C4548;39;Employé;2547;Compte, Carte bancaire, LDDS, Assurance habitation;Non;6190
C4549;34;Artisan;4451;Compte courant, Carte pro, Assurance vie, Terminal de paiement, Virement instantané;Oui (Crédit véhicule);4570
C4550;44;Entrepreneur local;2778;Compte pro, Mastercard Business, PEA, Virement instantané;Non;17090
C4551;39;Fonctionnaire;2718;Compte courant, Visa Classic, Assurance vie;Non;22380
C4552;48;Cadre;5719;Compte courant, Mastercard Gold, LDDS, Assurance habitation;Non;51690
C4553;51;Employé;2373;Compte premium, Visa Classic, LDDS, Assurance santé;Non;16710
C4554;30;Employé;2477;Compte premium, Carte bancaire, Plan épargne logement, Assurance santé, Paiement sans contact;Non;11050
C4555;43;Entrepreneur local;4558;Compte, Mastercard Business, PEA, Carte pro;Non;25610
C4556;35;Employé;3552;Compte joint, Carte premium, Livret A, Assurance santé;Non;16480
C4557;41;Fonctionnaire;4005;Compte premium, Visa Classic, Assurance vie;Non;43210
C4558;61;Retraité;1713;Compte, Carte de retrait, Assurance vie, Protection des moyens de paiement;Non;28300
C4559;38;Sans emploi;663;Compte courant, Carte bancaire;Non;780
C4560;74;Retraité;2408;Compte joint, Carte bancaire, LDDS, Protection des moyens de paiement, Alerte SMS;Oui (Crédit conso);35520
C4561;46;Fonctionnaire;2271;Compte premium, Mastercard, Assurance vie, Assurance habitation;Non;23380
C4562;33;Employé;3336;Compte, Visa Classic, LDDS;Non;20980
C4563;28;Employé;2565;Compte, Carte bancaire, LDDS;Non;11740
C4564;82;Retraité;2409;Compte, Carte bancaire, Assurance vie;Non;28020
C4565;39;Cadre;5607;Compte courant, Carte premium, Plan épargne logement, Protection des moyens de paiement;Non;62620
C4566;30;Artisan;3196;Compte courant, Carte bancaire, Compte à terme, Banque en ligne;Oui (Crédit professionnel);16340
C4567;26;Étudiant;1115;Compte jeune, Carte Jeune, Alerte SMS;Non;1410
C4568;39;Employé;2424;Compte courant, Visa Classic, LDDS;Oui (Crédit auto);11330
C4569;35;Fonctionnaire;3830;Compte, Mastercard, Plan épargne logement, Assurance santé;Oui (Crédit conso);38760
C4570;58;Entrepreneur local;6338;Compte, Mastercard Business, PEA;Non;25240
C4571;53;Artisan;5407;Compte pro, Carte pro, PEA;Non;43820
C4572;44;Employé;4285;Compte, Carte bancaire, Livret A;Oui (Crédit immo);11740
C4573;33;Fonctionnaire;4304;Compte joint, Mastercard, Plan épargne logement;Non;17760
C4574;40;Artisan;2804;Compte pro, Carte bancaire, Compte à terme, Terminal de paiement;Non;12070
C4575;46;Employé;2020;Compte joint, Mastercard, Plan épargne logement, Assurance habitation;Non;9010
C4576;27;Sans emploi;956;Compte, Carte de retrait, Livret A;Non;910
C4577;39;Cadre;5065;Compte premium, Mastercard Gold, Livret A, Protection des moyens de paiement;Oui (Crédit conso);24500
C4578;50;Cadre;5414;Compte courant, Carte premium, PEA;Non;51660
C4579;42;Sans emploi;861;Compte courant, Carte bancaire, Compte sur livret, Banque en ligne;Non;1050
C4580;43;Fonctionnaire;2504;Compte premium, Carte bancaire, Livret A;Non;17750
C4581;65;Retraité;1685;Compte, Carte bancaire, Assurance vie;Non;9870
C4582;57;Artisan;5122;Compte, Carte bancaire, PEA;Non;21460
C4583;71;Retraité;2589;Compte senior, Carte de retrait, LDDS, Alerte SMS;Non;15530
C4584;21;Étudiant;612;Compte d'épargne, Carte de retrait, Compte sur livret, Banque en ligne;Oui (Découvert autorisé);310
C4585;68;Retraité;1827;Compte courant, Carte senior, Livret A;Non;8830
C4586;46;Employé;1591;Compte courant, Visa Classic, Livret A, Assurance santé;Oui (Crédit auto);2930
C4587;49;Fonctionnaire;3433;Compte courant, Visa Classic, Plan épargne logement;Oui (Crédit conso);21890
C4588;37;Employé;2555;Compte joint, Carte bancaire, LDDS;Non;12990
C4589;40;Entrepreneur local;5108;Compte pro, Carte pro, Compte sur livret;Oui (Micro-crédit);31860
C4590;42;Sans emploi;632;Compte de base, Carte bancaire, Livret A;Oui (Découvert autorisé);530
C4591;45;Fonctionnaire;3892;Compte premium, Carte bancaire, Assurance vie;Non;21770
C4592;33;Employé;4278;Compte courant, Carte premium, Assurance vie, Protection des moyens de paiement;Non;21630
C4593;57;Artisan;1866;Compte professionnel, Carte pro, Compte à terme;Non;11870
C4594;82;Retraité;1567;Compte, Carte bancaire;Non;15460
C4595;20;Étudiant;697;Compte courant, Carte bancaire, Livret A, Paiement sans contact;Non;1010
C4596;38;Entrepreneur local;2251;Compte courant, Mastercard Business, Compte sur livret, Virement instantané;Oui (Crédit professionnel);14240
C4597;39;Entrepreneur local;6940;Compte courant, Carte pro, Compte à terme, Virement instantané;Non;47870
C4598;40;Artisan;2683;Compte pro, Visa Business, Assurance vie, Virement instantané;Non;21360
C4599;25;Sans emploi;684;Compte courant, Carte bancaire, Banque en ligne;Non;700
C4600;83;Retraité;1782;Compte joint, Carte senior;Non;23680
C4601;58;Artisan;3682;Compte, Visa Business, PEA, Carte pro;Non;21710
C4602;50;Artisan;3521;Compte professionnel, Carte bancaire, Assurance vie, Banque en ligne;Oui (Micro-crédit);22360
C4603;35;Fonctionnaire;3770;Compte, Mastercard, Livret A;Non;38520
C4604;53;Entrepreneur local;6824;Compte pro, Mastercard Business, Compte sur livret, Terminal de paiement;Non;37710
C4605;41;Employé;3885;Compte premium, Carte premium, LDDS, Assurance santé;Non;11760
C4606;47;Commerçant;2118;Compte pro, Carte pro, Compte sur livret;Non;9570
C4607;19;Étudiant;662;Compte, Carte de retrait, Compte sur livret, Alerte SMS;Non;490
C4608;37;Fonctionnaire;4470;Compte premium, Carte premium, Assurance vie, Protection des moyens de paiement, Banque en ligne;Oui (Crédit auto);33480
C4609;77;Retraité;2175;Compte, Carte bancaire, Livret A;Non;24180
C4610;27;Artisan;3262;Compte pro, Carte bancaire, PEA, Terminal de paiement;Non;18430
C4611;46;Entrepreneur local;5079;Compte courant, Carte pro, Assurance vie, Virement instantané;Non;33830
C4612;41;Entrepreneur local;4345;Compte pro, Visa Business, Compte à terme, Banque en ligne;Non;23890
C4613;68;Retraité;1933;Compte courant, Carte bancaire, Assurance vie, Protection des moyens de paiement, Alerte SMS;Non;24040
C4614;47;Sans emploi;1099;Compte, Carte bancaire, Livret A;Non;1360
C4615;78;Retraité;2192;Compte joint, Carte bancaire, Livret A;Non;13920
C4616;40;Fonctionnaire;4268;Compte joint, Carte bancaire, Assurance vie, Assurance habitation;Non;26300
C4617;25;Étudiant;673;Compte d'épargne, Carte Jeune, Livret A, Paiement sans contact;Non;590
C4618;62;Sans emploi;602;Compte courant, Carte de retrait, Livret A;Non;430
C4619;30;Employé;2508;Compte courant, Carte premium, Plan épargne logement, Assurance santé;Non;15880
C4620;44;Sans emploi;1354;Compte, Carte de retrait, Livret A;Oui (Micro-crédit);610
C4621;31;Employé;2043;Compte, Mastercard, Livret A, Protection des moyens de paiement;Oui (Crédit auto);7000
C4622;29;Employé;2299;Compte premium, Mastercard, Assurance vie;Oui (Crédit conso);8670
C4623;32;Employé;2801;Compte joint, Carte bancaire, Plan épargne logement;Non;13690
C4624;46;Fonctionnaire;2871;Compte joint, Mastercard, LDDS, Protection des moyens de paiement;Non;33240
C4625;35;Artisan;2703;Compte courant, Carte pro, PEA;Oui (Micro-crédit);13120
C4626;52;Fonctionnaire;4431;Compte, Carte bancaire, Livret A;Non;34920
C4627;32;Employé;3328;Compte premium, Mastercard, Livret A, Assurance santé;Non;9480
C4628;38;Fonctionnaire;4294;Compte joint, Carte premium, Plan épargne logement;Non;20830
C4629;47;Employé;2540;Compte, Carte premium, Livret A;Non;17410
C4630;45;Employé;3211;Compte, Carte premium, LDDS;Non;13160
C4631;62;Retraité;1462;Compte, Carte de retrait, LDDS;Non;16400
C4632;41;Entrepreneur local;6119;Compte professionnel, Mastercard Business, PEA, Terminal de paiement;Non;29120
C4633;58;Employé;1755;Compte premium, Visa Classic, Plan épargne logement;Oui (Crédit immo);7550
C4634;38;Employé;2232;Compte, Carte premium, LDDS;Non;14000
C4635;48;Employé;2851;Compte premium, Carte premium, Plan épargne logement, Assurance santé, Banque en ligne;Non;11490
C4636;24;Étudiant;693;Compte, Carte Jeune, Livret A;Oui (Crédit étudiant);270
C4637;51;Cadre;6003;Compte, Carte bancaire, Plan épargne logement;Oui (Crédit conso);54030
C4638;52;Employé;2290;Compte, Carte premium, Livret A;Non;1920
C4639;46;Artisan;2911;Compte pro, Visa Business, PEA, Banque en ligne;Non;15560
C4640;43;Fonctionnaire;3297;Compte joint, Mastercard, Livret A, Assurance habitation;Non;28220
C4641;42;Employé;2355;Compte joint, Carte bancaire, Livret A, Assurance santé;Non;4830
C4642;35;Employé;3073;Compte joint, Visa Classic, Assurance vie;Non;21170
C4643;46;Sans emploi;1155;Compte courant, Carte bancaire, Livret A;Oui (Micro-crédit);730
C4644;54;Employé;2908;Compte joint, Carte premium, Livret A;Non;4830
C4645;45;Employé;3377;Compte premium, Carte premium, Livret A, Assurance habitation, Paiement sans contact;Oui (Crédit auto);18920
C4646;39;Sans emploi;1064;Compte, Carte de retrait, Compte sur livret, Alerte SMS;Non;400
C4647;48;Commerçant;4190;Compte, Carte pro, Compte sur livret, Terminal de paiement;Non;31070
C4648;21;Étudiant;511;Compte, Carte bancaire, Compte sur livret, Alerte SMS;Oui (Crédit conso);360
C4649;73;Retraité;1839;Compte senior, Carte bancaire, Assurance vie, Protection des moyens de paiement;Non;26530
C4650;55;Employé;2227;Compte courant, Carte bancaire, LDDS;Non;7890
C4651;42;Fonctionnaire;4507;Compte premium, Carte premium, Livret A, Protection des moyens de paiement;Non;39120
C4652;64;Retraité;1706;Compte, Carte bancaire, Livret A;Non;13070
C4653;44;Entrepreneur local;7949;Compte courant, Mastercard Business, Compte sur livret, Carte pro, Terminal de paiement;Oui (Crédit professionnel);47100
C4654;53;Entrepreneur local;4726;Compte courant, Visa Business, Compte à terme, Terminal de paiement;Non;44070
C4655;80;Retraité;2862;Compte joint, Carte de retrait, LDDS, Protection des moyens de paiement, Banque en ligne;Non;23140
C4656;23;Étudiant;927;Compte d'épargne, Carte de retrait, Compte sur livret, Banque en ligne;Oui (Découvert autorisé);1300
C4657;52;Cadre;7124;Compte joint, Mastercard Gold, LDDS;Oui (Crédit conso);92670
C4658;40;Employé;1914;Compte, Mastercard, Assurance vie, Assurance santé;Oui (Crédit auto);7190
C4659;36;Employé;3341;Compte, Carte premium, Livret A, Assurance habitation, Paiement sans contact;Oui (Crédit conso);13580
C4660;64;Retraité;1757;Compte joint, Carte bancaire, Livret A, Protection des moyens de paiement;Non;23030
C4661;21;Étudiant;703;Compte courant, Carte bancaire, Livret A, Alerte SMS;Non;1320
C4662;34;Employé;3478;Compte, Mastercard, LDDS, Protection des moyens de paiement, Paiement sans contact;Oui (Crédit immo);8070
C4663;20;Étudiant;980;Compte, Carte de retrait, Compte sur livret;Oui (Découvert autorisé);1050
C4664;40;Employé;2328;Compte joint, Carte bancaire, LDDS;Oui (Crédit auto);9180
C4665;51;Entrepreneur local;3422;Compte, Mastercard Business, PEA, Virement instantané;Non;22000
C4666;74;Retraité;2537;Compte senior, Carte de retrait, Livret A, Assurance santé;Non;42460
C4667;71;Retraité;2792;Compte courant, Carte bancaire, Compte sur livret, Assurance vie;Non;25540
C4668;41;Fonctionnaire;3566;Compte, Visa Classic, Livret A;Oui (Crédit auto);27860
C4669;81;Retraité;2587;Compte courant, Carte bancaire, Compte sur livret;Oui (Crédit auto);26860
C4670;49;Employé;2578;Compte joint, Mastercard, Livret A, Assurance habitation;Oui (Crédit immo);10470
C4671;76;Retraité;2140;Compte senior, Carte de retrait, Compte sur livret;Non;21110
C4672;38;Employé;3440;Compte joint, Carte bancaire, LDDS, Protection des moyens de paiement;Oui (Crédit immo);14400
C4673;23;Employé;3474;Compte courant, Carte bancaire, Livret A, Assurance habitation, Paiement sans contact;Non;10810
C4674;38;Employé;3843;Compte joint, Visa Classic, LDDS, Protection des moyens de paiement;Non;20250
C4675;49;Employé;2890;Compte courant, Visa Classic, LDDS, Assurance santé;Non;13480
C4676;48;Fonctionnaire;3994;Compte premium, Carte bancaire, Plan épargne logement, Assurance habitation, Paiement sans contact;Non;44300
C4677;25;Étudiant;944;Compte, Carte bancaire, Compte sur livret, Paiement sans contact;Non;0
C4678;27;Sans emploi;1111;Compte courant, Carte de retrait, Compte sur livret;Oui (Crédit conso);1120
C4679;47;Cadre;5146;Compte joint, Carte premium, PEA, Assurance santé, Virement instantané;Oui (Crédit auto);29940
C4680;36;Sans emploi;789;Compte, Carte de retrait, Compte sur livret;Non;1470
C4681;43;Employé;2622;Compte, Carte bancaire, Livret A, Assurance habitation;Oui (Crédit conso);10220
C4682;56;Entrepreneur local;5138;Compte pro, Visa Business, Assurance vie, Terminal de paiement;Oui (Crédit professionnel);9960
C4683;42;Entrepreneur local;3125;Compte, Mastercard Business, Compte sur livret, Terminal de paiement;Non;25630
C4684;61;Entrepreneur local;6662;Compte courant, Mastercard Business, Assurance vie, Banque en ligne;Non;45680
C4685;26;Étudiant;906;Compte, Carte Jeune, Livret A, Alerte SMS;Non;1150
C4686;48;Entrepreneur local;4573;Compte courant, Mastercard Business, Assurance vie;Non;13440
C4687;47;Artisan;4710;Compte, Carte pro, Compte à terme;Non;11250
C4688;42;Employé;2575;Compte courant, Carte premium, Assurance vie, Assurance santé;Oui (Crédit conso);8960
C4689;41;Employé;2767;Compte premium, Carte bancaire, LDDS;Non;15200
C4690;37;Employé;3935;Compte premium, Mastercard, Livret A, Assurance santé, Banque en ligne;Oui (Crédit conso);11460
C4691;44;Employé;2832;Compte, Mastercard, LDDS, Protection des moyens de paiement, Banque en ligne;Oui (Crédit conso + Crédit immo);8730
C4692;57;Artisan;5937;Compte pro, Carte pro, PEA, Terminal de paiement;Oui (Crédit professionnel);27320
C4693;45;Employé;3498;Compte premium, Visa Classic, LDDS, Paiement sans contact;Non;12620
C4694;32;Sans emploi;922;Compte courant, Carte de retrait, Livret A, Alerte SMS;Non;1240
C4695;46;Artisan;3983;Compte professionnel, Visa Business, Compte sur livret, Carte pro;Non;22830
C4696;39;Employé;2804;Compte, Carte premium, LDDS, Protection des moyens de paiement;Oui (Crédit auto);10700
C4697;29;Employé;2760;Compte joint, Carte premium, Plan épargne logement, Banque en ligne;Oui (Crédit conso + Crédit immo);3440
C4698;37;Employé;2152;Compte joint, Carte premium, Livret A, Protection des moyens de paiement;Oui (Crédit conso);4820
C4699;24;Étudiant;834;Compte d'épargne, Carte Jeune, Livret A, Alerte SMS;Oui (Crédit étudiant);800
C4700;31;Employé;2366;Compte, Visa Classic, Livret A, Protection des moyens de paiement;Oui (Crédit auto);11760
C4701;41;Employé;3638;Compte courant, Mastercard, Livret A, Assurance habitation, Alerte SMS;Non;20700
C4702;55;Fonctionnaire;3890;Compte joint, Carte bancaire, Livret A;Non;36470
C4703;43;Employé;3235;Compte courant, Visa Classic, Assurance vie, Banque en ligne;Oui (Crédit immo);6570
C4704;72;Retraité;1982;Compte, Carte bancaire, Assurance vie;Non;16150
C4705;43;Entrepreneur local;4790;Compte, Mastercard Business, Compte sur livret;Oui (Crédit de trésorerie);33060
C4706;49;Indépendant;4756;Compte, Carte bancaire, Assurance vie, Banque en ligne;Oui (Crédit professionnel);29930
C4707;37;Fonctionnaire;2853;Compte premium, Visa Classic, Assurance vie;Non;36390
C4708;84;Retraité;1783;Compte joint, Carte senior, Livret A, Assurance vie;Non;17650
C4709;53;Sans emploi;1201;Compte courant, Carte bancaire, Compte sur livret;Non;0
C4710;57;Fonctionnaire;3429;Compte joint, Carte bancaire, Assurance vie;Non;8080
C4711;41;Employé;1701;Compte premium, Visa Classic, Banque en ligne;Non;10020
C4712;43;Artisan;4963;Compte courant, Carte bancaire, Assurance vie, Terminal de paiement;Non;30980
C4713;42;Employé;3310;Compte courant, Carte premium, Assurance vie;Non;4420
C4714;41;Employé;2074;Compte joint, Mastercard, Plan épargne logement, Assurance habitation;Oui (Crédit conso);7350
C4715;60;Entrepreneur local;8495;Compte, Visa Business, Compte sur livret, Carte pro, Banque en ligne;Non;30000
C4716;40;Employé;4093;Compte joint, Carte premium, Plan épargne logement, Assurance santé;Oui (Crédit auto);13890
C4717;73;Retraité;1827;Compte, Carte de retrait, Livret A;Non;32550
C4718;42;Employé;2079;Compte premium, Mastercard, Plan épargne logement, Assurance habitation;Non;7190
C4719;38;Employé;2226;Compte courant, Carte premium, Plan épargne logement, Alerte SMS;Oui (Crédit auto);10810
C4720;55;Entrepreneur local;8290;Compte pro, Visa Business, PEA, Virement instantané;Oui (Micro-crédit);33880
C4721;32;Entrepreneur local;3477;Compte courant, Carte pro, Compte sur livret;Oui (Crédit professionnel);16780
C4722;47;Sans emploi;886;Compte, Carte de retrait, Livret A;Non;1060
C4723;29;Employé;3499;Compte, Mastercard, Plan épargne logement;Oui (Crédit auto);11380
C4724;37;Employé;2362;Compte premium, Mastercard, LDDS, Assurance habitation;Oui (Crédit conso);14530
C4725;21;Étudiant;914;Compte d'épargne, Carte de retrait, Livret A, Banque en ligne;Non;390
C4726;26;Étudiant;1053;Compte d'épargne, Carte Jeune, Compte sur livret, Paiement sans contact;Oui (Crédit conso);990
C4727;56;Fonctionnaire;4049;Compte, Carte premium, LDDS, Assurance santé;Non;20160
C4728;21;Étudiant;684;Compte, Carte de retrait, Livret A;Oui (Crédit conso);840
C4729;41;Employé;3293;Compte premium, Carte premium, LDDS, Banque en ligne;Non;15150
C4730;49;Artisan;2884;Compte professionnel, Carte pro, PEA;Oui (Micro-crédit);10170
C4731;69;Retraité;2141;Compte joint, Carte bancaire, Assurance vie;Oui (Crédit auto);34200
C4732;50;Entrepreneur local;4559;Compte, Mastercard Business, Compte à terme, Banque en ligne;Oui (Crédit professionnel);18140
C4733;20;Étudiant;1105;Compte jeune, Carte de retrait, Livret A;Non;1330
C4734;24;Étudiant;559;Compte courant, Carte de retrait, Compte sur livret;Oui (Crédit conso);850
C4735;19;Étudiant;620;Compte jeune, Carte de retrait, Livret A, Paiement sans contact;Non;580
C4736;44;Fonctionnaire;2481;Compte, Mastercard, Livret A, Protection des moyens de paiement;Non;8860
C4737;40;Employé;2091;Compte premium, Carte premium, Plan épargne logement, Alerte SMS;Non;4860
C4738;70;Retraité;2395;Compte senior, Carte bancaire, Compte sur livret;Non;28700
C4739;31;Sans emploi;778;Compte courant, Carte bancaire, Compte sur livret, Paiement sans contact;Non;1220
C4740;46;Artisan;3059;Compte courant, Carte bancaire, Compte à terme;Oui (Micro-crédit);15010
C4741;43;Fonctionnaire;3201;Compte, Mastercard, Livret A;Non;16920
C4742;46;Employé;3493;Compte premium, Carte bancaire, Plan épargne logement, Alerte SMS;Oui (Crédit auto + Crédit conso);19540
C4743;34;Employé;3008;Compte joint, Visa Classic, Assurance vie;Oui (Crédit auto);10730
C4744;71;Retraité;2201;Compte, Carte senior, LDDS;Non;14500
C4745;21;Étudiant;724;Compte courant, Carte Jeune, Livret A;Non;0
C4746;47;Sans emploi;844;Compte courant, Carte de retrait, Livret A;Oui (Découvert autorisé);240
C4747;30;Employé;3035;Compte, Carte bancaire, LDDS;Oui (Crédit auto);8430
C4748;53;Fonctionnaire;4150;Compte courant, Carte bancaire, LDDS, Assurance santé;Non;16310
C4749;64;Retraité;2186;Compte courant, Carte de retrait, LDDS, Protection des moyens de paiement, Banque en ligne;Non;33050
C4750;50;Entrepreneur local;5450;Compte courant, Mastercard Business, Assurance vie;Oui (Crédit de trésorerie + Crédit professionnel);30390
C4751;74;Retraité;2142;Compte senior, Carte bancaire, Livret A, Protection des moyens de paiement;Non;18900
C4752;19;Étudiant;863;Compte, Carte bancaire, Compte sur livret, Paiement sans contact;Non;760
C4753;34;Employé;2511;Compte joint, Mastercard, Livret A;Oui (Crédit conso);10650
C4754;19;Étudiant;371;Compte d'épargne, Carte bancaire, Livret A, Paiement sans contact;Non;580
C4755;69;Retraité;2319;Compte, Carte de retrait, Assurance vie;Non;25410
C4756;45;Entrepreneur local;4203;Compte, Mastercard Business, PEA, Terminal de paiement;Non;21400
C4757;25;Étudiant;541;Compte courant, Carte bancaire, Compte sur livret, Alerte SMS;Non;830
C4758;50;Entrepreneur local;6787;Compte professionnel, Mastercard Business, PEA, Carte pro;Non;6920
C4759;21;Étudiant;651;Compte d'épargne, Carte bancaire, Livret A, Banque en ligne;Oui (Découvert autorisé);0
C4760;44;Fonctionnaire;2603;Compte premium, Visa Classic, LDDS, Assurance santé;Non;32230
C4761;34;Employé;2768;Compte joint, Carte premium, Livret A;Non;8140
C4762;78;Retraité;2177;Compte courant, Carte senior, Compte sur livret;Oui (Crédit auto);10880
C4763;29;Employé;3355;Compte joint, Mastercard, LDDS, Assurance santé;Non;12730
C4764;43;Employé;3063;Compte premium, Carte premium, LDDS;Non;20260
C4765;55;Indépendant;4627;Compte professionnel, Carte pro, Compte sur livret;Non;28050
C4766;53;Employé;2723;Compte courant, Mastercard, LDDS;Oui (Crédit immo);15590
C4767;46;Employé;3312;Compte joint, Carte bancaire, Assurance vie, Assurance habitation, Banque en ligne;Non;13260
C4768;50;Employé;4015;Compte premium, Visa Classic, LDDS;Oui (Crédit auto);18470
C4769;32;Cadre;3633;Compte joint, Mastercard Gold, LDDS;Non;42190
C4770;28;Employé;3052;Compte, Visa Classic, Plan épargne logement;Non;15870
C4771;77;Retraité;1205;Compte, Carte de retrait, Livret A, Assurance vie;Non;9550
C4772;24;Étudiant;760;Compte d'épargne, Carte bancaire, Livret A, Paiement sans contact;Non;720
C4773;54;Employé;2842;Compte, Visa Classic, LDDS;Non;6240
C4774;81;Retraité;1524;Compte, Carte de retrait, Livret A, Protection des moyens de paiement;Non;4580
C4775;48;Entrepreneur local;4798;Compte, Visa Business, PEA;Non;21850
C4776;51;Employé;1745;Compte premium, Carte premium;Oui (Crédit immo);4500
C4777;39;Fonctionnaire;4195;Compte courant, Mastercard, LDDS;Oui (Crédit conso);20860
C4778;25;Employé;2420;Compte courant, Visa Classic, LDDS, Protection des moyens de paiement;Oui (Crédit conso + Crédit immo);3650
C4779;31;Employé;3022;Compte, Mastercard, Livret A, Assurance habitation;Non;7670
C4780;51;Entrepreneur local;3277;Compte professionnel, Carte pro, Compte à terme, Banque en ligne;Non;16310
C4781;49;Entrepreneur local;6572;Compte courant, Mastercard Business, Compte à terme, Virement instantané;Oui (Crédit de trésorerie);24560
C4782;46;Employé;2142;Compte joint, Carte premium, Plan épargne logement, Assurance habitation;Non;7670
C4783;52;Artisan;1641;Compte, Visa Business, Compte sur livret, Terminal de paiement;Non;7840
C4784;41;Employé;3721;Compte joint, Carte bancaire, Plan épargne logement, Assurance habitation;Non;14730
C4785;44;Employé;3138;Compte premium, Carte premium, Plan épargne logement;Oui (Crédit conso);7440
C4786;27;Employé;1979;Compte courant, Visa Classic, Assurance vie, Assurance habitation;Non;8640
C4787;45;Employé;2534;Compte premium, Visa Classic, Livret A;Oui (Crédit auto);6210
C4788;26;Étudiant;661;Compte courant, Carte de retrait, Compte sur livret;Non;690
C4789;34;Sans emploi;876;Compte de base, Carte bancaire, Compte sur livret, Banque en ligne;Non;270
C4790;40;Employé;3856;Compte courant, Mastercard, LDDS, Assurance santé;Non;22360
C4791;46;Employé;3093;Compte courant, Carte premium, Assurance vie, Assurance santé, Alerte SMS;Oui (Crédit conso + Crédit immo);8560
C4792;45;Indépendant;4771;Compte, Carte bancaire, Compte sur livret;Non;38420
C4793;48;Employé;3305;Compte premium, Visa Classic, Plan épargne logement, Assurance santé;Non;5710
C4794;37;Employé;1607;Compte premium, Visa Classic, Assurance vie, Assurance santé, Alerte SMS;Non;10260
C4795;32;Sans emploi;1194;Compte, Carte bancaire, Compte sur livret;Non;1740
C4796;49;Employé;3057;Compte, Mastercard, LDDS, Assurance habitation, Alerte SMS;Non;11770
C4797;81;Retraité;1292;Compte courant, Carte de retrait, Assurance vie;Non;10300
C4798;69;Retraité;1221;Compte, Carte bancaire, Compte sur livret;Non;14930
C4799;48;Fonctionnaire;3073;Compte courant, Mastercard, LDDS, Assurance santé;Oui (Crédit auto);20780
C4800;41;Cadre;4307;Compte, Mastercard Gold, PEA, Assurance habitation;Non;46450
C4801;37;Employé;2591;Compte courant, Visa Classic, LDDS, Assurance habitation;Non;13810
C4802;63;Retraité;2330;Compte courant, Carte de retrait, Assurance vie;Non;37960
C4803;18;Étudiant;731;Compte courant, Carte de retrait, Compte sur livret;Non;700
C4804;49;Entrepreneur local;4538;Compte courant, Visa Business, Assurance vie, Carte pro;Oui (Micro-crédit);20030
C4805;44;Fonctionnaire;2301;Compte premium, Carte bancaire, LDDS;Non;16960
C4806;79;Retraité;2131;Compte courant, Carte de retrait, Assurance vie;Non;32360
C4807;37;Employé;3007;Compte joint, Mastercard, LDDS, Banque en ligne;Oui (Crédit conso);15360
C4808;18;Étudiant;1014;Compte d'épargne, Carte de retrait, Compte sur livret, Banque en ligne;Non;1100
C4809;37;Employé;2695;Compte, Carte premium, Plan épargne logement, Banque en ligne;Non;10660
C4810;41;Entrepreneur local;4148;Compte, Visa Business, Compte sur livret, Carte pro, Virement instantané;Non;24880
C4811;35;Employé;2062;Compte premium, Mastercard, Assurance vie;Non;8020
C4812;52;Entrepreneur local;3171;Compte, Carte pro, Assurance vie, Terminal de paiement;Non;14590
C4813;44;Artisan;5790;Compte, Visa Business, Compte sur livret, Virement instantané;Oui (Crédit professionnel);8010
C4814;49;Fonctionnaire;3391;Compte, Carte premium, LDDS, Protection des moyens de paiement;Non;35230
C4815;69;Retraité;1832;Compte senior, Carte de retrait, Livret A;Oui (Crédit santé);29870
C4816;52;Entrepreneur local;8773;Compte, Mastercard Business, Compte à terme;Oui (Crédit de trésorerie);48270
C4817;49;Artisan;3169;Compte courant, Carte pro, Compte à terme;Non;17430
C4818;43;Fonctionnaire;3718;Compte joint, Visa Classic, LDDS;Non;15080
C4819;52;Employé;2692;Compte courant, Visa Classic, Livret A;Non;4570
C4820;45;Artisan;4676;Compte professionnel, Visa Business, Compte sur livret, Banque en ligne;Non;18180
C4821;36;Employé;3605;Compte joint, Carte premium, Assurance vie;Non;16910
C4822;29;Employé;1929;Compte courant, Visa Classic, Livret A, Protection des moyens de paiement;Non;8850
C4823;20;Étudiant;917;Compte d'épargne, Carte bancaire, Livret A, Banque en ligne;Non;430
C4824;82;Retraité;1593;Compte senior, Carte de retrait, Compte sur livret, Assurance santé, Alerte SMS;Non;15830
C4825;26;Sans emploi;1112;Compte, Carte de retrait, Livret A, Paiement sans contact;Oui (Découvert autorisé);0
C4826;34;Employé;2720;Compte joint, Mastercard, Assurance vie, Alerte SMS;Non;15050
C4827;43;Employé;1469;Compte joint, Carte premium, Plan épargne logement;Non;5720
C4828;73;Retraité;1967;Compte senior, Carte senior, Livret A, Protection des moyens de paiement;Non;19210
C4829;46;Employé;2864;Compte premium, Carte bancaire, Plan épargne logement, Banque en ligne;Non;16720
C4830;55;Employé;3528;Compte joint, Visa Classic, Plan épargne logement;Non;13930
C4831;52;Fonctionnaire;2545;Compte premium, Mastercard, Livret A;Non;21560
C4832;26;Fonctionnaire;3754;Compte, Carte premium, Plan épargne logement;Oui (Crédit immo);28940
C4833;47;Artisan;4355;Compte courant, Carte bancaire, Compte sur livret, Carte pro;Non;23860
C4834;48;Commerçant;4544;Compte, Visa Business, Compte à terme;Non;15720
C4835;30;Artisan;5344;Compte courant, Carte bancaire, Compte à terme, Banque en ligne;Oui (Micro-crédit);7490
C4836;63;Commerçant;5532;Compte professionnel, Carte pro, Compte à terme;Oui (Crédit de trésorerie);36700
C4837;56;Sans emploi;853;Compte de base, Carte bancaire, Livret A, Paiement sans contact;Non;1170
C4838;66;Retraité;1789;Compte senior, Carte bancaire, LDDS;Non;18850
C4839;26;Étudiant;787;Compte jeune, Carte Jeune, Livret A;Non;500
C4840;43;Employé;3269;Compte joint, Carte premium, LDDS;Non;15900
C4841;26;Employé;2074;Compte joint, Mastercard, LDDS, Assurance santé;Non;14080
C4842;40;Employé;2883;Compte courant, Carte bancaire, Livret A;Non;11490
C4843;37;Fonctionnaire;3599;Compte courant, Carte premium, LDDS, Protection des moyens de paiement;Non;35820
C4844;39;Employé;2118;Compte joint, Visa Classic, Plan épargne logement, Assurance habitation;Oui (Crédit immo);3040
C4845;37;Employé;2543;Compte, Mastercard, Plan épargne logement, Assurance habitation;Non;9320
C4846;47;Employé;2752;Compte, Visa Classic, Plan épargne logement, Alerte SMS;Non;12380
C4847;58;Artisan;2342;Compte courant, Carte bancaire, Compte à terme, Carte pro;Non;19670
C4848;60;Entrepreneur local;8008;Compte, Carte pro, PEA, Virement instantané;Oui (Crédit de trésorerie);36770
C4849;82;Retraité;1601;Compte joint, Carte de retrait, Protection des moyens de paiement;Non;27080
C4850;30;Entrepreneur local;2962;Compte professionnel, Mastercard Business, Compte à terme, Carte pro, Virement instantané;Non;17380
C4851;32;Employé;1649;Compte joint, Carte bancaire, LDDS;Oui (Crédit conso);7910
C4852;33;Fonctionnaire;2167;Compte courant, Carte bancaire, Livret A, Alerte SMS;Non;11920
C4853;36;Cadre;6589;Compte premium, Carte premium, Assurance vie, Protection des moyens de paiement, Alerte SMS;Non;74660
C4854;43;Sans emploi;1092;Compte courant, Carte de retrait, Compte sur livret;Non;1220
C4855;35;Sans emploi;1156;Compte, Carte bancaire;Non;120
C4856;32;Commerçant;5041;Compte courant, Visa Business, Compte à terme;Non;48060
C4857;28;Employé;4238;Compte, Visa Classic, Livret A, Assurance santé;Non;24620
C4858;43;Employé;3332;Compte, Carte bancaire, Livret A, Banque en ligne;Non;4480
C4859;43;Cadre;6014;Compte joint, Visa Gold, Plan épargne logement, Assurance habitation;Non;38130
C4860;29;Employé;2626;Compte courant, Mastercard, LDDS;Non;19920
C4861;21;Étudiant;726;Compte d'épargne, Carte bancaire, Compte sur livret;Non;770
C4862;48;Fonctionnaire;4347;Compte courant, Carte bancaire, Plan épargne logement, Assurance habitation;Oui (Crédit auto);27980
C4863;22;Étudiant;1035;Compte d'épargne, Carte Jeune, Livret A;Non;680
C4864;31;Artisan;2910;Compte pro, Carte bancaire, Compte à terme, Carte pro;Oui (Crédit professionnel + Micro-crédit);9010
C4865;51;Fonctionnaire;3082;Compte courant, Mastercard, Plan épargne logement, Protection des moyens de paiement;Non;29490
C4866;64;Retraité;2566;Compte joint, Carte bancaire, Compte sur livret, Assurance santé;Non;28160
C4867;46;Cadre;6587;Compte courant, Mastercard Gold, PEA, Alerte SMS;Oui (Crédit auto);28890
C4868;55;Entrepreneur local;3577;Compte courant, Carte pro, PEA, Banque en ligne;Non;20550
C4869;38;Employé;2716;Compte premium, Carte premium, Assurance vie;Oui (Crédit immo);7310
C4870;28;Sans emploi;1197;Compte de base, Carte bancaire;Non;530
C4871;39;Indépendant;4204;Compte professionnel, Visa Business, Assurance vie, Banque en ligne, Virement instantané;Non;21210
C4872;70;Retraité;2836;Compte senior, Carte de retrait, Assurance vie, Assurance santé;Oui (Crédit conso);24130
C4873;23;Étudiant;517;Compte d'épargne, Carte bancaire, Compte sur livret, Alerte SMS;Non;530
C4874;31;Fonctionnaire;3549;Compte, Mastercard, LDDS;Non;46770
C4875;52;Employé;4175;Compte joint, Visa Classic, LDDS, Paiement sans contact;Oui (Crédit immo);16700
C4876;60;Retraité;2832;Compte, Carte bancaire, Livret A, Protection des moyens de paiement;Non;34220
C4877;42;Cadre;6410;Compte, Carte bancaire, PEA, Assurance habitation;Non;26450
C4878;63;Retraité;2282;Compte courant, Carte bancaire, Assurance vie, Banque en ligne;Non;22540
C4879;38;Artisan;5103;Compte, Carte bancaire, Compte sur livret;Non;22620
C4880;46;Artisan;5313;Compte courant, Visa Business, Assurance vie, Carte pro;Oui (Crédit professionnel);24460
C4881;38;Employé;3052;Compte joint, Mastercard, LDDS, Protection des moyens de paiement;Non;12230
C4882;33;Entrepreneur local;6084;Compte, Mastercard Business, Assurance vie, Terminal de paiement;Oui (Micro-crédit);23680
C4883;30;Sans emploi;957;Compte de base, Carte bancaire, Banque en ligne;Non;1580
C4884;24;Fonctionnaire;4140;Compte, Visa Classic, Assurance vie;Oui (Crédit conso);44400
C4885;43;Employé;2848;Compte, Visa Classic, LDDS, Assurance habitation;Oui (Crédit conso);8000
C4886;48;Entrepreneur local;2896;Compte, Visa Business, PEA, Virement instantané;Oui (Micro-crédit);10450
C4887;67;Retraité;2114;Compte joint, Carte bancaire, Compte sur livret;Non;3490
C4888;40;Employé;2376;Compte, Carte premium, Assurance vie;Non;8590
C4889;38;Commerçant;4266;Compte, Carte pro, PEA;Non;25040
C4890;42;Employé;2672;Compte, Carte bancaire, Assurance vie, Protection des moyens de paiement;Non;15750
C4891;53;Fonctionnaire;2932;Compte courant, Visa Classic, Livret A;Oui (Crédit auto);18430
C4892;85;Retraité;1954;Compte courant, Carte de retrait, Compte sur livret, Assurance vie;Non;19030
C4893;66;Retraité;1735;Compte courant, Carte de retrait, Assurance vie, Protection des moyens de paiement;Non;10570
C4894;52;Artisan;3863;Compte pro, Visa Business, Assurance vie;Non;27560
C4895;38;Employé;2204;Compte courant, Visa Classic, LDDS;Non;11540
C4896;49;Entrepreneur local;4436;Compte professionnel, Visa Business, Compte sur livret;Non;26730
C4897;42;Fonctionnaire;3485;Compte premium, Visa Classic, Assurance vie, Paiement sans contact;Non;18690
C4898;36;Sans emploi;1280;Compte, Carte bancaire, Compte sur livret;Non;530
C4899;48;Employé;2431;Compte courant, Carte bancaire, Assurance vie, Banque en ligne;Oui (Crédit immo);11910
C4900;50;Entrepreneur local;5650;Compte, Mastercard Business, PEA, Virement instantané;Non;42110
C4901;44;Employé;2506;Compte premium, Carte bancaire, Livret A, Assurance santé;Oui (Crédit immo);4800
C4902;41;Employé;3919;Compte, Visa Classic, Plan épargne logement;Non;19500
C4903;39;Employé;2752;Compte courant, Carte premium, LDDS;Non;9800
C4904;20;Étudiant;967;Compte jeune, Carte bancaire, Livret A, Banque en ligne;Non;2130
C4905;84;Retraité;1736;Compte joint, Carte de retrait, Livret A;Non;27730
C4906;47;Commerçant;5060;Compte courant, Carte pro, Compte à terme, Terminal de paiement;Oui (Micro-crédit + Crédit de trésorerie);24310
C4907;47;Artisan;4409;Compte, Carte pro, Compte à terme, Terminal de paiement;Non;32920
C4908;49;Employé;2645;Compte premium, Visa Classic, Livret A, Protection des moyens de paiement;Non;16560
C4909;74;Retraité;1733;Compte courant, Carte senior, LDDS, Banque en ligne;Non;3180
C4910;19;Étudiant;1100;Compte, Carte bancaire, Livret A, Alerte SMS;Non;560
C4911;50;Employé;3306;Compte premium, Mastercard, Plan épargne logement, Assurance santé;Non;5800
C4912;33;Sans emploi;850;Compte de base, Carte bancaire, Livret A, Paiement sans contact;Non;1130
C4913;40;Employé;3848;Compte, Carte premium, Assurance vie, Protection des moyens de paiement;Oui (Crédit auto);14240
C4914;40;Fonctionnaire;3413;Compte, Carte bancaire, Assurance vie, Assurance santé;Non;43500
C4915;85;Retraité;2140;Compte senior, Carte bancaire, Compte sur livret;Oui (Crédit conso);19080
C4916;49;Employé;4269;Compte, Carte premium, Assurance vie, Protection des moyens de paiement;Non;32570
C4917;46;Sans emploi;755;Compte courant, Carte de retrait, Compte sur livret, Alerte SMS;Non;770
C4918;46;Cadre;6101;Compte, Carte premium, Livret A;Oui (Crédit immo);74980
C4919;66;Retraité;1469;Compte senior, Carte de retrait, Livret A, Assurance santé, Banque en ligne;Non;12080
C4920;29;Fonctionnaire;4076;Compte, Carte premium, LDDS;Non;30280
C4921;26;Fonctionnaire;4239;Compte joint, Carte bancaire, Assurance vie, Alerte SMS;Non;27930
C4922;30;Employé;2436;Compte joint, Carte bancaire, Livret A;Non;3950
C4923;68;Retraité;1667;Compte courant, Carte senior, LDDS, Assurance santé;Non;17130
C4924;44;Employé;2238;Compte joint, Carte bancaire, Livret A, Protection des moyens de paiement;Oui (Crédit immo + Crédit auto);4940
C4925;39;Fonctionnaire;3816;Compte courant, Carte premium, LDDS;Oui (Crédit conso);41960
C4926;40;Employé;2651;Compte joint, Mastercard, Assurance vie, Protection des moyens de paiement;Oui (Crédit conso);14120
C4927;75;Retraité;2185;Compte senior, Carte de retrait, Assurance vie;Non;17790
C4928;45;Fonctionnaire;4670;Compte, Carte premium, Assurance vie, Protection des moyens de paiement;Oui (Crédit immo);36150
C4929;47;Sans emploi;712;Compte, Carte bancaire, Compte sur livret, Alerte SMS;Non;940
C4930;26;Étudiant;1034;Compte courant, Carte Jeune;Non;1740
C4931;19;Étudiant;1001;Compte courant, Carte de retrait, Livret A, Banque en ligne;Non;310
C4932;49;Entrepreneur local;4428;Compte professionnel, Visa Business, Assurance vie;Non;12030
C4933;31;Employé;4149;Compte, Mastercard, Livret A, Assurance santé;Non;21500
C4934;40;Fonctionnaire;4316;Compte courant, Carte bancaire, Assurance vie, Assurance santé, Banque en ligne;Non;49040
C4935;26;Étudiant;773;Compte d'épargne, Carte de retrait, Livret A, Alerte SMS;Non;460
C4936;53;Employé;2856;Compte courant, Carte bancaire, Assurance vie;Non;13060
C4937;18;Étudiant;1035;Compte d'épargne, Carte de retrait;Oui (Crédit conso);1260
C4938;43;Commerçant;2869;Compte professionnel, Mastercard Business, PEA;Oui (Crédit professionnel);23750
C4939;37;Employé;3050;Compte joint, Mastercard, Livret A;Oui (Crédit conso);10890
C4940;34;Artisan;4346;Compte, Carte pro, Assurance vie;Non;32920
C4941;28;Fonctionnaire;3760;Compte premium, Mastercard, Plan épargne logement, Banque en ligne;Non;27460
C4942;54;Sans emploi;856;Compte courant, Carte bancaire, Livret A;Non;830
C4943;58;Artisan;4944;Compte courant, Carte pro, Compte sur livret;Oui (Crédit véhicule);12460
C4944;51;Artisan;5062;Compte pro, Visa Business, PEA, Virement instantané;Non;20890
C4945;61;Retraité;2292;Compte joint, Carte de retrait, Compte sur livret, Assurance santé;Non;28070
C4946;42;Commerçant;4496;Compte pro, Carte pro, Compte sur livret;Non;20620
C4947;54;Fonctionnaire;3094;Compte premium, Visa Classic, Assurance vie, Assurance santé;Oui (Crédit conso);17440
C4948;35;Employé;3687;Compte, Carte premium, Livret A, Protection des moyens de paiement;Oui (Crédit immo);17300
C4949;37;Fonctionnaire;2532;Compte courant, Visa Classic, Livret A, Assurance santé;Oui (Crédit immo);10330
C4950;52;Employé;2848;Compte premium, Carte bancaire, Livret A;Non;10470
C4951;60;Retraité;2433;Compte, Carte de retrait, Livret A, Assurance santé;Non;41790
C4952;39;Entrepreneur local;8014;Compte courant, Visa Business, PEA;Non;75720
C4953;39;Employé;2553;Compte premium, Carte bancaire, Assurance vie, Alerte SMS;Oui (Crédit immo);12400
C4954;35;Employé;1916;Compte premium, Carte premium, LDDS, Banque en ligne;Oui (Crédit conso);8740
C4955;40;Commerçant;4204;Compte courant, Visa Business, PEA, Banque en ligne, Virement instantané;Non;49060
C4956;36;Fonctionnaire;3734;Compte joint, Carte bancaire, LDDS;Oui (Crédit auto);31510
C4957;33;Sans emploi;930;Compte, Carte bancaire, Livret A;Oui (Crédit conso);1390
C4958;31;Employé;2670;Compte courant, Carte bancaire, Livret A;Non;10490
C4959;29;Cadre;7066;Compte, Carte premium, Livret A;Non;97620
C4960;31;Fonctionnaire;3664;Compte joint, Mastercard, Plan épargne logement;Non;24460
C4961;19;Étudiant;503;Compte, Carte Jeune;Non;720
C4962;21;Étudiant;654;Compte d'épargne, Carte Jeune;Non;880
C4963;25;Étudiant;578;Compte jeune, Carte Jeune, Livret A, Paiement sans contact;Oui (Découvert autorisé);780
C4964;49;Fonctionnaire;3624;Compte premium, Carte premium, Plan épargne logement, Protection des moyens de paiement;Non;45490
C4965;48;Cadre;3545;Compte courant, Mastercard Gold, PEA, Assurance santé;Non;27960
C4966;22;Étudiant;642;Compte courant, Carte Jeune;Non;700
C4967;36;Employé;2237;Compte joint, Mastercard, Assurance vie, Alerte SMS;Non;17400
C4968;40;Cadre;6901;Compte premium, Visa Gold, Assurance vie;Non;38170
C4969;33;Employé;3234;Compte, Carte bancaire, LDDS;Oui (Crédit conso + Crédit auto);14460
C4970;43;Artisan;4716;Compte pro, Visa Business, Assurance vie;Non;28930
C4971;33;Fonctionnaire;4073;Compte, Visa Classic, Livret A;Oui (Crédit conso);20460
C4972;28;Employé;3235;Compte, Carte premium, Livret A, Protection des moyens de paiement, Paiement sans contact;Oui (Crédit immo);11260
C4973;50;Cadre;5976;Compte courant, Visa Gold, Assurance vie;Non;103050
C4974;65;Retraité;3007;Compte senior, Carte de retrait, Livret A, Protection des moyens de paiement;Non;41900
C4975;60;Entrepreneur local;5790;Compte courant, Visa Business, Compte sur livret, Terminal de paiement;Non;22450
C4976;48;Cadre;7145;Compte joint, Mastercard Gold, Livret A;Non;77590
C4977;40;Sans emploi;1157;Compte courant, Carte bancaire, Livret A;Non;1810
C4978;77;Retraité;1228;Compte joint, Carte de retrait, Assurance vie, Protection des moyens de paiement;Non;14750
C4979;25;Étudiant;707;Compte d'épargne, Carte bancaire, Livret A, Banque en ligne;Non;800
C4980;35;Employé;2467;Compte courant, Visa Classic, LDDS, Assurance santé;Non;4540
C4981;27;Sans emploi;889;Compte de base, Carte bancaire, Livret A;Non;940
C4982;68;Retraité;2805;Compte senior, Carte senior, LDDS, Assurance santé, Banque en ligne;Oui (Crédit santé);40240
C4983;34;Employé;3213;Compte premium, Carte bancaire, Assurance vie;Non;9050
C4984;47;Artisan;5010;Compte professionnel, Carte pro, Compte à terme, Terminal de paiement;Oui (Crédit véhicule);27930
C4985;47;Sans emploi;614;Compte courant, Carte bancaire, Compte sur livret;Oui (Micro-crédit);410
C4986;50;Entrepreneur local;2106;Compte courant, Carte pro, Compte sur livret, Terminal de paiement;Oui (Crédit de trésorerie);11320
C4987;41;Fonctionnaire;3044;Compte premium, Visa Classic, Livret A;Non;10370
C4988;47;Employé;2088;Compte courant, Visa Classic, Assurance vie;Non;11410
C4989;43;Commerçant;3139;Compte professionnel, Mastercard Business, Assurance vie, Terminal de paiement;Non;15150
C4990;39;Fonctionnaire;2636;Compte, Mastercard, Assurance vie, Banque en ligne;Non;31820
C4991;29;Employé;2883;Compte joint, Carte premium, Assurance vie, Assurance habitation;Non;10080
C4992;24;Étudiant;521;Compte jeune, Carte bancaire, Livret A, Paiement sans contact;Non;600
C4993;51;Entrepreneur local;6352;Compte pro, Visa Business, Compte à terme;Oui (Micro-crédit);41690
C4994;48;Fonctionnaire;3625;Compte courant, Carte premium, LDDS, Protection des moyens de paiement;Non;21790
C4995;34;Entrepreneur local;6738;Compte courant, Mastercard Business, Assurance vie, Terminal de paiement;Non;24010
C4996;42;Entrepreneur local;3353;Compte courant, Carte pro, PEA, Virement instantané, Banque en ligne;Non;20230
C4997;60;Retraité;2034;Compte joint, Carte senior, Assurance vie;Oui (Crédit conso);14580
C4998;33;Fonctionnaire;2912;Compte joint, Carte premium, Livret A, Assurance habitation;Oui (Crédit conso);24570
C4999;45;Cadre;6959;Compte premium, Visa Gold, Livret A, Assurance habitation;Oui (Crédit auto);58620
C5000;37;Employé;2510;Compte joint, Carte bancaire, Assurance vie, Assurance habitation;Non;14190
C5001;75;Retraité;2213;Compte senior, Carte senior, Livret A, Protection des moyens de paiement;Non;22370
C5002;38;Sans emploi;874;Compte de base, Carte de retrait, Livret A;Non;1240
C5003;46;Artisan;4372;Compte courant, Visa Business, Assurance vie;Non;35130
C5004;67;Retraité;2843;Compte, Carte bancaire, Assurance vie, Assurance santé;Non;31370
C5005;42;Employé;3517;Compte premium, Carte premium, Assurance vie;Oui (Crédit immo);18880
C5006;50;Fonctionnaire;2702;Compte premium, Carte bancaire, Plan épargne logement;Non;22940
C5007;41;Sans emploi;930;Compte, Carte bancaire, Compte sur livret, Banque en ligne;Non;390
C5008;35;Fonctionnaire;4035;Compte, Mastercard, Assurance vie, Protection des moyens de paiement;Oui (Crédit auto);12660
C5009;52;Employé;2912;Compte joint, Visa Classic, Assurance vie;Non;16650
C5010;46;Employé;2635;Compte courant, Carte premium, Livret A, Assurance habitation, Banque en ligne;Oui (Crédit immo);4920
C5011;53;Artisan;4601;Compte, Carte bancaire, Assurance vie, Terminal de paiement;Non;28710
C5012;43;Employé;4380;Compte premium, Carte bancaire, Assurance vie, Protection des moyens de paiement;Oui (Crédit immo);27560
